sample,spread_bucket,model,target_train_signal_fraction,achieved_train_signal_fraction,test_signal_fraction,confidence_cutoff,latency_us,train_first_date,train_last_date,test_first_date,test_last_date,train_signals,test_signals,selected_test_signals,executable_test_signals,stale_fraction,buy_fraction,direction_roc_auc,direction_accuracy,direction_log_loss,direction_brier_score,direction_baseline_brier_score,direction_clusters,direction_replicates,direction_relative_brier_reduction,direction_relative_brier_reduction_lower_95,direction_relative_brier_reduction_median,direction_relative_brier_reduction_upper_95,direction_probability_nonpositive,intercept,queue_coefficient,ofi_coefficient,clusters,replicates,gross_midpoint_markout_mean_bps,half_spread_mean_bps,net_markout_mean_bps,net_markout_lower_95_bps,net_markout_median_bps,net_markout_upper_95_bps,probability_net_nonpositive
best_quote_updates,all_spreads,ofi,0.05,0.05961910763534798,0.0641286693903604,0.2503986850796065,0,2019-01-02,2019-10-17,2019-10-18,2019-12-31,21844859,5489604,352041,352041,0.0,0.4364946128433904,0.6161326269477502,0.5682584754747337,0.663646926899389,0.23600239964437783,0.2500223363047674,51,10000,0.05607473663192952,0.053296006761765116,0.05606887809067751,0.0586272663458531,0.0,-0.006306315607606131,,2.4233882986523203,51,10000,0.3794163808521202,1.4332869102351466,-1.0538705293830264,-1.144046288310439,-1.0522907359776932,-0.9762249265658539,1.0
best_quote_updates,all_spreads,ofi,0.05,0.05961910763534798,0.0641286693903604,0.2503986850796065,10,2019-01-02,2019-10-17,2019-10-18,2019-12-31,21844859,5489604,352041,239271,0.32033200678330076,0.41417054302443673,0.6161326269477502,0.5682584754747337,0.663646926899389,0.23600239964437783,0.2500223363047674,51,10000,0.05607473663192952,0.053296006761765116,0.05606887809067751,0.0586272663458531,0.0,-0.006306315607606131,,2.4233882986523203,51,10000,0.31224840745776,1.4940986391055064,-1.1818502316477464,-1.2861595761514808,-1.1804203087249452,-1.091673120354169,1.0
best_quote_updates,all_spreads,ofi,0.05,0.05961910763534798,0.0641286693903604,0.2503986850796065,100,2019-01-02,2019-10-17,2019-10-18,2019-12-31,21844859,5489604,352041,145018,0.5880650265167977,0.3937166420720186,0.6161326269477502,0.5682584754747337,0.663646926899389,0.23600239964437783,0.2500223363047674,51,10000,0.05607473663192952,0.053296006761765116,0.05606887809067751,0.0586272663458531,0.0,-0.006306315607606131,,2.4233882986523203,51,10000,0.13604534120039083,1.6434554075330217,-1.5074100663326306,-1.6496909075492467,-1.5047936506291195,-1.3854026293218287,1.0
best_quote_updates,all_spreads,ofi,0.05,0.05961910763534798,0.0641286693903604,0.2503986850796065,1000,2019-01-02,2019-10-17,2019-10-18,2019-12-31,21844859,5489604,352041,97582,0.7228106953451445,0.37191285278022584,0.6161326269477502,0.5682584754747337,0.663646926899389,0.23600239964437783,0.2500223363047674,51,10000,0.05607473663192952,0.053296006761765116,0.05606887809067751,0.0586272663458531,0.0,-0.006306315607606131,,2.4233882986523203,51,10000,0.046984788841642096,1.7090351320995458,-1.662050343257904,-1.7941736319932087,-1.6602266936836318,-1.5466859930912435,1.0
best_quote_updates,all_spreads,ofi,0.05,0.05961910763534798,0.0641286693903604,0.2503986850796065,10000,2019-01-02,2019-10-17,2019-10-18,2019-12-31,21844859,5489604,352041,74510,0.7883485162239625,0.3667292980807945,0.6161326269477502,0.5682584754747337,0.663646926899389,0.23600239964437783,0.2500223363047674,51,10000,0.05607473663192952,0.053296006761765116,0.05606887809067751,0.0586272663458531,0.0,-0.006306315607606131,,2.4233882986523203,51,10000,0.024836732240015598,1.6681401805821316,-1.643303448342116,-1.7562244346771987,-1.6422445342226988,-1.5381692270812168,1.0
best_quote_updates,all_spreads,ofi,0.1,0.11525769060811974,0.11497149885492651,0.18741128760775233,0,2019-01-02,2019-10-17,2019-10-18,2019-12-31,21844859,5489604,631148,631148,0.0,0.4533247352443484,0.6161326269477502,0.5682584754747337,0.663646926899389,0.23600239964437783,0.2500223363047674,51,10000,0.05607473663192952,0.053296006761765116,0.05606887809067751,0.0586272663458531,0.0,-0.006306315607606131,,2.4233882986523203,51,10000,0.3167756928892782,1.5443779861990277,-1.2276022933097495,-1.3346050293536895,-1.2262612013293217,-1.131733338857987,1.0
best_quote_updates,all_spreads,ofi,0.1,0.11525769060811974,0.11497149885492651,0.18741128760775233,10,2019-01-02,2019-10-17,2019-10-18,2019-12-31,21844859,5489604,631148,479045,0.24099418836786302,0.4419000302685551,0.6161326269477502,0.5682584754747337,0.663646926899389,0.23600239964437783,0.2500223363047674,51,10000,0.05607473663192952,0.053296006761765116,0.05606887809067751,0.0586272663458531,0.0,-0.006306315607606131,,2.4233882986523203,51,10000,0.2572818589317646,1.6117069416784269,-1.3544250827466622,-1.4758975009445212,-1.3528826133632599,-1.2472739922735434,1.0
best_quote_updates,all_spreads,ofi,0.1,0.11525769060811974,0.11497149885492651,0.18741128760775233,100,2019-01-02,2019-10-17,2019-10-18,2019-12-31,21844859,5489604,631148,329327,0.47820954831513374,0.434780628372408,0.6161326269477502,0.5682584754747337,0.663646926899389,0.23600239964437783,0.2500223363047674,51,10000,0.05607473663192952,0.053296006761765116,0.05606887809067751,0.0586272663458531,0.0,-0.006306315607606131,,2.4233882986523203,51,10000,0.126199973283771,1.7493480601666713,-1.6231480868829002,-1.7741030344774924,-1.6204336897112595,-1.490272459713147,1.0
best_quote_updates,all_spreads,ofi,0.1,0.11525769060811974,0.11497149885492651,0.18741128760775233,1000,2019-01-02,2019-10-17,2019-10-18,2019-12-31,21844859,5489604,631148,238357,0.6223437292045606,0.4276736156269797,0.6161326269477502,0.5682584754747337,0.663646926899389,0.23600239964437783,0.2500223363047674,51,10000,0.05607473663192952,0.053296006761765116,0.05606887809067751,0.0586272663458531,0.0,-0.006306315607606131,,2.4233882986523203,51,10000,0.06729589744077366,1.8100966878464422,-1.7428007904056684,-1.8891983387295979,-1.7403820655497322,-1.611287362948549,1.0
best_quote_updates,all_spreads,ofi,0.1,0.11525769060811974,0.11497149885492651,0.18741128760775233,10000,2019-01-02,2019-10-17,2019-10-18,2019-12-31,21844859,5489604,631148,185741,0.7057092789646802,0.4307557297527202,0.6161326269477502,0.5682584754747337,0.663646926899389,0.23600239964437783,0.2500223363047674,51,10000,0.05607473663192952,0.053296006761765116,0.05606887809067751,0.0586272663458531,0.0,-0.006306315607606131,,2.4233882986523203,51,10000,0.054334289371557806,1.7575644372687413,-1.7032301478971834,-1.8300740866532903,-1.7019815981503765,-1.5865737629307555,1.0
best_quote_updates,all_spreads,ofi,0.2,0.211661791911772,0.19577568800955406,0.116649059183355,0,2019-01-02,2019-10-17,2019-10-18,2019-12-31,21844859,5489604,1074731,1074731,0.0,0.4583965662105215,0.6161326269477502,0.5682584754747337,0.663646926899389,0.23600239964437783,0.2500223363047674,51,10000,0.05607473663192952,0.053296006761765116,0.05606887809067751,0.0586272663458531,0.0,-0.006306315607606131,,2.4233882986523203,51,10000,0.26473517902100285,1.697409066246268,-1.4326738872252651,-1.5576794226148953,-1.430880883259992,-1.3169174862960902,1.0
best_quote_updates,all_spreads,ofi,0.2,0.211661791911772,0.19577568800955406,0.116649059183355,10,2019-01-02,2019-10-17,2019-10-18,2019-12-31,21844859,5489604,1074731,879547,0.1816119568524589,0.4510151248313052,0.6161326269477502,0.5682584754747337,0.663646926899389,0.23600239964437783,0.2500223363047674,51,10000,0.05607473663192952,0.053296006761765116,0.05606887809067751,0.0586272663458531,0.0,-0.006306315607606131,,2.4233882986523203,51,10000,0.21569380192808912,1.7686880985995017,-1.5529942966714128,-1.689338310308143,-1.5512269516492945,-1.4264371239217513,1.0
best_quote_updates,all_spreads,ofi,0.2,0.211661791911772,0.19577568800955406,0.116649059183355,100,2019-01-02,2019-10-17,2019-10-18,2019-12-31,21844859,5489604,1074731,658565,0.38722805985869957,0.4467349464365704,0.6161326269477502,0.5682584754747337,0.663646926899389,0.23600239964437783,0.2500223363047674,51,10000,0.05607473663192952,0.053296006761765116,0.05606887809067751,0.0586272663458531,0.0,-0.006306315607606131,,2.4233882986523203,51,10000,0.11824260885645663,1.9060071026280816,-1.7877644937716253,-1.9443523243230523,-1.7854037698594967,-1.6419335327488833,1.0
best_quote_updates,all_spreads,ofi,0.2,0.211661791911772,0.19577568800955406,0.116649059183355,1000,2019-01-02,2019-10-17,2019-10-18,2019-12-31,21844859,5489604,1074731,497390,0.5371958192329057,0.44302860934075877,0.6161326269477502,0.5682584754747337,0.663646926899389,0.23600239964437783,0.2500223363047674,51,10000,0.05607473663192952,0.053296006761765116,0.05606887809067751,0.0586272663458531,0.0,-0.006306315607606131,,2.4233882986523203,51,10000,0.07595548504893193,1.970050183375588,-1.894094698326656,-2.0471081833975586,-1.8915642956768721,-1.7511210156358683,1.0
best_quote_updates,all_spreads,ofi,0.2,0.211661791911772,0.19577568800955406,0.116649059183355,10000,2019-01-02,2019-10-17,2019-10-18,2019-12-31,21844859,5489604,1074731,386984,0.6399247811778017,0.44945269055051373,0.6161326269477502,0.5682584754747337,0.663646926899389,0.23600239964437783,0.2500223363047674,51,10000,0.05607473663192952,0.053296006761765116,0.05606887809067751,0.0586272663458531,0.0,-0.006306315607606131,,2.4233882986523203,51,10000,0.06688608387620981,1.9008984371560373,-1.8340123532798274,-1.97013217603053,-1.83240609734345,-1.7052253725083824,1.0
best_quote_updates,all_spreads,ofi,1.0,1.0,1.0,0.0,0,2019-01-02,2019-10-17,2019-10-18,2019-12-31,21844859,5489604,5489604,5489604,0.0,0.16319847478980268,0.6161326269477502,0.5682584754747337,0.663646926899389,0.23600239964437783,0.2500223363047674,51,10000,0.05607473663192952,0.053296006761765116,0.05606887809067751,0.0586272663458531,0.0,-0.006306315607606131,,2.4233882986523203,51,10000,0.07317047939361723,1.9340917211235047,-1.8609212417298875,-2.0156061362216677,-1.8596651721059958,-1.7142365213753017,1.0
best_quote_updates,all_spreads,ofi,1.0,1.0,1.0,0.0,10,2019-01-02,2019-10-17,2019-10-18,2019-12-31,21844859,5489604,5489604,4994368,0.09021342887392236,0.15169687135589527,0.6161326269477502,0.5682584754747337,0.663646926899389,0.23600239964437783,0.2500223363047674,51,10000,0.05607473663192952,0.053296006761765116,0.05606887809067751,0.0586272663458531,0.0,-0.006306315607606131,,2.4233882986523203,51,10000,0.05484265240760152,1.9614003380098404,-1.906557685602239,-2.0647324504156765,-1.9050263519025132,-1.7564615327628352,1.0
best_quote_updates,all_spreads,ofi,1.0,1.0,1.0,0.0,100,2019-01-02,2019-10-17,2019-10-18,2019-12-31,21844859,5489604,5489604,3634365,0.337954978173289,0.16087927327057133,0.6161326269477502,0.5682584754747337,0.663646926899389,0.23600239964437783,0.2500223363047674,51,10000,0.05607473663192952,0.053296006761765116,0.05606887809067751,0.0586272663458531,0.0,-0.006306315607606131,,2.4233882986523203,51,10000,0.028947533413968277,2.0742815675087667,-2.045334034094798,-2.2116798734763505,-2.043477182343586,-1.8848050562262284,1.0
best_quote_updates,all_spreads,ofi,1.0,1.0,1.0,0.0,1000,2019-01-02,2019-10-17,2019-10-18,2019-12-31,21844859,5489604,5489604,2692266,0.5095700892086206,0.16403431161705417,0.6161326269477502,0.5682584754747337,0.663646926899389,0.23600239964437783,0.2500223363047674,51,10000,0.05607473663192952,0.053296006761765116,0.05606887809067751,0.0586272663458531,0.0,-0.006306315607606131,,2.4233882986523203,51,10000,0.015395078617570003,2.14841133638096,-2.1330162577633898,-2.2994517786344337,-2.1307214613887573,-1.972483637479647,1.0
best_quote_updates,all_spreads,ofi,1.0,1.0,1.0,0.0,10000,2019-01-02,2019-10-17,2019-10-18,2019-12-31,21844859,5489604,5489604,2043058,0.6278314428508869,0.1705521820721683,0.6161326269477502,0.5682584754747337,0.663646926899389,0.23600239964437783,0.2500223363047674,51,10000,0.05607473663192952,0.053296006761765116,0.05606887809067751,0.0586272663458531,0.0,-0.006306315607606131,,2.4233882986523203,51,10000,0.00843127814628525,2.0687009357960138,-2.060269657649728,-2.2164243349525146,-2.0583628408417454,-1.9101307741294096,1.0
best_quote_updates,all_spreads,queue,0.05,0.061433172903519316,0.07448715790792924,0.09339981216170523,0,2019-01-02,2019-10-17,2019-10-18,2019-12-31,21844859,5489604,408905,408905,0.0,0.0,0.537686899035067,0.5316336114590415,0.692610039464884,0.24971679675109787,0.2500223363047674,51,10000,0.0012220490304393206,-0.00033592585091078985,0.0012394855179539421,0.00286984149447722,0.0655,-0.008312180255164206,0.3820500428179201,,51,10000,0.03691953732412214,1.7971847635708598,-1.7602652262467375,-1.905816222885156,-1.7598604300000864,-1.6234710705974482,1.0
best_quote_updates,all_spreads,queue,0.05,0.061433172903519316,0.07448715790792924,0.09339981216170523,10,2019-01-02,2019-10-17,2019-10-18,2019-12-31,21844859,5489604,408905,358955,0.12215551289419302,0.0,0.537686899035067,0.5316336114590415,0.692610039464884,0.24971679675109787,0.2500223363047674,51,10000,0.0012220490304393206,-0.00033592585091078985,0.0012394855179539421,0.00286984149447722,0.0655,-0.008312180255164206,0.3820500428179201,,51,10000,0.030976141020171717,1.8285034402742402,-1.7975272992540687,-1.9480785398246565,-1.7971713075911462,-1.6573064752958948,1.0
best_quote_updates,all_spreads,queue,0.05,0.061433172903519316,0.07448715790792924,0.09339981216170523,100,2019-01-02,2019-10-17,2019-10-18,2019-12-31,21844859,5489604,408905,272485,0.3336227241046209,0.0,0.537686899035067,0.5316336114590415,0.692610039464884,0.24971679675109787,0.2500223363047674,51,10000,0.0012220490304393206,-0.00033592585091078985,0.0012394855179539421,0.00286984149447722,0.0655,-0.008312180255164206,0.3820500428179201,,51,10000,0.019712733273531194,1.8988952334735945,-1.8791825002000635,-2.0388214451025104,-1.8778187885009312,-1.7317553450071759,1.0
best_quote_updates,all_spreads,queue,0.05,0.061433172903519316,0.07448715790792924,0.09339981216170523,1000,2019-01-02,2019-10-17,2019-10-18,2019-12-31,21844859,5489604,408905,204978,0.498714860419902,0.0,0.537686899035067,0.5316336114590415,0.692610039464884,0.24971679675109787,0.2500223363047674,51,10000,0.0012220490304393206,-0.00033592585091078985,0.0012394855179539421,0.00286984149447722,0.0655,-0.008312180255164206,0.3820500428179201,,51,10000,0.04094267197467857,1.972141799626934,-1.9311991276522555,-2.082201326275105,-1.9300790262626908,-1.7880704834863177,1.0
best_quote_updates,all_spreads,queue,0.05,0.061433172903519316,0.07448715790792924,0.09339981216170523,10000,2019-01-02,2019-10-17,2019-10-18,2019-12-31,21844859,5489604,408905,158653,0.6120052334894412,0.0,0.537686899035067,0.5316336114590415,0.692610039464884,0.24971679675109787,0.2500223363047674,51,10000,0.0012220490304393206,-0.00033592585091078985,0.0012394855179539421,0.00286984149447722,0.0655,-0.008312180255164206,0.3820500428179201,,51,10000,0.04410089923418053,1.920762894447381,-1.8766619952132004,-2.021945623852783,-1.8751379472737275,-1.7403051466483939,1.0
best_quote_updates,all_spreads,queue,0.1,0.12034318921445086,0.13498314268205866,0.08938260000215736,0,2019-01-02,2019-10-17,2019-10-18,2019-12-31,21844859,5489604,741004,741004,0.0,0.44817436882931805,0.537686899035067,0.5316336114590415,0.692610039464884,0.24971679675109787,0.2500223363047674,51,10000,0.0012220490304393206,-0.00033592585091078985,0.0012394855179539421,0.00286984149447722,0.0655,-0.008312180255164206,0.3820500428179201,,51,10000,0.047468236429273024,1.8395430295227149,-1.7920747930934418,-1.939990255631481,-1.7902219447319088,-1.65373401354467,1.0
best_quote_updates,all_spreads,queue,0.1,0.12034318921445086,0.13498314268205866,0.08938260000215736,10,2019-01-02,2019-10-17,2019-10-18,2019-12-31,21844859,5489604,741004,654626,0.11656887142309624,0.45166400356844977,0.537686899035067,0.5316336114590415,0.692610039464884,0.24971679675109787,0.2500223363047674,51,10000,0.0012220490304393206,-0.00033592585091078985,0.0012394855179539421,0.00286984149447722,0.0655,-0.008312180255164206,0.3820500428179201,,51,10000,0.0400514870876701,1.8719193797584546,-1.8318678926707848,-1.982934832130151,-1.8300836776790153,-1.6897461189486442,1.0
best_quote_updates,all_spreads,queue,0.1,0.12034318921445086,0.13498314268205866,0.08938260000215736,100,2019-01-02,2019-10-17,2019-10-18,2019-12-31,21844859,5489604,741004,494318,0.3329077845733627,0.4487657742586756,0.537686899035067,0.5316336114590415,0.692610039464884,0.24971679675109787,0.2500223363047674,51,10000,0.0012220490304393206,-0.00033592585091078985,0.0012394855179539421,0.00286984149447722,0.0655,-0.008312180255164206,0.3820500428179201,,51,10000,0.03246255802161705,1.9473059509419064,-1.9148433929202893,-2.071436103444928,-1.9126824203741388,-1.7654651808880437,1.0
best_quote_updates,all_spreads,queue,0.1,0.12034318921445086,0.13498314268205866,0.08938260000215736,1000,2019-01-02,2019-10-17,2019-10-18,2019-12-31,21844859,5489604,741004,375163,0.4937098855066909,0.45362948904876016,0.537686899035067,0.5316336114590415,0.692610039464884,0.24971679675109787,0.2500223363047674,51,10000,0.0012220490304393206,-0.00033592585091078985,0.0012394855179539421,0.00286984149447722,0.0655,-0.008312180255164206,0.3820500428179201,,51,10000,0.05280606073356288,2.01550165303489,-1.962695592301327,-2.1136835016217583,-1.960533464567273,-1.8192303268354035,1.0
best_quote_updates,all_spreads,queue,0.1,0.12034318921445086,0.13498314268205866,0.08938260000215736,10000,2019-01-02,2019-10-17,2019-10-18,2019-12-31,21844859,5489604,741004,291130,0.6071141316376161,0.45504413835743485,0.537686899035067,0.5316336114590415,0.692610039464884,0.24971679675109787,0.2500223363047674,51,10000,0.0012220490304393206,-0.00033592585091078985,0.0012394855179539421,0.00286984149447722,0.0655,-0.008312180255164206,0.3820500428179201,,51,10000,0.060872668980376785,1.9548838791414653,-1.8940112101610878,-2.03640295677221,-1.8923166730485756,-1.759115913595926,1.0
best_quote_updates,all_spreads,queue,0.2,0.2276477499808994,0.2606672539585733,0.08145307171055843,0,2019-01-02,2019-10-17,2019-10-18,2019-12-31,21844859,5489604,1430960,1430960,0.0,0.3858221054397048,0.537686899035067,0.5316336114590415,0.692610039464884,0.24971679675109787,0.2500223363047674,51,10000,0.0012220490304393206,-0.00033592585091078985,0.0012394855179539421,0.00286984149447722,0.0655,-0.008312180255164206,0.3820500428179201,,51,10000,0.04108435262923566,1.80234138551589,-1.7612570328866546,-1.9028876082475052,-1.7603589411467158,-1.6307686758556503,1.0
best_quote_updates,all_spreads,queue,0.2,0.2276477499808994,0.2606672539585733,0.08145307171055843,10,2019-01-02,2019-10-17,2019-10-18,2019-12-31,21844859,5489604,1430960,1276056,0.10825180298540837,0.38690621728200014,0.537686899035067,0.5316336114590415,0.692610039464884,0.24971679675109787,0.2500223363047674,51,10000,0.0012220490304393206,-0.00033592585091078985,0.0012394855179539421,0.00286984149447722,0.0655,-0.008312180255164206,0.3820500428179201,,51,10000,0.03346790228093507,1.8280135448776946,-1.7945456425967596,-1.9384324289004011,-1.793496580123457,-1.6607213139577208,1.0
best_quote_updates,all_spreads,queue,0.2,0.2276477499808994,0.2606672539585733,0.08145307171055843,100,2019-01-02,2019-10-17,2019-10-18,2019-12-31,21844859,5489604,1430960,944782,0.339756527086711,0.38767250011113674,0.537686899035067,0.5316336114590415,0.692610039464884,0.24971679675109787,0.2500223363047674,51,10000,0.0012220490304393206,-0.00033592585091078985,0.0012394855179539421,0.00286984149447722,0.0655,-0.008312180255164206,0.3820500428179201,,51,10000,0.026797091558172965,1.909115701030104,-1.8823186094719313,-2.033647474088393,-1.881286713516259,-1.741692738013634,1.0
best_quote_updates,all_spreads,queue,0.2,0.2276477499808994,0.2606672539585733,0.08145307171055843,1000,2019-01-02,2019-10-17,2019-10-18,2019-12-31,21844859,5489604,1430960,706881,0.5060092525297702,0.3926007347771407,0.537686899035067,0.5316336114590415,0.692610039464884,0.24971679675109787,0.2500223363047674,51,10000,0.0012220490304393206,-0.00033592585091078985,0.0012394855179539421,0.00286984149447722,0.0655,-0.008312180255164206,0.3820500428179201,,51,10000,0.046529627204232454,1.9779884481070065,-1.9314588209027739,-2.078415587698274,-1.9301096276431606,-1.7945247715681385,1.0
best_quote_updates,all_spreads,queue,0.2,0.2276477499808994,0.2606672539585733,0.08145307171055843,10000,2019-01-02,2019-10-17,2019-10-18,2019-12-31,21844859,5489604,1430960,544393,0.6195609940180019,0.39463402358222827,0.537686899035067,0.5316336114590415,0.692610039464884,0.24971679675109787,0.2500223363047674,51,10000,0.0012220490304393206,-0.00033592585091078985,0.0012394855179539421,0.00286984149447722,0.0655,-0.008312180255164206,0.3820500428179201,,51,10000,0.0557968809458315,1.9120575360400665,-1.8562606550942353,-1.9912733071137492,-1.85534797876254,-1.7283012777326907,1.0
best_quote_updates,all_spreads,queue,1.0,1.0,1.0,0.0,0,2019-01-02,2019-10-17,2019-10-18,2019-12-31,21844859,5489604,5489604,5489604,0.0,0.44152820494884515,0.537686899035067,0.5316336114590415,0.692610039464884,0.24971679675109787,0.2500223363047674,51,10000,0.0012220490304393206,-0.00033592585091078985,0.0012394855179539421,0.00286984149447722,0.0655,-0.008312180255164206,0.3820500428179201,,51,10000,0.03939159591977871,1.9340917211235047,-1.894700125203726,-2.0497458353080455,-1.8930798774270494,-1.7482160104625224,1.0
best_quote_updates,all_spreads,queue,1.0,1.0,1.0,0.0,10,2019-01-02,2019-10-17,2019-10-18,2019-12-31,21844859,5489604,5489604,4994368,0.09021342887392236,0.44139718979458464,0.537686899035067,0.5316336114590415,0.692610039464884,0.24971679675109787,0.2500223363047674,51,10000,0.0012220490304393206,-0.00033592585091078985,0.0012394855179539421,0.00286984149447722,0.0655,-0.008312180255164206,0.3820500428179201,,51,10000,0.03704116098637526,1.9614003380098404,-1.924359177023465,-2.080785819872226,-1.9226680898082105,-1.7757313473784617,1.0
best_quote_updates,all_spreads,queue,1.0,1.0,1.0,0.0,100,2019-01-02,2019-10-17,2019-10-18,2019-12-31,21844859,5489604,5489604,3634365,0.337954978173289,0.43801764544837957,0.537686899035067,0.5316336114590415,0.692610039464884,0.24971679675109787,0.2500223363047674,51,10000,0.0012220490304393206,-0.00033592585091078985,0.0012394855179539421,0.00286984149447722,0.0655,-0.008312180255164206,0.3820500428179201,,51,10000,0.03341234051791276,2.0742815675087667,-2.0408692269908535,-2.205140755631309,-2.0389020433505753,-1.8827830813147879,1.0
best_quote_updates,all_spreads,queue,1.0,1.0,1.0,0.0,1000,2019-01-02,2019-10-17,2019-10-18,2019-12-31,21844859,5489604,5489604,2692266,0.5095700892086206,0.43533402717264935,0.537686899035067,0.5316336114590415,0.692610039464884,0.24971679675109787,0.2500223363047674,51,10000,0.0012220490304393206,-0.00033592585091078985,0.0012394855179539421,0.00286984149447722,0.0655,-0.008312180255164206,0.3820500428179201,,51,10000,0.04742145326877916,2.14841133638096,-2.100989883112181,-2.2639200281343608,-2.0988265400661508,-1.944340191526141,1.0
best_quote_updates,all_spreads,queue,1.0,1.0,1.0,0.0,10000,2019-01-02,2019-10-17,2019-10-18,2019-12-31,21844859,5489604,5489604,2043058,0.6278314428508869,0.43609726204542404,0.537686899035067,0.5316336114590415,0.692610039464884,0.24971679675109787,0.2500223363047674,51,10000,0.0012220490304393206,-0.00033592585091078985,0.0012394855179539421,0.00286984149447722,0.0655,-0.008312180255164206,0.3820500428179201,,51,10000,0.05887840429138956,2.0687009357960138,-2.0098225315046236,-2.1604453899659135,-2.007800399629149,-1.864387360419777,1.0
best_quote_updates,all_spreads,queue_and_ofi,0.05,0.050140218346110633,0.05377182033531016,0.2747732002291396,0,2019-01-02,2019-10-17,2019-10-18,2019-12-31,21844859,5489604,295186,295186,0.0,0.512697079129769,0.626762264854621,0.5839563290904043,0.6638665129861815,0.23599256116772915,0.2500223363047674,51,10000,0.05611408702275511,0.05357349661295115,0.05613224227765751,0.058442562392441166,0.0,-0.003946230047946321,0.2809737235792001,2.2770411109649245,51,10000,0.3636366150866073,1.456257322354082,-1.0926207072674745,-1.1852242185270052,-1.091288021860705,-1.013428648819329,1.0
best_quote_updates,all_spreads,queue_and_ofi,0.05,0.050140218346110633,0.05377182033531016,0.2747732002291396,10,2019-01-02,2019-10-17,2019-10-18,2019-12-31,21844859,5489604,295186,201809,0.31633275290833573,0.510418266777002,0.626762264854621,0.5839563290904043,0.6638665129861815,0.23599256116772915,0.2500223363047674,51,10000,0.05611408702275511,0.05357349661295115,0.05613224227765751,0.058442562392441166,0.0,-0.003946230047946321,0.2809737235792001,2.2770411109649245,51,10000,0.28685893080685604,1.5271981483979111,-1.2403392175910553,-1.3503776516760966,-1.2388956407216645,-1.1464898460159758,1.0
best_quote_updates,all_spreads,queue_and_ofi,0.05,0.050140218346110633,0.05377182033531016,0.2747732002291396,100,2019-01-02,2019-10-17,2019-10-18,2019-12-31,21844859,5489604,295186,128586,0.5643899100905869,0.5126219028510102,0.626762264854621,0.5839563290904043,0.6638665129861815,0.23599256116772915,0.2500223363047674,51,10000,0.05611408702275511,0.05357349661295115,0.05613224227765751,0.058442562392441166,0.0,-0.003946230047946321,0.2809737235792001,2.2770411109649245,51,10000,0.12325273977735282,1.677315381854717,-1.5540626420773647,-1.7060120900040814,-1.5510854451568181,-1.4277546800825662,1.0
best_quote_updates,all_spreads,queue_and_ofi,0.05,0.050140218346110633,0.05377182033531016,0.2747732002291396,1000,2019-01-02,2019-10-17,2019-10-18,2019-12-31,21844859,5489604,295186,91800,0.6890096413786562,0.5113943355119825,0.626762264854621,0.5839563290904043,0.6638665129861815,0.23599256116772915,0.2500223363047674,51,10000,0.05611408702275511,0.05357349661295115,0.05613224227765751,0.058442562392441166,0.0,-0.003946230047946321,0.2809737235792001,2.2770411109649245,51,10000,0.05823464515381231,1.7246778072327953,-1.6664431620789826,-1.805069103599174,-1.6644429904824947,-1.5477904845757888,1.0
best_quote_updates,all_spreads,queue_and_ofi,0.05,0.050140218346110633,0.05377182033531016,0.2747732002291396,10000,2019-01-02,2019-10-17,2019-10-18,2019-12-31,21844859,5489604,295186,72068,0.7558556300095534,0.513875783981795,0.626762264854621,0.5839563290904043,0.6638665129861815,0.23599256116772915,0.2500223363047674,51,10000,0.05611408702275511,0.05357349661295115,0.05613224227765751,0.058442562392441166,0.0,-0.003946230047946321,0.2809737235792001,2.2770411109649245,51,10000,0.047132579193505504,1.6802438735558944,-1.633111294362389,-1.751236104038922,-1.6324074147563932,-1.5268844990338957,1.0
best_quote_updates,all_spreads,queue_and_ofi,0.1,0.10141992676629316,0.10110729298506778,0.20754580569719672,0,2019-01-02,2019-10-17,2019-10-18,2019-12-31,21844859,5489604,555039,555039,0.0,0.5102938712414803,0.626762264854621,0.5839563290904043,0.6638665129861815,0.23599256116772915,0.2500223363047674,51,10000,0.05611408702275511,0.05357349661295115,0.05613224227765751,0.058442562392441166,0.0,-0.003946230047946321,0.2809737235792001,2.2770411109649245,51,10000,0.311824603363271,1.5654745428471153,-1.253649939483844,-1.364283080705276,-1.2520626509061508,-1.1561383523221231,1.0
best_quote_updates,all_spreads,queue_and_ofi,0.1,0.10141992676629316,0.10110729298506778,0.20754580569719672,10,2019-01-02,2019-10-17,2019-10-18,2019-12-31,21844859,5489604,555039,422120,0.23947686558962522,0.5072443854828012,0.626762264854621,0.5839563290904043,0.6638665129861815,0.23599256116772915,0.2500223363047674,51,10000,0.05611408702275511,0.05357349661295115,0.05613224227765751,0.058442562392441166,0.0,-0.003946230047946321,0.2809737235792001,2.2770411109649245,51,10000,0.24954644982863147,1.6398005113181453,-1.3902540614895136,-1.516877956347401,-1.388347607609684,-1.279794823370005,1.0
best_quote_updates,all_spreads,queue_and_ofi,0.1,0.10141992676629316,0.10110729298506778,0.20754580569719672,100,2019-01-02,2019-10-17,2019-10-18,2019-12-31,21844859,5489604,555039,297558,0.4638971315529179,0.5086000040328272,0.626762264854621,0.5839563290904043,0.6638665129861815,0.23599256116772915,0.2500223363047674,51,10000,0.05611408702275511,0.05357349661295115,0.05613224227765751,0.058442562392441166,0.0,-0.003946230047946321,0.2809737235792001,2.2770411109649245,51,10000,0.12743659212419298,1.7788037499525378,-1.651367157828345,-1.8074359247659877,-1.6484909376839605,-1.5158110046452047,1.0
best_quote_updates,all_spreads,queue_and_ofi,0.1,0.10141992676629316,0.10110729298506778,0.20754580569719672,1000,2019-01-02,2019-10-17,2019-10-18,2019-12-31,21844859,5489604,555039,220912,0.60198832874807,0.5071295357427392,0.626762264854621,0.5839563290904043,0.6638665129861815,0.23599256116772915,0.2500223363047674,51,10000,0.05611408702275511,0.05357349661295115,0.05613224227765751,0.058442562392441166,0.0,-0.003946230047946321,0.2809737235792001,2.2770411109649245,51,10000,0.07966668264110252,1.8330822111831073,-1.753415528542005,-1.904247983229412,-1.7505413085025656,-1.6200176993488975,1.0
best_quote_updates,all_spreads,queue_and_ofi,0.1,0.10141992676629316,0.10110729298506778,0.20754580569719672,10000,2019-01-02,2019-10-17,2019-10-18,2019-12-31,21844859,5489604,555039,173819,0.6868346188285868,0.510939540556556,0.626762264854621,0.5839563290904043,0.6638665129861815,0.23599256116772915,0.2500223363047674,51,10000,0.05611408702275511,0.05357349661295115,0.05613224227765751,0.058442562392441166,0.0,-0.003946230047946321,0.2809737235792001,2.2770411109649245,51,10000,0.07101308201295545,1.7782145291580134,-1.707201447145058,-1.8358707852690144,-1.7057866332501683,-1.5900828986546103,1.0
best_quote_updates,all_spreads,queue_and_ofi,0.2,0.20117186382388644,0.18486816171075363,0.13071853017545337,0,2019-01-02,2019-10-17,2019-10-18,2019-12-31,21844859,5489604,1014853,1014853,0.0,0.49802680782339903,0.626762264854621,0.5839563290904043,0.6638665129861815,0.23599256116772915,0.2500223363047674,51,10000,0.05611408702275511,0.05357349661295115,0.05613224227765751,0.058442562392441166,0.0,-0.003946230047946321,0.2809737235792001,2.2770411109649245,51,10000,0.26404101627471654,1.7144700968357223,-1.4504290805610058,-1.5790008865661342,-1.4487320530510606,-1.3327370282157833,1.0
best_quote_updates,all_spreads,queue_and_ofi,0.2,0.20117186382388644,0.18486816171075363,0.13071853017545337,10,2019-01-02,2019-10-17,2019-10-18,2019-12-31,21844859,5489604,1014853,830425,0.18172878239508583,0.49501038624800553,0.626762264854621,0.5839563290904043,0.6638665129861815,0.23599256116772915,0.2500223363047674,51,10000,0.05611408702275511,0.05357349661295115,0.05613224227765751,0.058442562392441166,0.0,-0.003946230047946321,0.2809737235792001,2.2770411109649245,51,10000,0.21303052975192344,1.790129239885507,-1.5770987101335834,-1.7182293655799035,-1.5751631596474127,-1.4480843532345953,1.0
best_quote_updates,all_spreads,queue_and_ofi,0.2,0.20117186382388644,0.18486816171075363,0.13071853017545337,100,2019-01-02,2019-10-17,2019-10-18,2019-12-31,21844859,5489604,1014853,629053,0.3801535788927066,0.4941491416462524,0.626762264854621,0.5839563290904043,0.6638665129861815,0.23599256116772915,0.2500223363047674,51,10000,0.05611408702275511,0.05357349661295115,0.05613224227765751,0.058442562392441166,0.0,-0.003946230047946321,0.2809737235792001,2.2770411109649245,51,10000,0.11981693515409984,1.9265240475826542,-1.8067071124285536,-1.96875726859899,-1.804070073845167,-1.6586109131462343,1.0
best_quote_updates,all_spreads,queue_and_ofi,0.2,0.20117186382388644,0.18486816171075363,0.13071853017545337,1000,2019-01-02,2019-10-17,2019-10-18,2019-12-31,21844859,5489604,1014853,482710,0.5243547587680186,0.4923494437654078,0.626762264854621,0.5839563290904043,0.6638665129861815,0.23599256116772915,0.2500223363047674,51,10000,0.05611408702275511,0.05357349661295115,0.05613224227765751,0.058442562392441166,0.0,-0.003946230047946321,0.2809737235792001,2.2770411109649245,51,10000,0.0842966671528224,1.9807432219941934,-1.896446554841371,-2.053850221841737,-1.8933837267522438,-1.7508273990968524,1.0
best_quote_updates,all_spreads,queue_and_ofi,0.2,0.20117186382388644,0.18486816171075363,0.13071853017545337,10000,2019-01-02,2019-10-17,2019-10-18,2019-12-31,21844859,5489604,1014853,378045,0.6274879218960776,0.4984962107685593,0.626762264854621,0.5839563290904043,0.6638665129861815,0.23599256116772915,0.2500223363047674,51,10000,0.05611408702275511,0.05357349661295115,0.05613224227765751,0.058442562392441166,0.0,-0.003946230047946321,0.2809737235792001,2.2770411109649245,51,10000,0.07806468955066893,1.9090380236467992,-1.8309733340961303,-1.9695664663806784,-1.828721862636761,-1.700677785643933,1.0
best_quote_updates,all_spreads,queue_and_ofi,1.0,1.0,1.0,0.0,0,2019-01-02,2019-10-17,2019-10-18,2019-12-31,21844859,5489604,5489604,5489604,0.0,0.4565655373320188,0.626762264854621,0.5839563290904043,0.6638665129861815,0.23599256116772915,0.2500223363047674,51,10000,0.05611408702275511,0.05357349661295115,0.05613224227765751,0.058442562392441166,0.0,-0.003946230047946321,0.2809737235792001,2.2770411109649245,51,10000,0.09942566220116128,1.9340917211235047,-1.8346660589223434,-1.9856146519260371,-1.8331787958918633,-1.6921748396689316,1.0
best_quote_updates,all_spreads,queue_and_ofi,1.0,1.0,1.0,0.0,10,2019-01-02,2019-10-17,2019-10-18,2019-12-31,21844859,5489604,5489604,4994368,0.09021342887392236,0.45447091603982726,0.626762264854621,0.5839563290904043,0.6638665129861815,0.23599256116772915,0.2500223363047674,51,10000,0.05611408702275511,0.05357349661295115,0.05613224227765751,0.058442562392441166,0.0,-0.003946230047946321,0.2809737235792001,2.2770411109649245,51,10000,0.08229642448527713,1.9614003380098404,-1.879103913524564,-2.0331323818411784,-1.8775400220499812,-1.7326328854698665,1.0
best_quote_updates,all_spreads,queue_and_ofi,1.0,1.0,1.0,0.0,100,2019-01-02,2019-10-17,2019-10-18,2019-12-31,21844859,5489604,5489604,3634365,0.337954978173289,0.45238686813239726,0.626762264854621,0.5839563290904043,0.6638665129861815,0.23599256116772915,0.2500223363047674,51,10000,0.05611408702275511,0.05357349661295115,0.05613224227765751,0.058442562392441166,0.0,-0.003946230047946321,0.2809737235792001,2.2770411109649245,51,10000,0.05363100152470638,2.0742815675087667,-2.02065056598406,-2.1844479414335383,-2.018746368017033,-1.86278135836025,1.0
best_quote_updates,all_spreads,queue_and_ofi,1.0,1.0,1.0,0.0,1000,2019-01-02,2019-10-17,2019-10-18,2019-12-31,21844859,5489604,5489604,2692266,0.5095700892086206,0.4496420487425834,0.626762264854621,0.5839563290904043,0.6638665129861815,0.23599256116772915,0.2500223363047674,51,10000,0.05611408702275511,0.05357349661295115,0.05613224227765751,0.058442562392441166,0.0,-0.003946230047946321,0.2809737235792001,2.2770411109649245,51,10000,0.05088961085153706,2.14841133638096,-2.097521725529423,-2.260379081165043,-2.0953956632304465,-1.9402578722014439,1.0
best_quote_updates,all_spreads,queue_and_ofi,1.0,1.0,1.0,0.0,10000,2019-01-02,2019-10-17,2019-10-18,2019-12-31,21844859,5489604,5489604,2043058,0.6278314428508869,0.451785509760369,0.626762264854621,0.5839563290904043,0.6638665129861815,0.23599256116772915,0.2500223363047674,51,10000,0.05611408702275511,0.05357349661295115,0.05613224227765751,0.058442562392441166,0.0,-0.003946230047946321,0.2809737235792001,2.2770411109649245,51,10000,0.05737337540808491,2.0687009357960138,-2.0113275603879286,-2.162884691120246,-2.0093726399071725,-1.8652939386457703,1.0
best_quote_updates,one_tick,ofi,0.05,0.05827159352874431,0.07409144576169759,0.3533732018769079,0,2019-01-02,2019-10-17,2019-10-18,2019-12-31,389538,61829,4581,4581,0.0,0.6297751582623882,0.6937932857209639,0.601643241844442,0.6279981202396547,0.21980876097429225,0.24995631383860015,51,10000,0.12061128763394446,0.0990148286389723,0.12029666037674014,0.14191604818003875,0.0,0.022473970145489828,,2.7648595711678676,51,10000,0.5504424154586294,0.14602714469055947,0.40441527076807,0.3209527787022571,0.4046357188988793,0.5030736408682306,0.0
best_quote_updates,one_tick,ofi,0.05,0.05827159352874431,0.07409144576169759,0.3533732018769079,10,2019-01-02,2019-10-17,2019-10-18,2019-12-31,389538,61829,4581,2389,0.47849814450993233,0.6044370029300963,0.6937932857209639,0.601643241844442,0.6279981202396547,0.21980876097429225,0.24995631383860015,51,10000,0.12061128763394446,0.0990148286389723,0.12029666037674014,0.14191604818003875,0.0,0.022473970145489828,,2.7648595711678676,51,10000,0.5243097297576506,0.14759112254430265,0.3767186072133479,0.29701132402046687,0.3757945414758437,0.46483460035207513,0.0
best_quote_updates,one_tick,ofi,0.05,0.05827159352874431,0.07409144576169759,0.3533732018769079,100,2019-01-02,2019-10-17,2019-10-18,2019-12-31,389538,61829,4581,908,0.8017900021829295,0.6365638766519823,0.6937932857209639,0.601643241844442,0.6279981202396547,0.21980876097429225,0.24995631383860015,51,10000,0.12061128763394446,0.0990148286389723,0.12029666037674014,0.14191604818003875,0.0,0.022473970145489828,,2.7648595711678676,51,10000,0.20419036551535114,0.14836903199962007,0.05582133351573105,-0.0809613458336386,0.059418502306652125,0.1906393107035573,0.2086
best_quote_updates,one_tick,ofi,0.05,0.05827159352874431,0.07409144576169759,0.3533732018769079,1000,2019-01-02,2019-10-17,2019-10-18,2019-12-31,389538,61829,4581,310,0.9323291857672997,0.7387096774193549,0.6937932857209639,0.601643241844442,0.6279981202396547,0.21980876097429225,0.24995631383860015,51,10000,0.12061128763394446,0.0990148286389723,0.12029666037674014,0.14191604818003875,0.0,0.022473970145489828,,2.7648595711678676,51,10000,-0.05676641339851515,0.15316434015454194,-0.2099307535530571,-0.5206105211876718,-0.1967609892010818,0.015079832915063098,0.9538
best_quote_updates,one_tick,ofi,0.05,0.05827159352874431,0.07409144576169759,0.3533732018769079,10000,2019-01-02,2019-10-17,2019-10-18,2019-12-31,389538,61829,4581,215,0.9530670159353853,0.7906976744186046,0.6937932857209639,0.601643241844442,0.6279981202396547,0.21980876097429225,0.24995631383860015,51,10000,0.12061128763394446,0.0990148286389723,0.12029666037674014,0.14191604818003875,0.0,0.022473970145489828,,2.7648595711678676,51,10000,-0.18456429747972095,0.1542481090739721,-0.33881240655369305,-0.7710198913461496,-0.31829242617320586,-0.0151830483246418,0.9833
best_quote_updates,one_tick,ofi,0.1,0.11158859982851481,0.1309903119895195,0.2809344521782332,0,2019-01-02,2019-10-17,2019-10-18,2019-12-31,389538,61829,8099,8099,0.0,0.6699592542289171,0.6937932857209639,0.601643241844442,0.6279981202396547,0.21980876097429225,0.24995631383860015,51,10000,0.12061128763394446,0.0990148286389723,0.12029666037674014,0.14191604818003875,0.0,0.022473970145489828,,2.7648595711678676,51,10000,0.5270792884551108,0.14601583808112645,0.3810634503739843,0.30521832937064813,0.3818122300253934,0.4730282218662566,0.0
best_quote_updates,one_tick,ofi,0.1,0.11158859982851481,0.1309903119895195,0.2809344521782332,10,2019-01-02,2019-10-17,2019-10-18,2019-12-31,389538,61829,8099,4861,0.3998024447462649,0.6737296852499486,0.6937932857209639,0.601643241844442,0.6279981202396547,0.21980876097429225,0.24995631383860015,51,10000,0.12061128763394446,0.0990148286389723,0.12029666037674014,0.14191604818003875,0.0,0.022473970145489828,,2.7648595711678676,51,10000,0.4883448194894503,0.14664215641574202,0.34170266307370833,0.2644358585397064,0.34225494155863795,0.42929147115155186,0.0
best_quote_updates,one_tick,ofi,0.1,0.11158859982851481,0.1309903119895195,0.2809344521782332,100,2019-01-02,2019-10-17,2019-10-18,2019-12-31,389538,61829,8099,1996,0.7535498209655513,0.6958917835671342,0.6937932857209639,0.601643241844442,0.6279981202396547,0.21980876097429225,0.24995631383860015,51,10000,0.12061128763394446,0.0990148286389723,0.12029666037674014,0.14191604818003875,0.0,0.022473970145489828,,2.7648595711678676,51,10000,0.24918197828105965,0.14698060746315728,0.10220137081790237,0.009653936997662255,0.1012601356827879,0.20276554604347855,0.0148
best_quote_updates,one_tick,ofi,0.1,0.11158859982851481,0.1309903119895195,0.2809344521782332,1000,2019-01-02,2019-10-17,2019-10-18,2019-12-31,389538,61829,8099,754,0.9069020866773676,0.7586206896551724,0.6937932857209639,0.601643241844442,0.6279981202396547,0.21980876097429225,0.24995631383860015,51,10000,0.12061128763394446,0.0990148286389723,0.12029666037674014,0.14191604818003875,0.0,0.022473970145489828,,2.7648595711678676,51,10000,0.07439151966146063,0.1496387328239231,-0.07524721316246245,-0.24643428276594131,-0.06657502531966064,0.06000634550995652,0.8177
best_quote_updates,one_tick,ofi,0.1,0.11158859982851481,0.1309903119895195,0.2809344521782332,10000,2019-01-02,2019-10-17,2019-10-18,2019-12-31,389538,61829,8099,501,0.938140511174219,0.7864271457085829,0.6937932857209639,0.601643241844442,0.6279981202396547,0.21980876097429225,0.24995631383860015,51,10000,0.12061128763394446,0.0990148286389723,0.12029666037674014,0.14191604818003875,0.0,0.022473970145489828,,2.7648595711678676,51,10000,-0.04972559179193201,0.150086169423507,-0.199811761215439,-0.4585158840952943,-0.1858516538296064,-0.0004574603707385276,0.9751
best_quote_updates,one_tick,ofi,0.2,0.22430674285948995,0.21895874104384674,0.20462420977808465,0,2019-01-02,2019-10-17,2019-10-18,2019-12-31,389538,61829,13538,13538,0.0,0.59321908701433,0.6937932857209639,0.601643241844442,0.6279981202396547,0.21980876097429225,0.24995631383860015,51,10000,0.12061128763394446,0.0990148286389723,0.12029666037674014,0.14191604818003875,0.0,0.022473970145489828,,2.7648595711678676,51,10000,0.47933355064575045,0.14614735500787016,0.3331861956378803,0.27244173726147025,0.3338240986596158,0.40460958018245563,0.0
best_quote_updates,one_tick,ofi,0.2,0.22430674285948995,0.21895874104384674,0.20462420977808465,10,2019-01-02,2019-10-17,2019-10-18,2019-12-31,389538,61829,13538,8998,0.3353523415570986,0.5896865970215603,0.6937932857209639,0.601643241844442,0.6279981202396547,0.21980876097429225,0.24995631383860015,51,10000,0.12061128763394446,0.0990148286389723,0.12029666037674014,0.14191604818003875,0.0,0.022473970145489828,,2.7648595711678676,51,10000,0.41400935845798525,0.146341429995563,0.26766792846242227,0.19325896389138905,0.26908608866547756,0.3488650663979201,0.0
best_quote_updates,one_tick,ofi,0.2,0.22430674285948995,0.21895874104384674,0.20462420977808465,100,2019-01-02,2019-10-17,2019-10-18,2019-12-31,389538,61829,13538,4040,0.701580735706899,0.6205445544554455,0.6937932857209639,0.601643241844442,0.6279981202396547,0.21980876097429225,0.24995631383860015,51,10000,0.12061128763394446,0.0990148286389723,0.12029666037674014,0.14191604818003875,0.0,0.022473970145489828,,2.7648595711678676,51,10000,0.17676953509655308,0.1464215859868659,0.03034794910968723,-0.11530634299202105,0.03496423144799894,0.16483734188326807,0.3162
best_quote_updates,one_tick,ofi,0.2,0.22430674285948995,0.21895874104384674,0.20462420977808465,1000,2019-01-02,2019-10-17,2019-10-18,2019-12-31,389538,61829,13538,1732,0.8720638203575122,0.6345265588914549,0.6937932857209639,0.601643241844442,0.6279981202396547,0.21980876097429225,0.24995631383860015,51,10000,0.12061128763394446,0.0990148286389723,0.12029666037674014,0.14191604818003875,0.0,0.022473970145489828,,2.7648595711678676,51,10000,-0.06520618453471767,0.14736367889840704,-0.21256986343312467,-0.49952258867439997,-0.19630708023662946,-0.0006055673324364148,0.9759
best_quote_updates,one_tick,ofi,0.2,0.22430674285948995,0.21895874104384674,0.20462420977808465,10000,2019-01-02,2019-10-17,2019-10-18,2019-12-31,389538,61829,13538,1138,0.9159403161471413,0.6274165202108963,0.6937932857209639,0.601643241844442,0.6279981202396547,0.21980876097429225,0.24995631383860015,51,10000,0.12061128763394446,0.0990148286389723,0.12029666037674014,0.14191604818003875,0.0,0.022473970145489828,,2.7648595711678676,51,10000,-0.257349445638182,0.14742455277039893,-0.4047739984085809,-0.7923127703864689,-0.3783387418969293,-0.09339625310211969,0.998
best_quote_updates,one_tick,ofi,1.0,1.0,1.0,0.0,0,2019-01-02,2019-10-17,2019-10-18,2019-12-31,389538,61829,61829,61829,0.0,0.7837260832295525,0.6937932857209639,0.601643241844442,0.6279981202396547,0.21980876097429225,0.24995631383860015,51,10000,0.12061128763394446,0.0990148286389723,0.12029666037674014,0.14191604818003875,0.0,0.022473970145489828,,2.7648595711678676,51,10000,0.17995249527874957,0.14657225925449496,0.03338023602425459,0.00722587119142049,0.03339822094957913,0.06202497189854611,0.0052
best_quote_updates,one_tick,ofi,1.0,1.0,1.0,0.0,10,2019-01-02,2019-10-17,2019-10-18,2019-12-31,389538,61829,61829,51952,0.15974704426725328,0.8051470588235294,0.6937932857209639,0.601643241844442,0.6279981202396547,0.21980876097429225,0.24995631383860015,51,10000,0.12061128763394446,0.0990148286389723,0.12029666037674014,0.14191604818003875,0.0,0.022473970145489828,,2.7648595711678676,51,10000,0.12981693253248788,0.1465723530671916,-0.016755420534703778,-0.04371683038057963,-0.016778038509328592,0.011105101765545583,0.8839
best_quote_updates,one_tick,ofi,1.0,1.0,1.0,0.0,100,2019-01-02,2019-10-17,2019-10-18,2019-12-31,389538,61829,61829,24223,0.6082259134063304,0.7966808405234694,0.6937932857209639,0.601643241844442,0.6279981202396547,0.21980876097429225,0.24995631383860015,51,10000,0.12061128763394446,0.0990148286389723,0.12029666037674014,0.14191604818003875,0.0,0.022473970145489828,,2.7648595711678676,51,10000,0.03270651901503637,0.14664185764714424,-0.11393533863210788,-0.16297544091643482,-0.11377228061602238,-0.06437309310662866,1.0
best_quote_updates,one_tick,ofi,1.0,1.0,1.0,0.0,1000,2019-01-02,2019-10-17,2019-10-18,2019-12-31,389538,61829,61829,10977,0.8224619515114266,0.7827275211806505,0.6937932857209639,0.601643241844442,0.6279981202396547,0.21980876097429225,0.24995631383860015,51,10000,0.12061128763394446,0.0990148286389723,0.12029666037674014,0.14191604818003875,0.0,0.022473970145489828,,2.7648595711678676,51,10000,-0.05902896251531668,0.14687566098942206,-0.20590462350473873,-0.29628125735198046,-0.2026079927766712,-0.13227168126275166,1.0
best_quote_updates,one_tick,ofi,1.0,1.0,1.0,0.0,10000,2019-01-02,2019-10-17,2019-10-18,2019-12-31,389538,61829,61829,7291,0.8820779892930501,0.7549033054450692,0.6937932857209639,0.601643241844442,0.6279981202396547,0.21980876097429225,0.24995631383860015,51,10000,0.12061128763394446,0.0990148286389723,0.12029666037674014,0.14191604818003875,0.0,0.022473970145489828,,2.7648595711678676,51,10000,-0.10382477807136534,0.14631439219118103,-0.25013917026254634,-0.3778181101721886,-0.2443697937753873,-0.15503093956230718,1.0
best_quote_updates,one_tick,queue,0.05,0.05587388136715802,0.12044509857833703,0.1943339521425202,0,2019-01-02,2019-10-17,2019-10-18,2019-12-31,389538,61829,7447,7447,0.0,0.0,0.626752539178586,0.5986834656876223,0.6693722516456398,0.23819677972737707,0.24995631383860015,51,10000,0.04704635754396835,0.0237635967065782,0.04754799735409754,0.06981444189784604,0.0001,-0.05284815001924011,0.7931987924945844,,51,10000,0.13078094033731982,0.1445088047998202,-0.013727864462500367,-0.18232078196265633,-0.006002764324800389,0.13995641480243284,0.5312
best_quote_updates,one_tick,queue,0.05,0.05587388136715802,0.12044509857833703,0.1943339521425202,10,2019-01-02,2019-10-17,2019-10-18,2019-12-31,389538,61829,7447,5787,0.2229085537800457,0.0,0.626752539178586,0.5986834656876223,0.6693722516456398,0.23819677972737707,0.24995631383860015,51,10000,0.04704635754396835,0.0237635967065782,0.04754799735409754,0.06981444189784604,0.0001,-0.05284815001924011,0.7931987924945844,,51,10000,0.13094107479984624,0.1444807093637736,-0.013539634563927436,-0.23067964909055183,-0.003260072228256767,0.16141441603298312,0.5121
best_quote_updates,one_tick,queue,0.05,0.05587388136715802,0.12044509857833703,0.1943339521425202,100,2019-01-02,2019-10-17,2019-10-18,2019-12-31,389538,61829,7447,3670,0.5071841009802605,0.0,0.626752539178586,0.5986834656876223,0.6693722516456398,0.23819677972737707,0.24995631383860015,51,10000,0.04704635754396835,0.0237635967065782,0.04754799735409754,0.06981444189784604,0.0001,-0.05284815001924011,0.7931987924945844,,51,10000,0.05268376257174539,0.14380942382510328,-0.09112566125335787,-0.4389584744415193,-0.07442482009092607,0.15532813733308293,0.7011
best_quote_updates,one_tick,queue,0.05,0.05587388136715802,0.12044509857833703,0.1943339521425202,1000,2019-01-02,2019-10-17,2019-10-18,2019-12-31,389538,61829,7447,2433,0.6732912582247885,0.0,0.626752539178586,0.5986834656876223,0.6693722516456398,0.23819677972737707,0.24995631383860015,51,10000,0.04704635754396835,0.0237635967065782,0.04754799735409754,0.06981444189784604,0.0001,-0.05284815001924011,0.7931987924945844,,51,10000,0.08570742451955932,0.14454469804365888,-0.05883727352409952,-0.5409335108880599,-0.03477987362970841,0.29795724373622084,0.5683
best_quote_updates,one_tick,queue,0.05,0.05587388136715802,0.12044509857833703,0.1943339521425202,10000,2019-01-02,2019-10-17,2019-10-18,2019-12-31,389538,61829,7447,1437,0.807036390492816,0.0,0.626752539178586,0.5986834656876223,0.6693722516456398,0.23819677972737707,0.24995631383860015,51,10000,0.04704635754396835,0.0237635967065782,0.04754799735409754,0.06981444189784604,0.0001,-0.05284815001924011,0.7931987924945844,,51,10000,0.03353633212559783,0.14196116592975436,-0.10842483380415652,-0.8336188317164789,-0.06770729082167223,0.4892783178434359,0.5753
best_quote_updates,one_tick,queue,0.1,0.1255410255225421,0.21378317617946271,0.17219105481676017,0,2019-01-02,2019-10-17,2019-10-18,2019-12-31,389538,61829,13218,13218,0.0,0.0,0.626752539178586,0.5986834656876223,0.6693722516456398,0.23819677972737707,0.24995631383860015,51,10000,0.04704635754396835,0.0237635967065782,0.04754799735409754,0.06981444189784604,0.0001,-0.05284815001924011,0.7931987924945844,,51,10000,0.10697580407153054,0.145845062332458,-0.038869258260927485,-0.14538071475616998,-0.034114144013897896,0.048780475073176975,0.7726
best_quote_updates,one_tick,queue,0.1,0.1255410255225421,0.21378317617946271,0.17219105481676017,10,2019-01-02,2019-10-17,2019-10-18,2019-12-31,389538,61829,13218,10572,0.20018157058556518,0.0,0.626752539178586,0.5986834656876223,0.6693722516456398,0.23819677972737707,0.24995631383860015,51,10000,0.04704635754396835,0.0237635967065782,0.04754799735409754,0.06981444189784604,0.0001,-0.05284815001924011,0.7931987924945844,,51,10000,0.08946148739101621,0.14597153920053207,-0.05651005180951586,-0.1868597390747235,-0.0507819511859242,0.04304391309184397,0.8356
best_quote_updates,one_tick,queue,0.1,0.1255410255225421,0.21378317617946271,0.17219105481676017,100,2019-01-02,2019-10-17,2019-10-18,2019-12-31,389538,61829,13218,5953,0.5496292933878045,0.0,0.626752539178586,0.5986834656876223,0.6693722516456398,0.23819677972737707,0.24995631383860015,51,10000,0.04704635754396835,0.0237635967065782,0.04754799735409754,0.06981444189784604,0.0001,-0.05284815001924011,0.7931987924945844,,51,10000,0.01684677938228712,0.14522673461614982,-0.1283799552338627,-0.35798765569878976,-0.11762040457203163,0.031523286626285923,0.9286
best_quote_updates,one_tick,queue,0.1,0.1255410255225421,0.21378317617946271,0.17219105481676017,1000,2019-01-02,2019-10-17,2019-10-18,2019-12-31,389538,61829,13218,3383,0.7440611287638069,0.0,0.626752539178586,0.5986834656876223,0.6693722516456398,0.23819677972737707,0.24995631383860015,51,10000,0.04704635754396835,0.0237635967065782,0.04754799735409754,0.06981444189784604,0.0001,-0.05284815001924011,0.7931987924945844,,51,10000,0.09333106327205834,0.14503702918283945,-0.05170596591078115,-0.3961806431400491,-0.03607546617709464,0.20118677016416417,0.5963
best_quote_updates,one_tick,queue,0.1,0.1255410255225421,0.21378317617946271,0.17219105481676017,10000,2019-01-02,2019-10-17,2019-10-18,2019-12-31,389538,61829,13218,2042,0.845513693448328,0.0,0.626752539178586,0.5986834656876223,0.6693722516456398,0.23819677972737707,0.24995631383860015,51,10000,0.04704635754396835,0.0237635967065782,0.04754799735409754,0.06981444189784604,0.0001,-0.05284815001924011,0.7931987924945844,,51,10000,0.0805610095019177,0.14341728902181,-0.06285627951989223,-0.5875256591652471,-0.033215759544992216,0.34227335515451096,0.5525
best_quote_updates,one_tick,queue,0.2,0.2104980772094122,0.3012502223875528,0.16081708387823956,0,2019-01-02,2019-10-17,2019-10-18,2019-12-31,389538,61829,18626,18626,0.0,0.1926876409320305,0.626752539178586,0.5986834656876223,0.6693722516456398,0.23819677972737707,0.24995631383860015,51,10000,0.04704635754396835,0.0237635967065782,0.04754799735409754,0.06981444189784604,0.0001,-0.05284815001924011,0.7931987924945844,,51,10000,0.13707985174167006,0.14636552491878754,-0.009285673177117494,-0.08917613801650781,-0.007345630285435098,0.06667032391168745,0.5781
best_quote_updates,one_tick,queue,0.2,0.2104980772094122,0.3012502223875528,0.16081708387823956,10,2019-01-02,2019-10-17,2019-10-18,2019-12-31,389538,61829,18626,14944,0.1976806614409965,0.18910599571734477,0.626752539178586,0.5986834656876223,0.6693722516456398,0.23819677972737707,0.24995631383860015,51,10000,0.04704635754396835,0.0237635967065782,0.04754799735409754,0.06981444189784604,0.0001,-0.05284815001924011,0.7931987924945844,,51,10000,0.11166112447304477,0.14641122994247802,-0.034750105469433204,-0.1321287487514667,-0.03233297029776752,0.05146660977270998,0.7718
best_quote_updates,one_tick,queue,0.2,0.2104980772094122,0.3012502223875528,0.16081708387823956,100,2019-01-02,2019-10-17,2019-10-18,2019-12-31,389538,61829,18626,7888,0.5765059594115752,0.15010141987829614,0.626752539178586,0.5986834656876223,0.6693722516456398,0.23819677972737707,0.24995631383860015,51,10000,0.04704635754396835,0.0237635967065782,0.04754799735409754,0.06981444189784604,0.0001,-0.05284815001924011,0.7931987924945844,,51,10000,0.047553550730560036,0.1455369755181932,-0.09798342478763315,-0.2805436078849944,-0.09175229629596096,0.0561549876789184,0.8884
best_quote_updates,one_tick,queue,0.2,0.2104980772094122,0.3012502223875528,0.16081708387823956,1000,2019-01-02,2019-10-17,2019-10-18,2019-12-31,389538,61829,18626,4170,0.7761194029850746,0.11270983213429256,0.626752539178586,0.5986834656876223,0.6693722516456398,0.23819677972737707,0.24995631383860015,51,10000,0.04704635754396835,0.0237635967065782,0.04754799735409754,0.06981444189784604,0.0001,-0.05284815001924011,0.7931987924945844,,51,10000,0.11112711625022938,0.14565666300640864,-0.03452954675617924,-0.3118160732881929,-0.02336012272164731,0.1725012345262595,0.5717
best_quote_updates,one_tick,queue,0.2,0.2104980772094122,0.3012502223875528,0.16081708387823956,10000,2019-01-02,2019-10-17,2019-10-18,2019-12-31,389538,61829,18626,2562,0.8624503382368732,0.1249024199843872,0.626752539178586,0.5986834656876223,0.6693722516456398,0.23819677972737707,0.24995631383860015,51,10000,0.04704635754396835,0.0237635967065782,0.04754799735409754,0.06981444189784604,0.0001,-0.05284815001924011,0.7931987924945844,,51,10000,0.13847479017453115,0.1444061920580777,-0.005931401883546452,-0.42341598776887607,0.01708585881636659,0.3228800965777651,0.4686
best_quote_updates,one_tick,queue,1.0,1.0,1.0,0.0,0,2019-01-02,2019-10-17,2019-10-18,2019-12-31,389538,61829,61829,61829,0.0,0.3837681346940756,0.626752539178586,0.5986834656876223,0.6693722516456398,0.23819677972737707,0.24995631383860015,51,10000,0.04704635754396835,0.0237635967065782,0.04754799735409754,0.06981444189784604,0.0001,-0.05284815001924011,0.7931987924945844,,51,10000,0.10550891363190851,0.14657225925449496,-0.04106334562258642,-0.07077835789719819,-0.040876690749378344,-0.00804224588393024,0.9924
best_quote_updates,one_tick,queue,1.0,1.0,1.0,0.0,10,2019-01-02,2019-10-17,2019-10-18,2019-12-31,389538,61829,61829,51952,0.15974704426725328,0.3838350785340314,0.626752539178586,0.5986834656876223,0.6693722516456398,0.23819677972737707,0.24995631383860015,51,10000,0.04704635754396835,0.0237635967065782,0.04754799735409754,0.06981444189784604,0.0001,-0.05284815001924011,0.7931987924945844,,51,10000,0.0807079907054831,0.1465723530671916,-0.06586436236170855,-0.09837951585949381,-0.06564794148170605,-0.030952306756987,0.9996
best_quote_updates,one_tick,queue,1.0,1.0,1.0,0.0,100,2019-01-02,2019-10-17,2019-10-18,2019-12-31,389538,61829,61829,24223,0.6082259134063304,0.350452049704826,0.626752539178586,0.5986834656876223,0.6693722516456398,0.23819677972737707,0.24995631383860015,51,10000,0.04704635754396835,0.0237635967065782,0.04754799735409754,0.06981444189784604,0.0001,-0.05284815001924011,0.7931987924945844,,51,10000,0.010931165097510374,0.14664185764714424,-0.13571069254963386,-0.19859717639331823,-0.13400930415750445,-0.07968808113941549,1.0
best_quote_updates,one_tick,queue,1.0,1.0,1.0,0.0,1000,2019-01-02,2019-10-17,2019-10-18,2019-12-31,389538,61829,61829,10977,0.8224619515114266,0.31411132367677874,0.626752539178586,0.5986834656876223,0.6693722516456398,0.23819677972737707,0.24995631383860015,51,10000,0.04704635754396835,0.0237635967065782,0.04754799735409754,0.06981444189784604,0.0001,-0.05284815001924011,0.7931987924945844,,51,10000,0.07525286209233603,0.14687566098942206,-0.07162279889708605,-0.17685751163595057,-0.06723216176744896,0.0037541434336714917,0.9671
best_quote_updates,one_tick,queue,1.0,1.0,1.0,0.0,10000,2019-01-02,2019-10-17,2019-10-18,2019-12-31,389538,61829,61829,7291,0.8820779892930501,0.32121793992593606,0.626752539178586,0.5986834656876223,0.6693722516456398,0.23819677972737707,0.24995631383860015,51,10000,0.04704635754396835,0.0237635967065782,0.04754799735409754,0.06981444189784604,0.0001,-0.05284815001924011,0.7931987924945844,,51,10000,0.09770069886765144,0.14631439219118103,-0.04861369332352958,-0.2017051034725602,-0.0408347219018916,0.055373575630276686,0.757
best_quote_updates,one_tick,queue_and_ofi,0.05,0.05078580266880253,0.04858561516440505,0.3722127935552819,0,2019-01-02,2019-10-17,2019-10-18,2019-12-31,389538,61829,3004,3004,0.0,0.5895472703062583,0.7522882632135836,0.68288343657507,0.5953650611281305,0.20437213024751297,0.24995631383860015,51,10000,0.18236860230112617,0.16330535427581827,0.18210874083640777,0.19974334131886745,0.0,0.012427328947931898,0.7668729576161881,2.691641911377615,51,10000,0.6480439499233053,0.14751670365215644,0.5005272462711488,0.4158498934511565,0.5001318693775314,0.5901096130886334,0.0
best_quote_updates,one_tick,queue_and_ofi,0.05,0.05078580266880253,0.04858561516440505,0.3722127935552819,10,2019-01-02,2019-10-17,2019-10-18,2019-12-31,389538,61829,3004,1542,0.48668442077230356,0.6232166018158236,0.7522882632135836,0.68288343657507,0.5953650611281305,0.20437213024751297,0.24995631383860015,51,10000,0.18236860230112617,0.16330535427581827,0.18210874083640777,0.19974334131886745,0.0,0.012427328947931898,0.7668729576161881,2.691641911377615,51,10000,0.5849013034829864,0.14769438128890142,0.4372069221940849,0.3468774256539292,0.4363346456111532,0.5324041368136275,0.0
best_quote_updates,one_tick,queue_and_ofi,0.05,0.05078580266880253,0.04858561516440505,0.3722127935552819,100,2019-01-02,2019-10-17,2019-10-18,2019-12-31,389538,61829,3004,482,0.8395472703062583,0.6452282157676349,0.7522882632135836,0.68288343657507,0.5953650611281305,0.20437213024751297,0.24995631383860015,51,10000,0.18236860230112617,0.16330535427581827,0.18210874083640777,0.19974334131886745,0.0,0.012427328947931898,0.7668729576161881,2.691641911377615,51,10000,0.31501242132079316,0.14834136397425104,0.16667105734654214,0.07489094915018325,0.1659985560394227,0.26706393535380374,0.0001
best_quote_updates,one_tick,queue_and_ofi,0.05,0.05078580266880253,0.04858561516440505,0.3722127935552819,1000,2019-01-02,2019-10-17,2019-10-18,2019-12-31,389538,61829,3004,195,0.93508655126498,0.6871794871794872,0.7522882632135836,0.68288343657507,0.5953650611281305,0.20437213024751297,0.24995631383860015,51,10000,0.18236860230112617,0.16330535427581827,0.18210874083640777,0.19974334131886745,0.0,0.012427328947931898,0.7668729576161881,2.691641911377615,51,10000,0.16344529637928873,0.15090405074340513,0.012541245635883587,-0.08623541539726923,0.012137093144410253,0.13259604669130573,0.4101
best_quote_updates,one_tick,queue_and_ofi,0.05,0.05078580266880253,0.04858561516440505,0.3722127935552819,10000,2019-01-02,2019-10-17,2019-10-18,2019-12-31,389538,61829,3004,133,0.9557256990679095,0.7368421052631579,0.7522882632135836,0.68288343657507,0.5953650611281305,0.20437213024751297,0.24995631383860015,51,10000,0.18236860230112617,0.16330535427581827,0.18210874083640777,0.19974334131886745,0.0,0.012427328947931898,0.7668729576161881,2.691641911377615,51,10000,0.1313916412592707,0.14929700042694735,-0.017905359167676698,-0.15477317112669944,-0.01853481601925687,0.15853075074021392,0.5981
best_quote_updates,one_tick,queue_and_ofi,0.1,0.10014170632903593,0.09359685584434489,0.32498038007364227,0,2019-01-02,2019-10-17,2019-10-18,2019-12-31,389538,61829,5787,5787,0.0,0.5667876274408156,0.7522882632135836,0.68288343657507,0.5953650611281305,0.20437213024751297,0.24995631383860015,51,10000,0.18236860230112617,0.16330535427581827,0.18210874083640777,0.19974334131886745,0.0,0.012427328947931898,0.7668729576161881,2.691641911377615,51,10000,0.544988226706383,0.14591372344515396,0.39907450326122906,0.2980921130536801,0.40144454465385515,0.4997095106197027,0.0
best_quote_updates,one_tick,queue_and_ofi,0.1,0.10014170632903593,0.09359685584434489,0.32498038007364227,10,2019-01-02,2019-10-17,2019-10-18,2019-12-31,389538,61829,5787,3367,0.41817867634352857,0.5687555687555688,0.7522882632135836,0.68288343657507,0.5953650611281305,0.20437213024751297,0.24995631383860015,51,10000,0.18236860230112617,0.16330535427581827,0.18210874083640777,0.19974334131886745,0.0,0.012427328947931898,0.7668729576161881,2.691641911377615,51,10000,0.44794345504982713,0.1459704522996843,0.3019730027501428,0.13522308058504423,0.3088291068672112,0.4526585038738232,0.0005
best_quote_updates,one_tick,queue_and_ofi,0.1,0.10014170632903593,0.09359685584434489,0.32498038007364227,100,2019-01-02,2019-10-17,2019-10-18,2019-12-31,389538,61829,5787,1311,0.7734577501296008,0.5804729214340199,0.7522882632135836,0.68288343657507,0.5953650611281305,0.20437213024751297,0.24995631383860015,51,10000,0.18236860230112617,0.16330535427581827,0.18210874083640777,0.19974334131886745,0.0,0.012427328947931898,0.7668729576161881,2.691641911377615,51,10000,0.10978052713911042,0.14492464625649049,-0.035144119117380024,-0.42230173118618,-0.020170860746495926,0.32982173125482506,0.5379
best_quote_updates,one_tick,queue_and_ofi,0.1,0.10014170632903593,0.09359685584434489,0.32498038007364227,1000,2019-01-02,2019-10-17,2019-10-18,2019-12-31,389538,61829,5787,573,0.9009849663037843,0.5794066317626527,0.7522882632135836,0.68288343657507,0.5953650611281305,0.20437213024751297,0.24995631383860015,51,10000,0.18236860230112617,0.16330535427581827,0.18210874083640777,0.19974334131886745,0.0,0.012427328947931898,0.7668729576161881,2.691641911377615,51,10000,-0.30806136704079706,0.14546016597599648,-0.4535215330167935,-1.0857271365763095,-0.41936407757706184,0.05127813340196578,0.9176
best_quote_updates,one_tick,queue_and_ofi,0.1,0.10014170632903593,0.09359685584434489,0.32498038007364227,10000,2019-01-02,2019-10-17,2019-10-18,2019-12-31,389538,61829,5787,452,0.9218939001209607,0.581858407079646,0.7522882632135836,0.68288343657507,0.5953650611281305,0.20437213024751297,0.24995631383860015,51,10000,0.18236860230112617,0.16330535427581827,0.18210874083640777,0.19974334131886745,0.0,0.012427328947931898,0.7668729576161881,2.691641911377615,51,10000,-0.4451407133030177,0.14413809070573452,-0.5892788040087521,-1.3234070056713367,-0.546993816478947,0.04444125914345998,0.9389
best_quote_updates,one_tick,queue_and_ofi,0.2,0.20063767848066172,0.1883582137831762,0.23662880066247122,0,2019-01-02,2019-10-17,2019-10-18,2019-12-31,389538,61829,11646,11646,0.0,0.5493731753391723,0.7522882632135836,0.68288343657507,0.5953650611281305,0.20437213024751297,0.24995631383860015,51,10000,0.18236860230112617,0.16330535427581827,0.18210874083640777,0.19974334131886745,0.0,0.012427328947931898,0.7668729576161881,2.691641911377615,51,10000,0.488899895982861,0.1458533049174615,0.3430465910653995,0.251194951127452,0.3454118746649161,0.4386686684383058,0.0
best_quote_updates,one_tick,queue_and_ofi,0.2,0.20063767848066172,0.1883582137831762,0.23662880066247122,10,2019-01-02,2019-10-17,2019-10-18,2019-12-31,389538,61829,11646,7650,0.3431221020092736,0.5351633986928105,0.7522882632135836,0.68288343657507,0.5953650611281305,0.20437213024751297,0.24995631383860015,51,10000,0.18236860230112617,0.16330535427581827,0.18210874083640777,0.19974334131886745,0.0,0.012427328947931898,0.7668729576161881,2.691641911377615,51,10000,0.3974448927833602,0.1459315375013102,0.2515133552820501,0.11805682220590573,0.2559088883263827,0.37755994860935693,0.0005
best_quote_updates,one_tick,queue_and_ofi,0.2,0.20063767848066172,0.1883582137831762,0.23662880066247122,100,2019-01-02,2019-10-17,2019-10-18,2019-12-31,389538,61829,11646,3429,0.705564142194745,0.5147273257509478,0.7522882632135836,0.68288343657507,0.5953650611281305,0.20437213024751297,0.24995631383860015,51,10000,0.18236860230112617,0.16330535427581827,0.18210874083640777,0.19974334131886745,0.0,0.012427328947931898,0.7668729576161881,2.691641911377615,51,10000,0.12052914470039686,0.1449923496829583,-0.024463204982561416,-0.3075415471159082,-0.01390815842951767,0.23419870287380448,0.5407
best_quote_updates,one_tick,queue_and_ofi,0.2,0.20063767848066172,0.1883582137831762,0.23662880066247122,1000,2019-01-02,2019-10-17,2019-10-18,2019-12-31,389538,61829,11646,1732,0.8512794092392237,0.44515011547344113,0.7522882632135836,0.68288343657507,0.5953650611281305,0.20437213024751297,0.24995631383860015,51,10000,0.18236860230112617,0.16330535427581827,0.18210874083640777,0.19974334131886745,0.0,0.012427328947931898,0.7668729576161881,2.691641911377615,51,10000,-0.08447574717236685,0.14509782734340415,-0.229573574515771,-0.7015898013831292,-0.21294867617686036,0.05128926128724266,0.8584
best_quote_updates,one_tick,queue_and_ofi,0.2,0.20063767848066172,0.1883582137831762,0.23662880066247122,10000,2019-01-02,2019-10-17,2019-10-18,2019-12-31,389538,61829,11646,1402,0.879615318564314,0.42011412268188303,0.7522882632135836,0.68288343657507,0.5953650611281305,0.20437213024751297,0.24995631383860015,51,10000,0.18236860230112617,0.16330535427581827,0.18210874083640777,0.19974334131886745,0.0,0.012427328947931898,0.7668729576161881,2.691641911377615,51,10000,-0.15881778050712828,0.14407627588526672,-0.3028940563923951,-0.8989621881953808,-0.27925818773886857,0.04452931984857742,0.9082
best_quote_updates,one_tick,queue_and_ofi,1.0,1.0,1.0,0.0,0,2019-01-02,2019-10-17,2019-10-18,2019-12-31,389538,61829,61829,61829,0.0,0.5140306328745411,0.7522882632135836,0.68288343657507,0.5953650611281305,0.20437213024751297,0.24995631383860015,51,10000,0.18236860230112617,0.16330535427581827,0.18210874083640777,0.19974334131886745,0.0,0.012427328947931898,0.7668729576161881,2.691641911377615,51,10000,0.23985170165698072,0.14657225925449496,0.09327944240248578,0.06372385293389109,0.09309622850526032,0.12649978152644314,0.0
best_quote_updates,one_tick,queue_and_ofi,1.0,1.0,1.0,0.0,10,2019-01-02,2019-10-17,2019-10-18,2019-12-31,389538,61829,61829,51952,0.15974704426725328,0.5085271019402525,0.7522882632135836,0.68288343657507,0.5953650611281305,0.20437213024751297,0.24995631383860015,51,10000,0.18236860230112617,0.16330535427581827,0.18210874083640777,0.19974334131886745,0.0,0.012427328947931898,0.7668729576161881,2.691641911377615,51,10000,0.18774937584377768,0.1465723530671916,0.04117702277658604,0.009778463450648901,0.04122549155194745,0.0743849255837417,0.0055
best_quote_updates,one_tick,queue_and_ofi,1.0,1.0,1.0,0.0,100,2019-01-02,2019-10-17,2019-10-18,2019-12-31,389538,61829,61829,24223,0.6082259134063304,0.47401230235726377,0.7522882632135836,0.68288343657507,0.5953650611281305,0.20437213024751297,0.24995631383860015,51,10000,0.18236860230112617,0.16330535427581827,0.18210874083640777,0.19974334131886745,0.0,0.012427328947931898,0.7668729576161881,2.691641911377615,51,10000,0.07164972307807665,0.14664185764714424,-0.0749921345690676,-0.13489858820886688,-0.07361662239362388,-0.023697378558100095,0.9976
best_quote_updates,one_tick,queue_and_ofi,1.0,1.0,1.0,0.0,1000,2019-01-02,2019-10-17,2019-10-18,2019-12-31,389538,61829,61829,10977,0.8224619515114266,0.42989887947526645,0.7522882632135836,0.68288343657507,0.5953650611281305,0.20437213024751297,0.24995631383860015,51,10000,0.18236860230112617,0.16330535427581827,0.18210874083640777,0.19974334131886745,0.0,0.012427328947931898,0.7668729576161881,2.691641911377615,51,10000,0.08135318650700285,0.14687566098942206,-0.06552247448241923,-0.16753786074087684,-0.060581612969752036,-0.006037597862401621,0.9904
best_quote_updates,one_tick,queue_and_ofi,1.0,1.0,1.0,0.0,10000,2019-01-02,2019-10-17,2019-10-18,2019-12-31,389538,61829,61829,7291,0.8820779892930501,0.43094225757783566,0.7522882632135836,0.68288343657507,0.5953650611281305,0.20437213024751297,0.24995631383860015,51,10000,0.18236860230112617,0.16330535427581827,0.18210874083640777,0.19974334131886745,0.0,0.012427328947931898,0.7668729576161881,2.691641911377615,51,10000,0.06269332815016718,0.14631439219118103,-0.08362106404101385,-0.23292936010252832,-0.076931382383752,0.00010250706919332868,0.9745
best_quote_updates,over_ten_ticks,ofi,0.05,0.06079021438957418,0.061042331916094775,0.19297228515225473,0,2019-01-02,2019-10-17,2019-10-18,2019-12-31,10171670,2720784,166083,166083,0.0,0.4180078635381105,0.5847438803846737,0.5494423666119765,0.6770394436105828,0.24213813625871716,0.2500293453918414,51,10000,0.0315611318373743,0.029408831997622703,0.03155311470511357,0.033541747647501396,0.0,-0.013451693455020897,,2.0682174222384098,51,10000,0.3511301036934111,2.606088766860179,-2.254958663166768,-2.4198023938574185,-2.248377963899441,-2.118985920845224,1.0
best_quote_updates,over_ten_ticks,ofi,0.05,0.06079021438957418,0.061042331916094775,0.19297228515225473,10,2019-01-02,2019-10-17,2019-10-18,2019-12-31,10171670,2720784,166083,128516,0.2261941318497378,0.40335055557284694,0.5847438803846737,0.5494423666119765,0.6770394436105828,0.24213813625871716,0.2500293453918414,51,10000,0.0315611318373743,0.029408831997622703,0.03155311470511357,0.033541747647501396,0.0,-0.013451693455020897,,2.0682174222384098,51,10000,0.2741639123891027,2.634828058657475,-2.360664146268373,-2.537916142303759,-2.3537965714187203,-2.2146327362631584,1.0
best_quote_updates,over_ten_ticks,ofi,0.05,0.06079021438957418,0.061042331916094775,0.19297228515225473,100,2019-01-02,2019-10-17,2019-10-18,2019-12-31,10171670,2720784,166083,95257,0.4264494258894649,0.3925590770232109,0.5847438803846737,0.5494423666119765,0.6770394436105828,0.24213813625871716,0.2500293453918414,51,10000,0.0315611318373743,0.029408831997622703,0.03155311470511357,0.033541747647501396,0.0,-0.013451693455020897,,2.0682174222384098,51,10000,0.11691318437712815,2.699916078286291,-2.5830028939091627,-2.79348058449921,-2.5743354950920887,-2.411798528990121,1.0
best_quote_updates,over_ten_ticks,ofi,0.05,0.06079021438957418,0.061042331916094775,0.19297228515225473,1000,2019-01-02,2019-10-17,2019-10-18,2019-12-31,10171670,2720784,166083,71471,0.5696669737420446,0.38839529319584165,0.5847438803846737,0.5494423666119765,0.6770394436105828,0.24213813625871716,0.2500293453918414,51,10000,0.0315611318373743,0.029408831997622703,0.03155311470511357,0.033541747647501396,0.0,-0.013451693455020897,,2.0682174222384098,51,10000,0.049700976229126136,2.675499155651243,-2.625798179422117,-2.8146070994235823,-2.619377514771546,-2.467228842513178,1.0
best_quote_updates,over_ten_ticks,ofi,0.05,0.06079021438957418,0.061042331916094775,0.19297228515225473,10000,2019-01-02,2019-10-17,2019-10-18,2019-12-31,10171670,2720784,166083,54224,0.6735126412697265,0.39145028031867807,0.5847438803846737,0.5494423666119765,0.6770394436105828,0.24213813625871716,0.2500293453918414,51,10000,0.0315611318373743,0.029408831997622703,0.03155311470511357,0.033541747647501396,0.0,-0.013451693455020897,,2.0682174222384098,51,10000,0.048167348107384884,2.586701054770186,-2.5385337066628018,-2.671382078966075,-2.5368818582732398,-2.4112333775065724,1.0
best_quote_updates,over_ten_ticks,ofi,0.1,0.10588605410910892,0.10024757569876917,0.15784718927265384,0,2019-01-02,2019-10-17,2019-10-18,2019-12-31,10171670,2720784,272752,272752,0.0,0.5060201208423769,0.5847438803846737,0.5494423666119765,0.6770394436105828,0.24213813625871716,0.2500293453918414,51,10000,0.0315611318373743,0.029408831997622703,0.03155311470511357,0.033541747647501396,0.0,-0.013451693455020897,,2.0682174222384098,51,10000,0.30316412868692494,2.6867578270854953,-2.3835936983985704,-2.543656145279257,-2.378592436324502,-2.2416462127868275,1.0
best_quote_updates,over_ten_ticks,ofi,0.1,0.10588605410910892,0.10024757569876917,0.15784718927265384,10,2019-01-02,2019-10-17,2019-10-18,2019-12-31,10171670,2720784,272752,224694,0.17619669149997064,0.505634329354589,0.5847438803846737,0.5494423666119765,0.6770394436105828,0.24213813625871716,0.2500293453918414,51,10000,0.0315611318373743,0.029408831997622703,0.03155311470511357,0.033541747647501396,0.0,-0.013451693455020897,,2.0682174222384098,51,10000,0.24098865525445298,2.718235808617689,-2.4772471533632374,-2.6474321580422697,-2.4720727121106774,-2.3273133848913843,1.0
best_quote_updates,over_ten_ticks,ofi,0.1,0.10588605410910892,0.10024757569876917,0.15784718927265384,100,2019-01-02,2019-10-17,2019-10-18,2019-12-31,10171670,2720784,272752,176940,0.35127881738722355,0.5076466598847067,0.5847438803846737,0.5494423666119765,0.6770394436105828,0.24213813625871716,0.2500293453918414,51,10000,0.0315611318373743,0.029408831997622703,0.03155311470511357,0.033541747647501396,0.0,-0.013451693455020897,,2.0682174222384098,51,10000,0.12122798717816308,2.778638313738624,-2.6574103265604605,-2.8504259572968422,-2.651050481809154,-2.4893558181040536,1.0
best_quote_updates,over_ten_ticks,ofi,0.1,0.10588605410910892,0.10024757569876917,0.15784718927265384,1000,2019-01-02,2019-10-17,2019-10-18,2019-12-31,10171670,2720784,272752,137243,0.4968212882032029,0.5093228798554389,0.5847438803846737,0.5494423666119765,0.6770394436105828,0.24213813625871716,0.2500293453918414,51,10000,0.0315611318373743,0.029408831997622703,0.03155311470511357,0.033541747647501396,0.0,-0.013451693455020897,,2.0682174222384098,51,10000,0.07348045262193963,2.763318563091224,-2.689838110469284,-2.8696249147773005,-2.6845644197386003,-2.5305791104332465,1.0
best_quote_updates,over_ten_ticks,ofi,0.1,0.10588605410910892,0.10024757569876917,0.15784718927265384,10000,2019-01-02,2019-10-17,2019-10-18,2019-12-31,10171670,2720784,272752,104880,0.6154748636123658,0.5140446224256293,0.5847438803846737,0.5494423666119765,0.6770394436105828,0.24213813625871716,0.2500293453918414,51,10000,0.0315611318373743,0.029408831997622703,0.03155311470511357,0.033541747647501396,0.0,-0.013451693455020897,,2.0682174222384098,51,10000,0.0729679505726806,2.6767826898556857,-2.6038147392830053,-2.7493088643531864,-2.6008954984700914,-2.4669318680498256,1.0
best_quote_updates,over_ten_ticks,ofi,0.2,0.21539157286856533,0.18970928967532888,0.09552379881235695,0,2019-01-02,2019-10-17,2019-10-18,2019-12-31,10171670,2720784,516158,516158,0.0,0.5051321494581117,0.5847438803846737,0.5494423666119765,0.6770394436105828,0.24213813625871716,0.2500293453918414,51,10000,0.0315611318373743,0.029408831997622703,0.03155311470511357,0.033541747647501396,0.0,-0.013451693455020897,,2.0682174222384098,51,10000,0.2413987076231332,2.8154989345387533,-2.57410022691562,-2.7354516636127357,-2.5699470027242883,-2.4223645243151783,1.0
best_quote_updates,over_ten_ticks,ofi,0.2,0.21539157286856533,0.18970928967532888,0.09552379881235695,10,2019-01-02,2019-10-17,2019-10-18,2019-12-31,10171670,2720784,516158,452195,0.12392135741381516,0.5043598447572397,0.5847438803846737,0.5494423666119765,0.6770394436105828,0.24213813625871716,0.2500293453918414,51,10000,0.0315611318373743,0.029408831997622703,0.03155311470511357,0.033541747647501396,0.0,-0.013451693455020897,,2.0682174222384098,51,10000,0.19628820644467562,2.8475504538306375,-2.6512622473859624,-2.8192603521060913,-2.646376174262033,-2.4938391210813124,1.0
best_quote_updates,over_ten_ticks,ofi,0.2,0.21539157286856533,0.18970928967532888,0.09552379881235695,100,2019-01-02,2019-10-17,2019-10-18,2019-12-31,10171670,2720784,516158,378523,0.26665284660898403,0.5055412749027139,0.5847438803846737,0.5494423666119765,0.6770394436105828,0.24213813625871716,0.2500293453918414,51,10000,0.0315611318373743,0.029408831997622703,0.03155311470511357,0.033541747647501396,0.0,-0.013451693455020897,,2.0682174222384098,51,10000,0.11416811228425017,2.9037960331802894,-2.7896279208960393,-2.969420829119131,-2.784107504478235,-2.620899638280423,1.0
best_quote_updates,over_ten_ticks,ofi,0.2,0.21539157286856533,0.18970928967532888,0.09552379881235695,1000,2019-01-02,2019-10-17,2019-10-18,2019-12-31,10171670,2720784,516158,303095,0.41278639486358826,0.5069334697042182,0.5847438803846737,0.5494423666119765,0.6770394436105828,0.24213813625871716,0.2500293453918414,51,10000,0.0315611318373743,0.029408831997622703,0.03155311470511357,0.033541747647501396,0.0,-0.013451693455020897,,2.0682174222384098,51,10000,0.08303887188946196,2.899093237624489,-2.816054365735027,-2.9872247102190266,-2.811227743034463,-2.654147514961977,1.0
best_quote_updates,over_ten_ticks,ofi,0.2,0.21539157286856533,0.18970928967532888,0.09552379881235695,10000,2019-01-02,2019-10-17,2019-10-18,2019-12-31,10171670,2720784,516158,229426,0.5555120718849654,0.5142180921081307,0.5847438803846737,0.5494423666119765,0.6770394436105828,0.24213813625871716,0.2500293453918414,51,10000,0.0315611318373743,0.029408831997622703,0.03155311470511357,0.033541747647501396,0.0,-0.013451693455020897,,2.0682174222384098,51,10000,0.08213768440172961,2.8030910081651674,-2.720953323763437,-2.8681376420952915,-2.717715897222159,-2.5781776925648794,1.0
best_quote_updates,over_ten_ticks,ofi,1.0,1.0,1.0,0.0,0,2019-01-02,2019-10-17,2019-10-18,2019-12-31,10171670,2720784,2720784,2720784,0.0,0.13856888308663973,0.5847438803846737,0.5494423666119765,0.6770394436105828,0.24213813625871716,0.2500293453918414,51,10000,0.0315611318373743,0.029408831997622703,0.03155311470511357,0.033541747647501396,0.0,-0.013451693455020897,,2.0682174222384098,51,10000,0.0616343751694566,2.939868614112802,-2.878234238943345,-3.0383015477940853,-2.874944010663963,-2.723194648059416,1.0
best_quote_updates,over_ten_ticks,ofi,1.0,1.0,1.0,0.0,10,2019-01-02,2019-10-17,2019-10-18,2019-12-31,10171670,2720784,2720784,2518323,0.07441274279766419,0.13256917400984702,0.5847438803846737,0.5494423666119765,0.6770394436105828,0.24213813625871716,0.2500293453918414,51,10000,0.0315611318373743,0.029408831997622703,0.03155311470511357,0.033541747647501396,0.0,-0.013451693455020897,,2.0682174222384098,51,10000,0.04745156227695621,2.9537537191234513,-2.9063021568464946,-3.0662155272486737,-2.903190239911143,-2.7506939439662053,1.0
best_quote_updates,over_ten_ticks,ofi,1.0,1.0,1.0,0.0,100,2019-01-02,2019-10-17,2019-10-18,2019-12-31,10171670,2720784,2720784,1965181,0.27771517327358586,0.1424891651201594,0.5847438803846737,0.5494423666119765,0.6770394436105828,0.24213813625871716,0.2500293453918414,51,10000,0.0315611318373743,0.029408831997622703,0.03155311470511357,0.033541747647501396,0.0,-0.013451693455020897,,2.0682174222384098,51,10000,0.02462520853377681,3.005196074008967,-2.980570865475191,-3.1407320419545486,-2.9775126354954398,-2.822676547775923,1.0
best_quote_updates,over_ten_ticks,ofi,1.0,1.0,1.0,0.0,1000,2019-01-02,2019-10-17,2019-10-18,2019-12-31,10171670,2720784,2720784,1528504,0.4382119271504096,0.14650926657699292,0.5847438803846737,0.5494423666119765,0.6770394436105828,0.24213813625871716,0.2500293453918414,51,10000,0.0315611318373743,0.029408831997622703,0.03155311470511357,0.033541747647501396,0.0,-0.013451693455020897,,2.0682174222384098,51,10000,0.014888058509895155,3.0149322164853065,-3.0000441579754114,-3.1583410750049983,-2.9967097729191776,-2.8458640217315305,1.0
best_quote_updates,over_ten_ticks,ofi,1.0,1.0,1.0,0.0,10000,2019-01-02,2019-10-17,2019-10-18,2019-12-31,10171670,2720784,2720784,1126743,0.5858756152638357,0.15312897439788842,0.5847438803846737,0.5494423666119765,0.6770394436105828,0.24213813625871716,0.2500293453918414,51,10000,0.0315611318373743,0.029408831997622703,0.03155311470511357,0.033541747647501396,0.0,-0.013451693455020897,,2.0682174222384098,51,10000,0.010190399475070992,2.9239639488382947,-2.9137735493632237,-3.0635650170820736,-2.9106405969386167,-2.769535625241114,1.0
best_quote_updates,over_ten_ticks,queue,0.05,0.061409778335317605,0.06751803891819416,0.09845771051542657,0,2019-01-02,2019-10-17,2019-10-18,2019-12-31,10171670,2720784,183702,183702,0.0,0.0,0.5471351146897728,0.5398355768043329,0.690733268603469,0.2487826048982994,0.2500293453918414,51,10000,0.004986376665459646,0.003645288285735321,0.005004361954162151,0.006428687522513005,0.0,-0.01348039682801396,0.39841469698197746,,51,10000,0.04665095158320902,2.8935275632552826,-2.8468766116720743,-3.0047445796894134,-2.8429594296749823,-2.7020215350037367,1.0
best_quote_updates,over_ten_ticks,queue,0.05,0.061409778335317605,0.06751803891819416,0.09845771051542657,10,2019-01-02,2019-10-17,2019-10-18,2019-12-31,10171670,2720784,183702,165012,0.10174086291929318,0.0,0.5471351146897728,0.5398355768043329,0.690733268603469,0.2487826048982994,0.2500293453918414,51,10000,0.004986376665459646,0.003645288285735321,0.005004361954162151,0.006428687522513005,0.0,-0.01348039682801396,0.39841469698197746,,51,10000,0.03663691726644857,2.907038163863374,-2.8704012465969253,-3.0304489530945538,-2.8666951831457905,-2.7240450384309076,1.0
best_quote_updates,over_ten_ticks,queue,0.05,0.061409778335317605,0.06751803891819416,0.09845771051542657,100,2019-01-02,2019-10-17,2019-10-18,2019-12-31,10171670,2720784,183702,131966,0.2816300312462575,0.0,0.5471351146897728,0.5398355768043329,0.690733268603469,0.2487826048982994,0.2500293453918414,51,10000,0.004986376665459646,0.003645288285735321,0.005004361954162151,0.006428687522513005,0.0,-0.01348039682801396,0.39841469698197746,,51,10000,0.025081232423263922,2.937058425278419,-2.911977192855155,-3.076393697711526,-2.907939284018139,-2.7623413097200737,1.0
best_quote_updates,over_ten_ticks,queue,0.05,0.061409778335317605,0.06751803891819416,0.09845771051542657,1000,2019-01-02,2019-10-17,2019-10-18,2019-12-31,10171670,2720784,183702,105023,0.4282969156568791,0.0,0.5471351146897728,0.5398355768043329,0.690733268603469,0.2487826048982994,0.2500293453918414,51,10000,0.004986376665459646,0.003645288285735321,0.005004361954162151,0.006428687522513005,0.0,-0.01348039682801396,0.39841469698197746,,51,10000,0.04591165512284849,2.941270693186351,-2.8953590380635026,-3.044277745904463,-2.892348073733362,-2.756272031825168,1.0
best_quote_updates,over_ten_ticks,queue,0.05,0.061409778335317605,0.06751803891819416,0.09845771051542657,10000,2019-01-02,2019-10-17,2019-10-18,2019-12-31,10171670,2720784,183702,79776,0.5657314563804423,0.0,0.5471351146897728,0.5398355768043329,0.690733268603469,0.2487826048982994,0.2500293453918414,51,10000,0.004986376665459646,0.003645288285735321,0.005004361954162151,0.006428687522513005,0.0,-0.01348039682801396,0.39841469698197746,,51,10000,0.05054987242955523,2.8604334714576396,-2.809883599028085,-2.951763373653848,-2.8073099669178747,-2.680192776987109,1.0
best_quote_updates,over_ten_ticks,queue,0.1,0.1544382584177426,0.16823937512128856,0.09196201856065911,0,2019-01-02,2019-10-17,2019-10-18,2019-12-31,10171670,2720784,457743,457743,0.0,0.35313702230290794,0.5471351146897728,0.5398355768043329,0.690733268603469,0.2487826048982994,0.2500293453918414,51,10000,0.004986376665459646,0.003645288285735321,0.005004361954162151,0.006428687522513005,0.0,-0.01348039682801396,0.39841469698197746,,51,10000,0.056981316975337364,2.8675647767521837,-2.8105834597768466,-2.9659144898319765,-2.8066607352937654,-2.6663742107449,1.0
best_quote_updates,over_ten_ticks,queue,0.1,0.1544382584177426,0.16823937512128856,0.09196201856065911,10,2019-01-02,2019-10-17,2019-10-18,2019-12-31,10171670,2720784,457743,414389,0.09471253519988287,0.354715014153368,0.5471351146897728,0.5398355768043329,0.690733268603469,0.2487826048982994,0.2500293453918414,51,10000,0.004986376665459646,0.003645288285735321,0.005004361954162151,0.006428687522513005,0.0,-0.01348039682801396,0.39841469698197746,,51,10000,0.046617382391437,2.880265928480744,-2.8336485460893073,-2.989252285262172,-2.8298978943121056,-2.688465767855409,1.0
best_quote_updates,over_ten_ticks,queue,0.1,0.1544382584177426,0.16823937512128856,0.09196201856065911,100,2019-01-02,2019-10-17,2019-10-18,2019-12-31,10171670,2720784,457743,327462,0.284616040004981,0.35529313324904876,0.5471351146897728,0.5398355768043329,0.690733268603469,0.2487826048982994,0.2500293453918414,51,10000,0.004986376665459646,0.003645288285735321,0.005004361954162151,0.006428687522513005,0.0,-0.01348039682801396,0.39841469698197746,,51,10000,0.039387772298172384,2.9130002861730255,-2.8736125138748534,-3.0331613628520873,-2.8696967590924616,-2.723660783613167,1.0
best_quote_updates,over_ten_ticks,queue,0.1,0.1544382584177426,0.16823937512128856,0.09196201856065911,1000,2019-01-02,2019-10-17,2019-10-18,2019-12-31,10171670,2720784,457743,259808,0.4324151325088532,0.35978106909717944,0.5471351146897728,0.5398355768043329,0.690733268603469,0.2487826048982994,0.2500293453918414,51,10000,0.004986376665459646,0.003645288285735321,0.005004361954162151,0.006428687522513005,0.0,-0.01348039682801396,0.39841469698197746,,51,10000,0.059040071820252525,2.916143501850391,-2.8571034300301386,-3.006371287451427,-2.854089139989482,-2.716129961722989,1.0
best_quote_updates,over_ten_ticks,queue,0.1,0.1544382584177426,0.16823937512128856,0.09196201856065911,10000,2019-01-02,2019-10-17,2019-10-18,2019-12-31,10171670,2720784,457743,195928,0.5719694238906985,0.3620309501449512,0.5471351146897728,0.5398355768043329,0.690733268603469,0.2487826048982994,0.2500293453918414,51,10000,0.004986376665459646,0.003645288285735321,0.005004361954162151,0.006428687522513005,0.0,-0.01348039682801396,0.39841469698197746,,51,10000,0.0672108738626461,2.828646210625125,-2.7614353367624784,-2.899339716718464,-2.7589340670845806,-2.630343910029879,1.0
best_quote_updates,over_ten_ticks,queue,0.2,0.21612763685805772,0.23962210892154615,0.08573898817194026,0,2019-01-02,2019-10-17,2019-10-18,2019-12-31,10171670,2720784,651960,651960,0.0,0.39918706669120807,0.5471351146897728,0.5398355768043329,0.690733268603469,0.2487826048982994,0.2500293453918414,51,10000,0.004986376665459646,0.003645288285735321,0.005004361954162151,0.006428687522513005,0.0,-0.01348039682801396,0.39841469698197746,,51,10000,0.057167131507247435,2.846076836039964,-2.7889097045327165,-2.9459035220199294,-2.7852783515521007,-2.6461659261752657,1.0
best_quote_updates,over_ten_ticks,queue,0.2,0.21612763685805772,0.23962210892154615,0.08573898817194026,10,2019-01-02,2019-10-17,2019-10-18,2019-12-31,10171670,2720784,651960,592229,0.09161758390085284,0.40054607254963875,0.5471351146897728,0.5398355768043329,0.690733268603469,0.2487826048982994,0.2500293453918414,51,10000,0.004986376665459646,0.003645288285735321,0.005004361954162151,0.006428687522513005,0.0,-0.01348039682801396,0.39841469698197746,,51,10000,0.048007400181333225,2.8580297771925287,-2.810022377011195,-2.96664474446635,-2.8063833316585174,-2.66580791458517,1.0
best_quote_updates,over_ten_ticks,queue,0.2,0.21612763685805772,0.23962210892154615,0.08573898817194026,100,2019-01-02,2019-10-17,2019-10-18,2019-12-31,10171670,2720784,651960,465031,0.2867185103380575,0.40071952192434485,0.5471351146897728,0.5398355768043329,0.690733268603469,0.2487826048982994,0.2500293453918414,51,10000,0.004986376665459646,0.003645288285735321,0.005004361954162151,0.006428687522513005,0.0,-0.01348039682801396,0.39841469698197746,,51,10000,0.042386623093569796,2.890848097813159,-2.8484614747195898,-3.0081131478859455,-2.8448196263830567,-2.7002376530375085,1.0
best_quote_updates,over_ten_ticks,queue,0.2,0.21612763685805772,0.23962210892154615,0.08573898817194026,1000,2019-01-02,2019-10-17,2019-10-18,2019-12-31,10171670,2720784,651960,366789,0.43740566905945155,0.40402247613750686,0.5471351146897728,0.5398355768043329,0.690733268603469,0.2487826048982994,0.2500293453918414,51,10000,0.004986376665459646,0.003645288285735321,0.005004361954162151,0.006428687522513005,0.0,-0.01348039682801396,0.39841469698197746,,51,10000,0.05990491427144123,2.894391094306092,-2.8344861800346512,-2.9843399710299563,-2.831169073802072,-2.6938133164764597,1.0
best_quote_updates,over_ten_ticks,queue,0.2,0.21612763685805772,0.23962210892154615,0.08573898817194026,10000,2019-01-02,2019-10-17,2019-10-18,2019-12-31,10171670,2720784,651960,275037,0.5781382293392232,0.4058944796518287,0.5471351146897728,0.5398355768043329,0.690733268603469,0.2487826048982994,0.2500293453918414,51,10000,0.004986376665459646,0.003645288285735321,0.005004361954162151,0.006428687522513005,0.0,-0.01348039682801396,0.39841469698197746,,51,10000,0.07050049003273497,2.8046830205263418,-2.734182530493607,-2.871608535639323,-2.731514285191383,-2.605287808892988,1.0
best_quote_updates,over_ten_ticks,queue,1.0,1.0,1.0,0.0,0,2019-01-02,2019-10-17,2019-10-18,2019-12-31,10171670,2720784,2720784,2720784,0.0,0.4337021976018677,0.5471351146897728,0.5398355768043329,0.690733268603469,0.2487826048982994,0.2500293453918414,51,10000,0.004986376665459646,0.003645288285735321,0.005004361954162151,0.006428687522513005,0.0,-0.01348039682801396,0.39841469698197746,,51,10000,0.05706038383335603,2.939868614112802,-2.882808230279446,-3.0433375118056833,-2.8794322068865137,-2.7280643341153765,1.0
best_quote_updates,over_ten_ticks,queue,1.0,1.0,1.0,0.0,10,2019-01-02,2019-10-17,2019-10-18,2019-12-31,10171670,2720784,2720784,2518323,0.07441274279766419,0.43361435367901574,0.5471351146897728,0.5398355768043329,0.690733268603469,0.2487826048982994,0.2500293453918414,51,10000,0.004986376665459646,0.003645288285735321,0.005004361954162151,0.006428687522513005,0.0,-0.01348039682801396,0.39841469698197746,,51,10000,0.054521204884056595,2.9537537191234513,-2.8992325142393938,-3.0577704801578327,-2.896003525540731,-2.745597382268413,1.0
best_quote_updates,over_ten_ticks,queue,1.0,1.0,1.0,0.0,100,2019-01-02,2019-10-17,2019-10-18,2019-12-31,10171670,2720784,2720784,1965181,0.27771517327358586,0.430754724373989,0.5471351146897728,0.5398355768043329,0.690733268603469,0.2487826048982994,0.2500293453918414,51,10000,0.004986376665459646,0.003645288285735321,0.005004361954162151,0.006428687522513005,0.0,-0.01348039682801396,0.39841469698197746,,51,10000,0.04865466238682716,3.005196074008967,-2.95654141162214,-3.1164357113599754,-2.953402024985497,-2.800487889854226,1.0
best_quote_updates,over_ten_ticks,queue,1.0,1.0,1.0,0.0,1000,2019-01-02,2019-10-17,2019-10-18,2019-12-31,10171670,2720784,2720784,1528504,0.4382119271504096,0.4286341416182097,0.5471351146897728,0.5398355768043329,0.690733268603469,0.2487826048982994,0.2500293453918414,51,10000,0.004986376665459646,0.003645288285735321,0.005004361954162151,0.006428687522513005,0.0,-0.01348039682801396,0.39841469698197746,,51,10000,0.056588870164476474,3.0149322164853065,-2.95834334632083,-3.1133193341317433,-2.9553049248071526,-2.8075257447745723,1.0
best_quote_updates,over_ten_ticks,queue,1.0,1.0,1.0,0.0,10000,2019-01-02,2019-10-17,2019-10-18,2019-12-31,10171670,2720784,2720784,1126743,0.5858756152638357,0.4293996057663549,0.5471351146897728,0.5398355768043329,0.690733268603469,0.2487826048982994,0.2500293453918414,51,10000,0.004986376665459646,0.003645288285735321,0.005004361954162151,0.006428687522513005,0.0,-0.01348039682801396,0.39841469698197746,,51,10000,0.06845518046398835,2.9239639488382947,-2.8555087683743063,-3.001889415364938,-2.8526315057013876,-2.714828707364187,1.0
best_quote_updates,over_ten_ticks,queue_and_ofi,0.05,0.050091086321125244,0.05061555786861434,0.21482939773273196,0,2019-01-02,2019-10-17,2019-10-18,2019-12-31,10171670,2720784,137714,137714,0.0,0.4855788082547889,0.5984245576216106,0.5670527318596404,0.67629160070222,0.24172422773872246,0.2500293453918414,51,10000,0.03321657159923885,0.030876672384726016,0.03322478456894973,0.03534882839977176,0.0,-0.010625905393250278,0.2985485330262256,1.8557349174263518,51,10000,0.3326292163792065,2.603689991429966,-2.27106077505076,-2.4459637161609025,-2.263985550079702,-2.1280286516463693,1.0
best_quote_updates,over_ten_ticks,queue_and_ofi,0.05,0.050091086321125244,0.05061555786861434,0.21482939773273196,10,2019-01-02,2019-10-17,2019-10-18,2019-12-31,10171670,2720784,137714,107498,0.21941124359179165,0.48391597983218293,0.5984245576216106,0.5670527318596404,0.67629160070222,0.24172422773872246,0.2500293453918414,51,10000,0.03321657159923885,0.030876672384726016,0.03322478456894973,0.03534882839977176,0.0,-0.010625905393250278,0.2985485330262256,1.8557349174263518,51,10000,0.24754356579178957,2.632950976370582,-2.3854074105787926,-2.5791927126927856,-2.377612027645165,-2.228542386817312,1.0
best_quote_updates,over_ten_ticks,queue_and_ofi,0.05,0.050091086321125244,0.05061555786861434,0.21482939773273196,100,2019-01-02,2019-10-17,2019-10-18,2019-12-31,10171670,2720784,137714,82824,0.39857966510303966,0.48464213271515505,0.5984245576216106,0.5670527318596404,0.67629160070222,0.24172422773872246,0.2500293453918414,51,10000,0.03321657159923885,0.030876672384726016,0.03322478456894973,0.03534882839977176,0.0,-0.010625905393250278,0.2985485330262256,1.8557349174263518,51,10000,0.11066521224267399,2.687875865759659,-2.577210653516985,-2.804406981031325,-2.567416964693673,-2.3954111918917085,1.0
best_quote_updates,over_ten_ticks,queue_and_ofi,0.05,0.050091086321125244,0.05061555786861434,0.21482939773273196,1000,2019-01-02,2019-10-17,2019-10-18,2019-12-31,10171670,2720784,137714,64088,0.5346297398957259,0.48765759580576706,0.5984245576216106,0.5670527318596404,0.67629160070222,0.24172422773872246,0.2500293453918414,51,10000,0.03321657159923885,0.030876672384726016,0.03322478456894973,0.03534882839977176,0.0,-0.010625905393250278,0.2985485330262256,1.8557349174263518,51,10000,0.06329745730659243,2.661487088383899,-2.598189631077307,-2.799994004115886,-2.591210315800681,-2.432054027154195,1.0
best_quote_updates,over_ten_ticks,queue_and_ofi,0.05,0.050091086321125244,0.05061555786861434,0.21482939773273196,10000,2019-01-02,2019-10-17,2019-10-18,2019-12-31,10171670,2720784,137714,49253,0.6423529924335942,0.49188881895519054,0.5984245576216106,0.5670527318596404,0.67629160070222,0.24172422773872246,0.2500293453918414,51,10000,0.03321657159923885,0.030876672384726016,0.03322478456894973,0.03534882839977176,0.0,-0.010625905393250278,0.2985485330262256,1.8557349174263518,51,10000,0.06847847788033685,2.5717281181795384,-2.5032496402992015,-2.643945487295746,-2.500854641733639,-2.3715931724675543,1.0
best_quote_updates,over_ten_ticks,queue_and_ofi,0.1,0.10040022926422111,0.09635200736258373,0.1642155302989462,0,2019-01-02,2019-10-17,2019-10-18,2019-12-31,10171670,2720784,262153,262153,0.0,0.48937452556331607,0.5984245576216106,0.5670527318596404,0.67629160070222,0.24172422773872246,0.2500293453918414,51,10000,0.03321657159923885,0.030876672384726016,0.03322478456894973,0.03534882839977176,0.0,-0.010625905393250278,0.2985485330262256,1.8557349174263518,51,10000,0.2838531567678237,2.705589937726283,-2.42173678095846,-2.5836755225553474,-2.4166446242266506,-2.2770753455682198,1.0
best_quote_updates,over_ten_ticks,queue_and_ofi,0.1,0.10040022926422111,0.09635200736258373,0.1642155302989462,10,2019-01-02,2019-10-17,2019-10-18,2019-12-31,10171670,2720784,262153,221471,0.15518418633393471,0.4879916557924062,0.5984245576216106,0.5670527318596404,0.67629160070222,0.24172422773872246,0.2500293453918414,51,10000,0.03321657159923885,0.030876672384726016,0.03322478456894973,0.03534882839977176,0.0,-0.010625905393250278,0.2985485330262256,1.8557349174263518,51,10000,0.22363326309345138,2.738019352675902,-2.5143860895824504,-2.6854275326765658,-2.509210295628715,-2.362245368147838,1.0
best_quote_updates,over_ten_ticks,queue_and_ofi,0.1,0.10040022926422111,0.09635200736258373,0.1642155302989462,100,2019-01-02,2019-10-17,2019-10-18,2019-12-31,10171670,2720784,262153,182519,0.30376917296387984,0.4880478196790471,0.5984245576216106,0.5670527318596404,0.67629160070222,0.24172422773872246,0.2500293453918414,51,10000,0.03321657159923885,0.030876672384726016,0.03322478456894973,0.03534882839977176,0.0,-0.010625905393250278,0.2985485330262256,1.8557349174263518,51,10000,0.12848755028263395,2.790593494909416,-2.6621059446267816,-2.8518830071884533,-2.655835058510056,-2.493659112145179,1.0
best_quote_updates,over_ten_ticks,queue_and_ofi,0.1,0.10040022926422111,0.09635200736258373,0.1642155302989462,1000,2019-01-02,2019-10-17,2019-10-18,2019-12-31,10171670,2720784,262153,146323,0.44184121486307615,0.4892463932532821,0.5984245576216106,0.5670527318596404,0.67629160070222,0.24172422773872246,0.2500293453918414,51,10000,0.03321657159923885,0.030876672384726016,0.03322478456894973,0.03534882839977176,0.0,-0.010625905393250278,0.2985485330262256,1.8557349174263518,51,10000,0.09904889743819188,2.776953579923248,-2.6779046824850554,-2.853751997432673,-2.6728915979827716,-2.5184775354111077,1.0
best_quote_updates,over_ten_ticks,queue_and_ofi,0.1,0.10040022926422111,0.09635200736258373,0.1642155302989462,10000,2019-01-02,2019-10-17,2019-10-18,2019-12-31,10171670,2720784,262153,111848,0.5733483881550088,0.4962091409770403,0.5984245576216106,0.5670527318596404,0.67629160070222,0.24172422773872246,0.2500293453918414,51,10000,0.03321657159923885,0.030876672384726016,0.03322478456894973,0.03534882839977176,0.0,-0.010625905393250278,0.2985485330262256,1.8557349174263518,51,10000,0.10352938297191613,2.686941571821104,-2.5834121888491883,-2.7263725265595617,-2.5805818276998735,-2.4472930254999676,1.0
best_quote_updates,over_ten_ticks,queue_and_ofi,0.2,0.200846665296849,0.17698134067239443,0.10068564890609255,0,2019-01-02,2019-10-17,2019-10-18,2019-12-31,10171670,2720784,481528,481528,0.0,0.4931530461364656,0.5984245576216106,0.5670527318596404,0.67629160070222,0.24172422773872246,0.2500293453918414,51,10000,0.03321657159923885,0.030876672384726016,0.03322478456894973,0.03534882839977176,0.0,-0.010625905393250278,0.2985485330262256,1.8557349174263518,51,10000,0.24432991590646883,2.823876060381135,-2.579546144474667,-2.7441275524887874,-2.5750104346012472,-2.4246115528540675,1.0
best_quote_updates,over_ten_ticks,queue_and_ofi,0.2,0.200846665296849,0.17698134067239443,0.10068564890609255,10,2019-01-02,2019-10-17,2019-10-18,2019-12-31,10171670,2720784,481528,422276,0.12304995763486237,0.49292405914615084,0.5984245576216106,0.5670527318596404,0.67629160070222,0.24172422773872246,0.2500293453918414,51,10000,0.03321657159923885,0.030876672384726016,0.03322478456894973,0.03534882839977176,0.0,-0.010625905393250278,0.2985485330262256,1.8557349174263518,51,10000,0.19754303396757336,2.8585257090714276,-2.660982675103854,-2.832814291645819,-2.656310325004981,-2.499981827243445,1.0
best_quote_updates,over_ten_ticks,queue_and_ofi,0.2,0.200846665296849,0.17698134067239443,0.10068564890609255,100,2019-01-02,2019-10-17,2019-10-18,2019-12-31,10171670,2720784,481528,356766,0.2590960442591085,0.4936625126833835,0.5984245576216106,0.5670527318596404,0.67629160070222,0.24172422773872246,0.2500293453918414,51,10000,0.03321657159923885,0.030876672384726016,0.03322478456894973,0.03534882839977176,0.0,-0.010625905393250278,0.2985485330262256,1.8557349174263518,51,10000,0.11958727629320653,2.9138305650111707,-2.794243288717965,-2.9791810177816376,-2.7883077188416774,-2.6216575078507907,1.0
best_quote_updates,over_ten_ticks,queue_and_ofi,0.2,0.200846665296849,0.17698134067239443,0.10068564890609255,1000,2019-01-02,2019-10-17,2019-10-18,2019-12-31,10171670,2720784,481528,288162,0.40156751009287106,0.4955094703673628,0.5984245576216106,0.5670527318596404,0.67629160070222,0.24172422773872246,0.2500293453918414,51,10000,0.03321657159923885,0.030876672384726016,0.03322478456894973,0.03534882839977176,0.0,-0.010625905393250278,0.2985485330262256,1.8557349174263518,51,10000,0.09364766037766706,2.9052746279169974,-2.8116269675393304,-2.986941929062682,-2.806824707379164,-2.646876901078511,1.0
best_quote_updates,over_ten_ticks,queue_and_ofi,0.2,0.200846665296849,0.17698134067239443,0.10068564890609255,10000,2019-01-02,2019-10-17,2019-10-18,2019-12-31,10171670,2720784,481528,218525,0.5461842302005283,0.5027250886626244,0.5984245576216106,0.5670527318596404,0.67629160070222,0.24172422773872246,0.2500293453918414,51,10000,0.03321657159923885,0.030876672384726016,0.03322478456894973,0.03534882839977176,0.0,-0.010625905393250278,0.2985485330262256,1.8557349174263518,51,10000,0.09528441482716864,2.809287583707921,-2.714003168880753,-2.8646273420899644,-2.7105754494359315,-2.569446873222175,1.0
best_quote_updates,over_ten_ticks,queue_and_ofi,1.0,1.0,1.0,0.0,0,2019-01-02,2019-10-17,2019-10-18,2019-12-31,10171670,2720784,2720784,2720784,0.0,0.44341336908773354,0.5984245576216106,0.5670527318596404,0.67629160070222,0.24172422773872246,0.2500293453918414,51,10000,0.03321657159923885,0.030876672384726016,0.03322478456894973,0.03534882839977176,0.0,-0.010625905393250278,0.2985485330262256,1.8557349174263518,51,10000,0.0967370823711139,2.939868614112802,-2.8431315317416876,-3.0006413561929106,-2.8399993298061705,-2.6910076772914167,1.0
best_quote_updates,over_ten_ticks,queue_and_ofi,1.0,1.0,1.0,0.0,10,2019-01-02,2019-10-17,2019-10-18,2019-12-31,10171670,2720784,2720784,2518323,0.07441274279766419,0.4421593258688421,0.5984245576216106,0.5670527318596404,0.67629160070222,0.24172422773872246,0.2500293453918414,51,10000,0.03321657159923885,0.030876672384726016,0.03322478456894973,0.03534882839977176,0.0,-0.010625905393250278,0.2985485330262256,1.8557349174263518,51,10000,0.08398554366409149,2.9537537191234513,-2.8697681754593596,-3.0264152696136137,-2.8668057816295196,-2.7176878110130094,1.0
best_quote_updates,over_ten_ticks,queue_and_ofi,1.0,1.0,1.0,0.0,100,2019-01-02,2019-10-17,2019-10-18,2019-12-31,10171670,2720784,2720784,1965181,0.27771517327358586,0.43982717113589026,0.5984245576216106,0.5670527318596404,0.67629160070222,0.24172422773872246,0.2500293453918414,51,10000,0.03321657159923885,0.030876672384726016,0.03322478456894973,0.03534882839977176,0.0,-0.010625905393250278,0.2985485330262256,1.8557349174263518,51,10000,0.060033558245927786,3.005196074008967,-2.9451625157630392,-3.1044361722371767,-2.9420249955784064,-2.7897328567117823,1.0
best_quote_updates,over_ten_ticks,queue_and_ofi,1.0,1.0,1.0,0.0,1000,2019-01-02,2019-10-17,2019-10-18,2019-12-31,10171670,2720784,2720784,1528504,0.4382119271504096,0.4382271816102542,0.5984245576216106,0.5670527318596404,0.67629160070222,0.24172422773872246,0.2500293453918414,51,10000,0.03321657159923885,0.030876672384726016,0.03322478456894973,0.03534882839977176,0.0,-0.010625905393250278,0.2985485330262256,1.8557349174263518,51,10000,0.057985708083408284,3.0149322164853065,-2.9569465084018978,-3.1126224864271452,-2.9539079839017335,-2.805221055210431,1.0
best_quote_updates,over_ten_ticks,queue_and_ofi,1.0,1.0,1.0,0.0,10000,2019-01-02,2019-10-17,2019-10-18,2019-12-31,10171670,2720784,2720784,1126743,0.5858756152638357,0.440220174431969,0.5984245576216106,0.5670527318596404,0.67629160070222,0.24172422773872246,0.2500293453918414,51,10000,0.03321657159923885,0.030876672384726016,0.03322478456894973,0.03534882839977176,0.0,-0.010625905393250278,0.2985485330262256,1.8557349174263518,51,10000,0.06698405025492718,2.9239639488382947,-2.8569798985833668,-3.0040083846645693,-2.854151154930703,-2.714981807950862,1.0
best_quote_updates,six_to_ten_ticks,ofi,0.05,0.05465914937866833,0.062208177982868255,0.28470777342142783,0,2019-01-02,2019-10-17,2019-10-18,2019-12-31,7218206,1794330,111622,111622,0.0,0.5251921664188063,0.6325077204197468,0.5769206333283176,0.6562245498923404,0.23262665275010458,0.2500258985680593,51,10000,0.06958977416980883,0.06427984696869704,0.06959226148582098,0.07507332069458195,0.0,-0.003931352117949509,,2.5134149751494155,51,10000,0.3823709937407024,1.118855948779175,-0.7364849550384723,-0.7680666124159585,-0.7366966334711683,-0.7057103831165101,1.0
best_quote_updates,six_to_ten_ticks,ofi,0.05,0.05465914937866833,0.062208177982868255,0.28470777342142783,10,2019-01-02,2019-10-17,2019-10-18,2019-12-31,7218206,1794330,111622,72007,0.3549031552919676,0.5240740483564098,0.6325077204197468,0.5769206333283176,0.6562245498923404,0.23262665275010458,0.2500258985680593,51,10000,0.06958977416980883,0.06427984696869704,0.06959226148582098,0.07507332069458195,0.0,-0.003931352117949509,,2.5134149751494155,51,10000,0.3231827461301892,1.1250824905700882,-0.8018997444398989,-0.8370935182925854,-0.801976198811615,-0.7684073207879375,1.0
best_quote_updates,six_to_ten_ticks,ofi,0.05,0.05465914937866833,0.062208177982868255,0.28470777342142783,100,2019-01-02,2019-10-17,2019-10-18,2019-12-31,7218206,1794330,111622,40313,0.6388435971403487,0.5313918587056284,0.6325077204197468,0.5769206333283176,0.6562245498923404,0.23262665275010458,0.2500258985680593,51,10000,0.06958977416980883,0.06427984696869704,0.06959226148582098,0.07507332069458195,0.0,-0.003931352117949509,,2.5134149751494155,51,10000,0.15260287630807481,1.1372921079261546,-0.9846892316180799,-1.0244130603286992,-0.9845948076149087,-0.9485749437904362,1.0
best_quote_updates,six_to_ten_ticks,ofi,0.05,0.05465914937866833,0.062208177982868255,0.28470777342142783,1000,2019-01-02,2019-10-17,2019-10-18,2019-12-31,7218206,1794330,111622,25942,0.767590618336887,0.5322257343304294,0.6325077204197468,0.5769206333283176,0.6562245498923404,0.23262665275010458,0.2500258985680593,51,10000,0.06958977416980883,0.06427984696869704,0.06959226148582098,0.07507332069458195,0.0,-0.003931352117949509,,2.5134149751494155,51,10000,0.04973465671990767,1.1496325329904986,-1.099897876270591,-1.1420119771730461,-1.0998977327970887,-1.0606711251764545,1.0
best_quote_updates,six_to_ten_ticks,ofi,0.05,0.05465914937866833,0.062208177982868255,0.28470777342142783,10000,2019-01-02,2019-10-17,2019-10-18,2019-12-31,7218206,1794330,111622,20218,0.8188708319148554,0.5281926995746364,0.6325077204197468,0.5769206333283176,0.6562245498923404,0.23262665275010458,0.2500258985680593,51,10000,0.06958977416980883,0.06427984696869704,0.06959226148582098,0.07507332069458195,0.0,-0.003931352117949509,,2.5134149751494155,51,10000,0.02234872857910174,1.1567358013474187,-1.1343870727683172,-1.1780866928514147,-1.1342222138294842,-1.0939743850252377,1.0
best_quote_updates,six_to_ten_ticks,ofi,0.1,0.10751383376977604,0.11691216219981831,0.22492082505947963,0,2019-01-02,2019-10-17,2019-10-18,2019-12-31,7218206,1794330,209779,209779,0.0,0.5177305640698068,0.6325077204197468,0.5769206333283176,0.6562245498923404,0.23262665275010458,0.2500258985680593,51,10000,0.06958977416980883,0.06427984696869704,0.06959226148582098,0.07507332069458195,0.0,-0.003931352117949509,,2.5134149751494155,51,10000,0.3076195915382497,1.133238428847977,-0.8256188373097275,-0.8616232813157757,-0.8257113459857675,-0.7915677337526612,1.0
best_quote_updates,six_to_ten_ticks,ofi,0.1,0.10751383376977604,0.11691216219981831,0.22492082505947963,10,2019-01-02,2019-10-17,2019-10-18,2019-12-31,7218206,1794330,209779,155750,0.2575519951949432,0.5171685393258427,0.6325077204197468,0.5769206333283176,0.6562245498923404,0.23262665275010458,0.2500258985680593,51,10000,0.06958977416980883,0.06427984696869704,0.06959226148582098,0.07507332069458195,0.0,-0.003931352117949509,,2.5134149751494155,51,10000,0.25118432618376496,1.1402975169406913,-0.8891131907569263,-0.9270612407115705,-0.8889248113046779,-0.8539536922932024,1.0
best_quote_updates,six_to_ten_ticks,ofi,0.1,0.10751383376977604,0.11691216219981831,0.22492082505947963,100,2019-01-02,2019-10-17,2019-10-18,2019-12-31,7218206,1794330,209779,103670,0.5058132606218926,0.5213562264878943,0.6325077204197468,0.5769206333283176,0.6562245498923404,0.23262665275010458,0.2500258985680593,51,10000,0.06958977416980883,0.06427984696869704,0.06959226148582098,0.07507332069458195,0.0,-0.003931352117949509,,2.5134149751494155,51,10000,0.12725987870356775,1.153502816799442,-1.0262429380958744,-1.0661678163964479,-1.0259443646672346,-0.9899600947786497,1.0
best_quote_updates,six_to_ten_ticks,ofi,0.1,0.10751383376977604,0.11691216219981831,0.22492082505947963,1000,2019-01-02,2019-10-17,2019-10-18,2019-12-31,7218206,1794330,209779,75145,0.6417896929625939,0.5221238938053098,0.6325077204197468,0.5769206333283176,0.6562245498923404,0.23262665275010458,0.2500258985680593,51,10000,0.06958977416980883,0.06427984696869704,0.06959226148582098,0.07507332069458195,0.0,-0.003931352117949509,,2.5134149751494155,51,10000,0.06578193744750803,1.1631475505674924,-1.0973656131199843,-1.1398409910846663,-1.0971420914520484,-1.0587780866871188,1.0
best_quote_updates,six_to_ten_ticks,ofi,0.1,0.10751383376977604,0.11691216219981831,0.22492082505947963,10000,2019-01-02,2019-10-17,2019-10-18,2019-12-31,7218206,1794330,209779,60829,0.71003293942673,0.5236975784576435,0.6325077204197468,0.5769206333283176,0.6562245498923404,0.23262665275010458,0.2500258985680593,51,10000,0.06958977416980883,0.06427984696869704,0.06959226148582098,0.07507332069458195,0.0,-0.003931352117949509,,2.5134149751494155,51,10000,0.047351521462892864,1.167050118247896,-1.119698596785003,-1.1627199463942195,-1.119333403081832,-1.0800592903878932,1.0
best_quote_updates,six_to_ten_ticks,ofi,0.2,0.22104827709267372,0.21295971198163102,0.12020036707831161,0,2019-01-02,2019-10-17,2019-10-18,2019-12-31,7218206,1794330,382120,382120,0.0,0.46670679367737883,0.6325077204197468,0.5769206333283176,0.6562245498923404,0.23262665275010458,0.2500258985680593,51,10000,0.06958977416980883,0.06427984696869704,0.06959226148582098,0.07507332069458195,0.0,-0.003931352117949509,,2.5134149751494155,51,10000,0.2546805141667798,1.1464838770471872,-0.8918033628804072,-0.9288974926064648,-0.8917297047982193,-0.8565894010324065,1.0
best_quote_updates,six_to_ten_ticks,ofi,0.2,0.22104827709267372,0.21295971198163102,0.12020036707831161,10,2019-01-02,2019-10-17,2019-10-18,2019-12-31,7218206,1794330,382120,309087,0.19112582434837222,0.4616531914962454,0.6325077204197468,0.5769206333283176,0.6562245498923404,0.23262665275010458,0.2500258985680593,51,10000,0.06958977416980883,0.06427984696869704,0.06959226148582098,0.07507332069458195,0.0,-0.003931352117949509,,2.5134149751494155,51,10000,0.20831992052325934,1.152921259544338,-0.9446013390210787,-0.9831497151110566,-0.9446780089359417,-0.9087551347159802,1.0
best_quote_updates,six_to_ten_ticks,ofi,0.2,0.22104827709267372,0.21295971198163102,0.12020036707831161,100,2019-01-02,2019-10-17,2019-10-18,2019-12-31,7218206,1794330,382120,225537,0.40977441641369206,0.4605186732110474,0.6325077204197468,0.5769206333283176,0.6562245498923404,0.23262665275010458,0.2500258985680593,51,10000,0.06958977416980883,0.06427984696869704,0.06959226148582098,0.07507332069458195,0.0,-0.003931352117949509,,2.5134149751494155,51,10000,0.11747863071049867,1.164909612789328,-1.0474309820788292,-1.0877260111430402,-1.047065588339756,-1.0099377976021326,1.0
best_quote_updates,six_to_ten_ticks,ofi,0.2,0.22104827709267372,0.21295971198163102,0.12020036707831161,1000,2019-01-02,2019-10-17,2019-10-18,2019-12-31,7218206,1794330,382120,170571,0.5536192819009735,0.46046514354726187,0.6325077204197468,0.5769206333283176,0.6562245498923404,0.23262665275010458,0.2500258985680593,51,10000,0.06958977416980883,0.06427984696869704,0.06959226148582098,0.07507332069458195,0.0,-0.003931352117949509,,2.5134149751494155,51,10000,0.07165106556205353,1.1737489677398902,-1.1020979021778368,-1.1441621265840978,-1.1017126836677409,-1.0635191517386953,1.0
best_quote_updates,six_to_ten_ticks,ofi,0.2,0.22104827709267372,0.21295971198163102,0.12020036707831161,10000,2019-01-02,2019-10-17,2019-10-18,2019-12-31,7218206,1794330,382120,138903,0.6364937715900765,0.46299215999654436,0.6325077204197468,0.5769206333283176,0.6562245498923404,0.23262665275010458,0.2500258985680593,51,10000,0.06958977416980883,0.06427984696869704,0.06959226148582098,0.07507332069458195,0.0,-0.003931352117949509,,2.5134149751494155,51,10000,0.05889062453060867,1.1754587415632216,-1.116568117032613,-1.1587966670087637,-1.1161665791870523,-1.0778790395871714,1.0
best_quote_updates,six_to_ten_ticks,ofi,1.0,1.0,1.0,0.0,0,2019-01-02,2019-10-17,2019-10-18,2019-12-31,7218206,1794330,1794330,1794330,0.0,0.1729336298228308,0.6325077204197468,0.5769206333283176,0.6562245498923404,0.23262665275010458,0.2500258985680593,51,10000,0.06958977416980883,0.06427984696869704,0.06959226148582098,0.07507332069458195,0.0,-0.003931352117949509,,2.5134149751494155,51,10000,0.07171487765540319,1.1585088935843366,-1.0867940159289333,-1.1288153969293604,-1.0863335852303302,-1.0491047706607557,1.0
best_quote_updates,six_to_ten_ticks,ofi,1.0,1.0,1.0,0.0,10,2019-01-02,2019-10-17,2019-10-18,2019-12-31,7218206,1794330,1794330,1620373,0.09694816449594001,0.1601143687286816,0.6325077204197468,0.5769206333283176,0.6562245498923404,0.23262665275010458,0.2500258985680593,51,10000,0.06958977416980883,0.06427984696869704,0.06959226148582098,0.07507332069458195,0.0,-0.003931352117949509,,2.5134149751494155,51,10000,0.05297484698775695,1.1606711275228403,-1.1076962805350834,-1.1506594432498145,-1.1071132501336773,-1.0689244717462998,1.0
best_quote_updates,six_to_ten_ticks,ofi,1.0,1.0,1.0,0.0,100,2019-01-02,2019-10-17,2019-10-18,2019-12-31,7218206,1794330,1794330,1138014,0.3657721823744796,0.1724820608533814,0.6325077204197468,0.5769206333283176,0.6562245498923404,0.23262665275010458,0.2500258985680593,51,10000,0.06958977416980883,0.06427984696869704,0.06959226148582098,0.07507332069458195,0.0,-0.003931352117949509,,2.5134149751494155,51,10000,0.02944906776369528,1.167411794278403,-1.1379627265147076,-1.182800635573729,-1.1372492536692622,-1.0976855579403237,1.0
best_quote_updates,six_to_ten_ticks,ofi,1.0,1.0,1.0,0.0,1000,2019-01-02,2019-10-17,2019-10-18,2019-12-31,7218206,1794330,1794330,834586,0.5348759704179276,0.17835549601838516,0.6325077204197468,0.5769206333283176,0.6562245498923404,0.23262665275010458,0.2500258985680593,51,10000,0.06958977416980883,0.06427984696869704,0.06959226148582098,0.07507332069458195,0.0,-0.003931352117949509,,2.5134149751494155,51,10000,0.01414012946419792,1.175665844696337,-1.1615257152321392,-1.206772465545997,-1.1610528856694424,-1.1209868718025469,1.0
best_quote_updates,six_to_ten_ticks,ofi,1.0,1.0,1.0,0.0,10000,2019-01-02,2019-10-17,2019-10-18,2019-12-31,7218206,1794330,1794330,665618,0.6290437099084338,0.18390277907147945,0.6325077204197468,0.5769206333283176,0.6562245498923404,0.23262665275010458,0.2500258985680593,51,10000,0.06958977416980883,0.06427984696869704,0.06959226148582098,0.07507332069458195,0.0,-0.003931352117949509,,2.5134149751494155,51,10000,0.0056852528779969555,1.1750654720701432,-1.1693802191921463,-1.214252426374891,-1.1687918548217482,-1.1290239414145258,1.0
best_quote_updates,six_to_ten_ticks,queue,0.05,0.06196761355938027,0.0756165253883065,0.08982232473351881,0,2019-01-02,2019-10-17,2019-10-18,2019-12-31,7218206,1794330,135681,135681,0.0,0.0,0.5296899625794658,0.5240524318269215,0.6941993896822355,0.2505080108234122,0.2500258985680593,51,10000,-0.001928249265832127,-0.00413987786628654,-0.001915443123127747,0.0004778939835984233,0.9437,-0.006055324206195584,0.3690814561077937,,51,10000,0.024278060626426033,1.1461279992632014,-1.1218499386367755,-1.1625596723886893,-1.1215988576466929,-1.0838711761857194,1.0
best_quote_updates,six_to_ten_ticks,queue,0.05,0.06196761355938027,0.0756165253883065,0.08982232473351881,10,2019-01-02,2019-10-17,2019-10-18,2019-12-31,7218206,1794330,135681,118194,0.12888318924536224,0.0,0.5296899625794658,0.5240524318269215,0.6941993896822355,0.2505080108234122,0.2500258985680593,51,10000,-0.001928249265832127,-0.00413987786628654,-0.001915443123127747,0.0004778939835984233,0.9437,-0.006055324206195584,0.3690814561077937,,51,10000,0.019102528769262443,1.1498005589997773,-1.1306980302305147,-1.1718816890019796,-1.130374590187008,-1.0920988542769923,1.0
best_quote_updates,six_to_ten_ticks,queue,0.05,0.06196761355938027,0.0756165253883065,0.08982232473351881,100,2019-01-02,2019-10-17,2019-10-18,2019-12-31,7218206,1794330,135681,87790,0.3529676225853289,0.0,0.5296899625794658,0.5240524318269215,0.6941993896822355,0.2505080108234122,0.2500258985680593,51,10000,-0.001928249265832127,-0.00413987786628654,-0.001915443123127747,0.0004778939835984233,0.9437,-0.006055324206195584,0.3690814561077937,,51,10000,0.01417250896139966,1.151628905626827,-1.1374563966654272,-1.1790601628299613,-1.1371442843405053,-1.0994285376784145,1.0
best_quote_updates,six_to_ten_ticks,queue,0.05,0.06196761355938027,0.0756165253883065,0.08982232473351881,1000,2019-01-02,2019-10-17,2019-10-18,2019-12-31,7218206,1794330,135681,65807,0.5149873600577826,0.0,0.5296899625794658,0.5240524318269215,0.6941993896822355,0.2505080108234122,0.2500258985680593,51,10000,-0.001928249265832127,-0.00413987786628654,-0.001915443123127747,0.0004778939835984233,0.9437,-0.006055324206195584,0.3690814561077937,,51,10000,0.02885214450177324,1.1602066726675315,-1.1313545281657584,-1.1744167598198936,-1.131053286053406,-1.0921677465322244,1.0
best_quote_updates,six_to_ten_ticks,queue,0.05,0.06196761355938027,0.0756165253883065,0.08982232473351881,10000,2019-01-02,2019-10-17,2019-10-18,2019-12-31,7218206,1794330,135681,53185,0.6080143866864189,0.0,0.5296899625794658,0.5240524318269215,0.6941993896822355,0.2505080108234122,0.2500258985680593,51,10000,-0.001928249265832127,-0.00413987786628654,-0.001915443123127747,0.0004778939835984233,0.9437,-0.006055324206195584,0.3690814561077937,,51,10000,0.030107699132995304,1.164073151901794,-1.1339654527687988,-1.1775503994106056,-1.1336725953786506,-1.0940928418970477,1.0
best_quote_updates,six_to_ten_ticks,queue,0.1,0.12192087618447021,0.1378079840386105,0.08688921714309761,0,2019-01-02,2019-10-17,2019-10-18,2019-12-31,7218206,1794330,247273,247273,0.0,0.45129067872351614,0.5296899625794658,0.5240524318269215,0.6941993896822355,0.2505080108234122,0.2500258985680593,51,10000,-0.001928249265832127,-0.00413987786628654,-0.001915443123127747,0.0004778939835984233,0.9437,-0.006055324206195584,0.3690814561077937,,51,10000,0.03243894764468629,1.146399632757745,-1.1139606851130588,-1.1539457208056434,-1.1138804113841874,-1.0763801570382117,1.0
best_quote_updates,six_to_ten_ticks,queue,0.1,0.12192087618447021,0.1378079840386105,0.08688921714309761,10,2019-01-02,2019-10-17,2019-10-18,2019-12-31,7218206,1794330,247273,216586,0.12410170135841758,0.45428605727055305,0.5296899625794658,0.5240524318269215,0.6941993896822355,0.2505080108234122,0.2500258985680593,51,10000,-0.001928249265832127,-0.00413987786628654,-0.001915443123127747,0.0004778939835984233,0.9437,-0.006055324206195584,0.3690814561077937,,51,10000,0.02688444911302463,1.1495644533907614,-1.1226800042777367,-1.1636062658355268,-1.1225169590532353,-1.0843323672414436,1.0
best_quote_updates,six_to_ten_ticks,queue,0.1,0.12192087618447021,0.1378079840386105,0.08688921714309761,100,2019-01-02,2019-10-17,2019-10-18,2019-12-31,7218206,1794330,247273,160572,0.35062865739486315,0.4532670702239494,0.5296899625794658,0.5240524318269215,0.6941993896822355,0.2505080108234122,0.2500258985680593,51,10000,-0.001928249265832127,-0.00413987786628654,-0.001915443123127747,0.0004778939835984233,0.9437,-0.006055324206195584,0.3690814561077937,,51,10000,0.023708215200632037,1.152790037685779,-1.1290818224851467,-1.1702227332033468,-1.1289455428738089,-1.0907542887235386,1.0
best_quote_updates,six_to_ten_ticks,queue,0.1,0.12192087618447021,0.1378079840386105,0.08688921714309761,1000,2019-01-02,2019-10-17,2019-10-18,2019-12-31,7218206,1794330,247273,121179,0.5099384081561675,0.4569438599097203,0.5296899625794658,0.5240524318269215,0.6941993896822355,0.2505080108234122,0.2500258985680593,51,10000,-0.001928249265832127,-0.00413987786628654,-0.001915443123127747,0.0004778939835984233,0.9437,-0.006055324206195584,0.3690814561077937,,51,10000,0.038797238587856595,1.1606399474641735,-1.1218427088763168,-1.1643175209006922,-1.1215440870873727,-1.082510962733307,1.0
best_quote_updates,six_to_ten_ticks,queue,0.1,0.12192087618447021,0.1378079840386105,0.08688921714309761,10000,2019-01-02,2019-10-17,2019-10-18,2019-12-31,7218206,1794330,247273,98362,0.6022129387357293,0.4592932229926191,0.5296899625794658,0.5240524318269215,0.6941993896822355,0.2505080108234122,0.2500258985680593,51,10000,-0.001928249265832127,-0.00413987786628654,-0.001915443123127747,0.0004778939835984233,0.9437,-0.006055324206195584,0.3690814561077937,,51,10000,0.044391965315451386,1.1631623925406933,-1.118770427225242,-1.1620248809061664,-1.1186904225273366,-1.0787582920831342,1.0
best_quote_updates,six_to_ten_ticks,queue,0.2,0.20120193300108088,0.23341414344072717,0.08110436712146929,0,2019-01-02,2019-10-17,2019-10-18,2019-12-31,7218206,1794330,418822,418822,0.0,0.45561360195978245,0.5296899625794658,0.5240524318269215,0.6941993896822355,0.2505080108234122,0.2500258985680593,51,10000,-0.001928249265832127,-0.00413987786628654,-0.001915443123127747,0.0004778939835984233,0.9437,-0.006055324206195584,0.3690814561077937,,51,10000,0.02654911744608965,1.148730887568054,-1.1221817701219643,-1.1642499956402277,-1.1219077128958674,-1.0837587301033516,1.0
best_quote_updates,six_to_ten_ticks,queue,0.2,0.20120193300108088,0.23341414344072717,0.08110436712146929,10,2019-01-02,2019-10-17,2019-10-18,2019-12-31,7218206,1794330,418822,370424,0.11555744445134208,0.45799948167505344,0.5296899625794658,0.5240524318269215,0.6941993896822355,0.2505080108234122,0.2500258985680593,51,10000,-0.001928249265832127,-0.00413987786628654,-0.001915443123127747,0.0004778939835984233,0.9437,-0.006055324206195584,0.3690814561077937,,51,10000,0.02012342014015826,1.1515108187004697,-1.1313873985603113,-1.1748360290764908,-1.131160311079817,-1.0920056147732244,1.0
best_quote_updates,six_to_ten_ticks,queue,0.2,0.20120193300108088,0.23341414344072717,0.08110436712146929,100,2019-01-02,2019-10-17,2019-10-18,2019-12-31,7218206,1794330,418822,270787,0.353455644641399,0.4585744515061654,0.5296899625794658,0.5240524318269215,0.6941993896822355,0.2505080108234122,0.2500258985680593,51,10000,-0.001928249265832127,-0.00413987786628654,-0.001915443123127747,0.0004778939835984233,0.9437,-0.006055324206195584,0.3690814561077937,,51,10000,0.017214753299734556,1.155760483002673,-1.138545729702939,-1.1825716886060975,-1.138321399347898,-1.0992084714540027,1.0
best_quote_updates,six_to_ten_ticks,queue,0.2,0.20120193300108088,0.23341414344072717,0.08110436712146929,1000,2019-01-02,2019-10-17,2019-10-18,2019-12-31,7218206,1794330,418822,202831,0.5157107315279522,0.46209898881334704,0.5296899625794658,0.5240524318269215,0.6941993896822355,0.2505080108234122,0.2500258985680593,51,10000,-0.001928249265832127,-0.00413987786628654,-0.001915443123127747,0.0004778939835984233,0.9437,-0.006055324206195584,0.3690814561077937,,51,10000,0.032858057699984795,1.1639299915679173,-1.1310719338679325,-1.1759449259281913,-1.130673019866005,-1.0909040855362317,1.0
best_quote_updates,six_to_ten_ticks,queue,0.2,0.20120193300108088,0.23341414344072717,0.08110436712146929,10000,2019-01-02,2019-10-17,2019-10-18,2019-12-31,7218206,1794330,418822,163860,0.6087598072689591,0.46450018308311974,0.5296899625794658,0.5240524318269215,0.6941993896822355,0.2505080108234122,0.2500258985680593,51,10000,-0.001928249265832127,-0.00413987786628654,-0.001915443123127747,0.0004778939835984233,0.9437,-0.006055324206195584,0.3690814561077937,,51,10000,0.038046817676705834,1.165408655362549,-1.127361837685843,-1.1723703089448512,-1.1269804695355479,-1.0869805043729361,1.0
best_quote_updates,six_to_ten_ticks,queue,1.0,1.0,1.0,0.0,0,2019-01-02,2019-10-17,2019-10-18,2019-12-31,7218206,1794330,1794330,1794330,0.0,0.45253047098359833,0.5296899625794658,0.5240524318269215,0.6941993896822355,0.2505080108234122,0.2500258985680593,51,10000,-0.001928249265832127,-0.00413987786628654,-0.001915443123127747,0.0004778939835984233,0.9437,-0.006055324206195584,0.3690814561077937,,51,10000,0.023651522740548915,1.1585088935843366,-1.1348573708437877,-1.1762744271095422,-1.1344860764075793,-1.0972383613889076,1.0
best_quote_updates,six_to_ten_ticks,queue,1.0,1.0,1.0,0.0,10,2019-01-02,2019-10-17,2019-10-18,2019-12-31,7218206,1794330,1794330,1620373,0.09694816449594001,0.452788956616779,0.5296899625794658,0.5240524318269215,0.6941993896822355,0.2505080108234122,0.2500258985680593,51,10000,-0.001928249265832127,-0.00413987786628654,-0.001915443123127747,0.0004778939835984233,0.9437,-0.006055324206195584,0.3690814561077937,,51,10000,0.021465335879502803,1.1606711275228403,-1.1392057916433374,-1.1812088625950772,-1.1388037056891058,-1.101180426041436,1.0
best_quote_updates,six_to_ten_ticks,queue,1.0,1.0,1.0,0.0,100,2019-01-02,2019-10-17,2019-10-18,2019-12-31,7218206,1794330,1794330,1138014,0.3657721823744796,0.45150938389158657,0.5296899625794658,0.5240524318269215,0.6941993896822355,0.2505080108234122,0.2500258985680593,51,10000,-0.001928249265832127,-0.00413987786628654,-0.001915443123127747,0.0004778939835984233,0.9437,-0.006055324206195584,0.3690814561077937,,51,10000,0.02102263502834388,1.167411794278403,-1.146389159250059,-1.1895435037803788,-1.1458938224706559,-1.107115893940249,1.0
best_quote_updates,six_to_ten_ticks,queue,1.0,1.0,1.0,0.0,1000,2019-01-02,2019-10-17,2019-10-18,2019-12-31,7218206,1794330,1794330,834586,0.5348759704179276,0.4490501877577625,0.5296899625794658,0.5240524318269215,0.6941993896822355,0.2505080108234122,0.2500258985680593,51,10000,-0.001928249265832127,-0.00413987786628654,-0.001915443123127747,0.0004778939835984233,0.9437,-0.006055324206195584,0.3690814561077937,,51,10000,0.03690036281698665,1.175665844696337,-1.1387654818793504,-1.1821795063430902,-1.1382275752311686,-1.099281118791178,1.0
best_quote_updates,six_to_ten_ticks,queue,1.0,1.0,1.0,0.0,10000,2019-01-02,2019-10-17,2019-10-18,2019-12-31,7218206,1794330,1794330,665618,0.6290437099084338,0.44959270933177886,0.5296899625794658,0.5240524318269215,0.6941993896822355,0.2505080108234122,0.2500258985680593,51,10000,-0.001928249265832127,-0.00413987786628654,-0.001915443123127747,0.0004778939835984233,0.9437,-0.006055324206195584,0.3690814561077937,,51,10000,0.04620307311332183,1.1750654720701432,-1.1288623989568214,-1.1717797955618743,-1.1283259670825532,-1.0903072588464076,1.0
best_quote_updates,six_to_ten_ticks,queue_and_ofi,0.05,0.05000453021152347,0.05648682237938395,0.2875781803664376,0,2019-01-02,2019-10-17,2019-10-18,2019-12-31,7218206,1794330,101356,101356,0.0,0.4988851178025968,0.6379657170643508,0.588310399982166,0.6576573081419524,0.23318378573966012,0.2500258985680593,51,10000,0.0673614730508193,0.062481197996400735,0.06735265524712647,0.07254902966967723,0.0,-0.002284603919073711,0.2600149613843683,2.3778821663178547,51,10000,0.3557858493715169,1.125949618079699,-0.7701637687081822,-0.8057584231464862,-0.770285527240267,-0.7361495996014352,1.0
best_quote_updates,six_to_ten_ticks,queue_and_ofi,0.05,0.05000453021152347,0.05648682237938395,0.2875781803664376,10,2019-01-02,2019-10-17,2019-10-18,2019-12-31,7218206,1794330,101356,66874,0.34020679584829705,0.49001106558602747,0.6379657170643508,0.588310399982166,0.6576573081419524,0.23318378573966012,0.2500258985680593,51,10000,0.0673614730508193,0.062481197996400735,0.06735265524712647,0.07254902966967723,0.0,-0.002284603919073711,0.2600149613843683,2.3778821663178547,51,10000,0.2856781980791162,1.134170399248884,-0.848492201169768,-0.8876155843575271,-0.8483653636268587,-0.8118388204122489,1.0
best_quote_updates,six_to_ten_ticks,queue_and_ofi,0.05,0.05000453021152347,0.05648682237938395,0.2875781803664376,100,2019-01-02,2019-10-17,2019-10-18,2019-12-31,7218206,1794330,101356,40417,0.6012372232526935,0.48447435485068163,0.6379657170643508,0.588310399982166,0.6576573081419524,0.23318378573966012,0.2500258985680593,51,10000,0.0673614730508193,0.062481197996400735,0.06735265524712647,0.07254902966967723,0.0,-0.002284603919073711,0.2600149613843683,2.3778821663178547,51,10000,0.12896774425116478,1.1488792115809932,-1.0199114673298284,-1.062242775659042,-1.0196965250746355,-0.9821019197864818,1.0
best_quote_updates,six_to_ten_ticks,queue_and_ofi,0.05,0.05000453021152347,0.05648682237938395,0.2875781803664376,1000,2019-01-02,2019-10-17,2019-10-18,2019-12-31,7218206,1794330,101356,28213,0.7216445005722405,0.4775458122142275,0.6379657170643508,0.588310399982166,0.6576573081419524,0.23318378573966012,0.2500258985680593,51,10000,0.0673614730508193,0.062481197996400735,0.06735265524712647,0.07254902966967723,0.0,-0.002284603919073711,0.2600149613843683,2.3778821663178547,51,10000,0.054507865439419115,1.1605458282516568,-1.1060379628122377,-1.1496257926329354,-1.1057857421240551,-1.0661792585043244,1.0
best_quote_updates,six_to_ten_ticks,queue_and_ofi,0.05,0.05000453021152347,0.05648682237938395,0.2875781803664376,10000,2019-01-02,2019-10-17,2019-10-18,2019-12-31,7218206,1794330,101356,22733,0.7757113540392281,0.4763119693837153,0.6379657170643508,0.588310399982166,0.6576573081419524,0.23318378573966012,0.2500258985680593,51,10000,0.0673614730508193,0.062481197996400735,0.06735265524712647,0.07254902966967723,0.0,-0.002284603919073711,0.2600149613843683,2.3778821663178547,51,10000,0.03303707671339641,1.163872893220306,-1.1308358165069095,-1.1766988876387747,-1.1303576789888332,-1.0894364646732433,1.0
best_quote_updates,six_to_ten_ticks,queue_and_ofi,0.1,0.10039669136624807,0.10615159976147086,0.22857810830664976,0,2019-01-02,2019-10-17,2019-10-18,2019-12-31,7218206,1794330,190471,190471,0.0,0.5125504670002258,0.6379657170643508,0.588310399982166,0.6576573081419524,0.23318378573966012,0.2500258985680593,51,10000,0.0673614730508193,0.062481197996400735,0.06735265524712647,0.07254902966967723,0.0,-0.002284603919073711,0.2600149613843683,2.3778821663178547,51,10000,0.2941987511028186,1.1376372030825201,-0.8434384519797019,-0.8804780038381171,-0.8434612252307886,-0.8086430831699495,1.0
best_quote_updates,six_to_ten_ticks,queue_and_ofi,0.1,0.10039669136624807,0.10615159976147086,0.22857810830664976,10,2019-01-02,2019-10-17,2019-10-18,2019-12-31,7218206,1794330,190471,142659,0.25101984029064794,0.5105671566462684,0.6379657170643508,0.588310399982166,0.6576573081419524,0.23318378573966012,0.2500258985680593,51,10000,0.0673614730508193,0.062481197996400735,0.06735265524712647,0.07254902966967723,0.0,-0.002284603919073711,0.2600149613843683,2.3778821663178547,51,10000,0.23502444782354281,1.1456661410220341,-0.9106416931984914,-0.949590706215142,-0.9104310587327613,-0.8745747379304724,1.0
best_quote_updates,six_to_ten_ticks,queue_and_ofi,0.1,0.10039669136624807,0.10615159976147086,0.22857810830664976,100,2019-01-02,2019-10-17,2019-10-18,2019-12-31,7218206,1794330,190471,98356,0.48361692856130334,0.5120684045711497,0.6379657170643508,0.588310399982166,0.6576573081419524,0.23318378573966012,0.2500258985680593,51,10000,0.0673614730508193,0.062481197996400735,0.06735265524712647,0.07254902966967723,0.0,-0.002284603919073711,0.2600149613843683,2.3778821663178547,51,10000,0.12186087896218158,1.1589774232480068,-1.0371165442858254,-1.0780240405611157,-1.0367457941134344,-1.000171356168315,1.0
best_quote_updates,six_to_ten_ticks,queue_and_ofi,0.1,0.10039669136624807,0.10615159976147086,0.22857810830664976,1000,2019-01-02,2019-10-17,2019-10-18,2019-12-31,7218206,1794330,190471,73609,0.6135422190254685,0.5129399937507642,0.6379657170643508,0.588310399982166,0.6576573081419524,0.23318378573966012,0.2500258985680593,51,10000,0.0673614730508193,0.062481197996400735,0.06735265524712647,0.07254902966967723,0.0,-0.002284603919073711,0.2600149613843683,2.3778821663178547,51,10000,0.07252455447183968,1.1681096528561985,-1.0955850983843591,-1.138388784004481,-1.0952137524629064,-1.0566860018186048,1.0
best_quote_updates,six_to_ten_ticks,queue_and_ofi,0.1,0.10039669136624807,0.10615159976147086,0.22857810830664976,10000,2019-01-02,2019-10-17,2019-10-18,2019-12-31,7218206,1794330,190471,60138,0.6842668962729235,0.5158635139179887,0.6379657170643508,0.588310399982166,0.6576573081419524,0.23318378573966012,0.2500258985680593,51,10000,0.0673614730508193,0.062481197996400735,0.06735265524712647,0.07254902966967723,0.0,-0.002284603919073711,0.2600149613843683,2.3778821663178547,51,10000,0.057559016020478845,1.1712003667012858,-1.1136413506808067,-1.1575814981414834,-1.1132059341600087,-1.0738640184009338,1.0
best_quote_updates,six_to_ten_ticks,queue_and_ofi,0.2,0.20006079072833333,0.1939247518572392,0.13669243199119607,0,2019-01-02,2019-10-17,2019-10-18,2019-12-31,7218206,1794330,347965,347965,0.0,0.5139683588866696,0.6379657170643508,0.588310399982166,0.6576573081419524,0.23318378573966012,0.2500258985680593,51,10000,0.0673614730508193,0.062481197996400735,0.06735265524712647,0.07254902966967723,0.0,-0.002284603919073711,0.2600149613843683,2.3778821663178547,51,10000,0.25559692805656675,1.1470344749603412,-0.8914375469037744,-0.9286948002422873,-0.8913146768045395,-0.856627290843375,1.0
best_quote_updates,six_to_ten_ticks,queue_and_ofi,0.2,0.20006079072833333,0.1939247518572392,0.13669243199119607,10,2019-01-02,2019-10-17,2019-10-18,2019-12-31,7218206,1794330,347965,280184,0.19479257971347697,0.5141407075350484,0.6379657170643508,0.588310399982166,0.6576573081419524,0.23318378573966012,0.2500258985680593,51,10000,0.0673614730508193,0.062481197996400735,0.06735265524712647,0.07254902966967723,0.0,-0.002284603919073711,0.2600149613843683,2.3778821663178547,51,10000,0.206979053197856,1.1537611703328394,-0.9467821171349834,-0.9852490028883643,-0.9466772210611603,-0.9113547863199042,1.0
best_quote_updates,six_to_ten_ticks,queue_and_ofi,0.2,0.20006079072833333,0.1939247518572392,0.13669243199119607,100,2019-01-02,2019-10-17,2019-10-18,2019-12-31,7218206,1794330,347965,205255,0.4101274553475206,0.5181213612335875,0.6379657170643508,0.588310399982166,0.6576573081419524,0.23318378573966012,0.2500258985680593,51,10000,0.0673614730508193,0.062481197996400735,0.06735265524712647,0.07254902966967723,0.0,-0.002284603919073711,0.2600149613843683,2.3778821663178547,51,10000,0.11730181207466085,1.1655769324804717,-1.0482751204058107,-1.0884098328181104,-1.0478020979862057,-1.0117151874777983,1.0
best_quote_updates,six_to_ten_ticks,queue_and_ofi,0.2,0.20006079072833333,0.1939247518572392,0.13669243199119607,1000,2019-01-02,2019-10-17,2019-10-18,2019-12-31,7218206,1794330,347965,156898,0.5490983288549136,0.5202806919144922,0.6379657170643508,0.588310399982166,0.6576573081419524,0.23318378573966012,0.2500258985680593,51,10000,0.0673614730508193,0.062481197996400735,0.06735265524712647,0.07254902966967723,0.0,-0.002284603919073711,0.2600149613843683,2.3778821663178547,51,10000,0.07638745583628925,1.1737560174532886,-1.0973685616169992,-1.1391019615483449,-1.0969985175257735,-1.0592886092787588,1.0
best_quote_updates,six_to_ten_ticks,queue_and_ofi,0.2,0.20006079072833333,0.1939247518572392,0.13669243199119607,10000,2019-01-02,2019-10-17,2019-10-18,2019-12-31,7218206,1794330,347965,128423,0.6309312718233155,0.5236834523410916,0.6379657170643508,0.588310399982166,0.6576573081419524,0.23318378573966012,0.2500258985680593,51,10000,0.0673614730508193,0.062481197996400735,0.06735265524712647,0.07254902966967723,0.0,-0.002284603919073711,0.2600149613843683,2.3778821663178547,51,10000,0.06551245904043386,1.1751775609482251,-1.1096651019077914,-1.1515136101262964,-1.1092265175040545,-1.0715548180106327,1.0
best_quote_updates,six_to_ten_ticks,queue_and_ofi,1.0,1.0,1.0,0.0,0,2019-01-02,2019-10-17,2019-10-18,2019-12-31,7218206,1794330,1794330,1794330,0.0,0.46867688775197425,0.6379657170643508,0.588310399982166,0.6576573081419524,0.23318378573966012,0.2500258985680593,51,10000,0.0673614730508193,0.062481197996400735,0.06735265524712647,0.07254902966967723,0.0,-0.002284603919073711,0.2600149613843683,2.3778821663178547,51,10000,0.08844115066883586,1.1585088935843366,-1.0700677429155008,-1.1103035447641776,-1.0695668370487526,-1.0334452336902629,1.0
best_quote_updates,six_to_ten_ticks,queue_and_ofi,1.0,1.0,1.0,0.0,10,2019-01-02,2019-10-17,2019-10-18,2019-12-31,7218206,1794330,1794330,1620373,0.09694816449594001,0.46716157329207536,0.6379657170643508,0.588310399982166,0.6576573081419524,0.23318378573966012,0.2500258985680593,51,10000,0.0673614730508193,0.062481197996400735,0.06735265524712647,0.07254902966967723,0.0,-0.002284603919073711,0.2600149613843683,2.3778821663178547,51,10000,0.0707414130658503,1.1606711275228403,-1.0899297144569897,-1.1310200518895122,-1.0893487467608904,-1.0526039474905238,1.0
best_quote_updates,six_to_ten_ticks,queue_and_ofi,1.0,1.0,1.0,0.0,100,2019-01-02,2019-10-17,2019-10-18,2019-12-31,7218206,1794330,1794330,1138014,0.3657721823744796,0.46794064044906303,0.6379657170643508,0.588310399982166,0.6576573081419524,0.23318378573966012,0.2500258985680593,51,10000,0.0673614730508193,0.062481197996400735,0.06735265524712647,0.07254902966967723,0.0,-0.002284603919073711,0.2600149613843683,2.3778821663178547,51,10000,0.04515303864777582,1.167411794278403,-1.1222587556306272,-1.1653170152358645,-1.1216516713528364,-1.0837015238516599,1.0
best_quote_updates,six_to_ten_ticks,queue_and_ofi,1.0,1.0,1.0,0.0,1000,2019-01-02,2019-10-17,2019-10-18,2019-12-31,7218206,1794330,1794330,834586,0.5348759704179276,0.46642526953483526,0.6379657170643508,0.588310399982166,0.6576573081419524,0.23318378573966012,0.2500258985680593,51,10000,0.0673614730508193,0.062481197996400735,0.06735265524712647,0.07254902966967723,0.0,-0.002284603919073711,0.2600149613843683,2.3778821663178547,51,10000,0.0417618795311362,1.175665844696337,-1.1339039651652008,-1.1771106207719348,-1.1334109337238218,-1.0950697404560512,1.0
best_quote_updates,six_to_ten_ticks,queue_and_ofi,1.0,1.0,1.0,0.0,10000,2019-01-02,2019-10-17,2019-10-18,2019-12-31,7218206,1794330,1794330,665618,0.6290437099084338,0.46754895450543704,0.6379657170643508,0.588310399982166,0.6576573081419524,0.23318378573966012,0.2500258985680593,51,10000,0.0673614730508193,0.062481197996400735,0.06735265524712647,0.07254902966967723,0.0,-0.002284603919073711,0.2600149613843683,2.3778821663178547,51,10000,0.0455628192591487,1.1750654720701432,-1.1295026528109948,-1.171914233399111,-1.1290489833952697,-1.0913304972407867,1.0
best_quote_updates,two_to_five_ticks,ofi,0.05,0.05216722892573876,0.06672356986876836,0.34016169077229486,0,2019-01-02,2019-10-17,2019-10-18,2019-12-31,4065445,912661,60896,60896,0.0,0.5948173935890699,0.6669296178592115,0.5971340946967165,0.6379504371750215,0.22458746005052743,0.2499973537399598,51,10000,0.10164065062809835,0.09557829412190433,0.10167706507065938,0.10774288972865946,0.0,0.004713139564250846,,2.8497929478105535,51,10000,0.4047576961684995,0.5614930181819358,-0.15673532201343623,-0.18925933064973588,-0.15714891837738174,-0.11692977297156701,1.0
best_quote_updates,two_to_five_ticks,ofi,0.05,0.05216722892573876,0.06672356986876836,0.34016169077229486,10,2019-01-02,2019-10-17,2019-10-18,2019-12-31,4065445,912661,60896,34842,0.42784419337887547,0.6119051719189484,0.6669296178592115,0.5971340946967165,0.6379504371750215,0.22458746005052743,0.2499973537399598,51,10000,0.10164065062809835,0.09557829412190433,0.10167706507065938,0.10774288972865946,0.0,0.004713139564250846,,2.8497929478105535,51,10000,0.362600000509179,0.5628061940690257,-0.2002061935598467,-0.23505266268079036,-0.200471341218308,-0.15896100760452403,1.0
best_quote_updates,two_to_five_ticks,ofi,0.05,0.05216722892573876,0.06672356986876836,0.34016169077229486,100,2019-01-02,2019-10-17,2019-10-18,2019-12-31,4065445,912661,60896,16044,0.7365344193378875,0.6470954874096235,0.6669296178592115,0.5971340946967165,0.6379504371750215,0.22458746005052743,0.2499973537399598,51,10000,0.10164065062809835,0.09557829412190433,0.10167706507065938,0.10774288972865946,0.0,0.004713139564250846,,2.8497929478105535,51,10000,0.1831157239093694,0.5663446362379168,-0.3832289123285474,-0.4136580742726473,-0.38332490572432854,-0.3531327257615348,1.0
best_quote_updates,two_to_five_ticks,ofi,0.05,0.05216722892573876,0.06672356986876836,0.34016169077229486,1000,2019-01-02,2019-10-17,2019-10-18,2019-12-31,4065445,912661,60896,8671,0.8576096952180767,0.6401799100449775,0.6669296178592115,0.5971340946967165,0.6379504371750215,0.22458746005052743,0.2499973537399598,51,10000,0.10164065062809835,0.09557829412190433,0.10167706507065938,0.10774288972865946,0.0,0.004713139564250846,,2.8497929478105535,51,10000,0.08683512200981254,0.5792190411000153,-0.4923839190902026,-0.5318364367744213,-0.4923008176886822,-0.4534504763342299,1.0
best_quote_updates,two_to_five_ticks,ofi,0.05,0.05216722892573876,0.06672356986876836,0.34016169077229486,10000,2019-01-02,2019-10-17,2019-10-18,2019-12-31,4065445,912661,60896,6300,0.8965449290593799,0.6419047619047619,0.6669296178592115,0.5971340946967165,0.6379504371750215,0.22458746005052743,0.2499973537399598,51,10000,0.10164065062809835,0.09557829412190433,0.10167706507065938,0.10774288972865946,0.0,0.004713139564250846,,2.8497929478105535,51,10000,0.04127347465614848,0.5828874705031275,-0.541613995846979,-0.586211619587896,-0.5415741040271733,-0.49627688142033166,1.0
best_quote_updates,two_to_five_ticks,ofi,0.1,0.10097172634238072,0.11749598153092988,0.2828393545697705,0,2019-01-02,2019-10-17,2019-10-18,2019-12-31,4065445,912661,107234,107234,0.0,0.5396516030363504,0.6669296178592115,0.5971340946967165,0.6379504371750215,0.22458746005052743,0.2499973537399598,51,10000,0.10164065062809835,0.09557829412190433,0.10167706507065938,0.10774288972865946,0.0,0.004713139564250846,,2.8497929478105535,51,10000,0.36267799166535397,0.5673943996950399,-0.20471640802968605,-0.23431389930505317,-0.20503299242087736,-0.16899536476809718,1.0
best_quote_updates,two_to_five_ticks,ofi,0.1,0.10097172634238072,0.11749598153092988,0.2828393545697705,10,2019-01-02,2019-10-17,2019-10-18,2019-12-31,4065445,912661,107234,69954,0.3476509316075126,0.545015295765789,0.6669296178592115,0.5971340946967165,0.6379504371750215,0.22458746005052743,0.2499973537399598,51,10000,0.10164065062809835,0.09557829412190433,0.10167706507065938,0.10774288972865946,0.0,0.004713139564250846,,2.8497929478105535,51,10000,0.3118578244411317,0.5697877508350514,-0.25792992639391965,-0.28812496286423117,-0.2578246781187218,-0.22307798821233887,1.0
best_quote_updates,two_to_five_ticks,ofi,0.1,0.10097172634238072,0.11749598153092988,0.2828393545697705,100,2019-01-02,2019-10-17,2019-10-18,2019-12-31,4065445,912661,107234,36687,0.6578790309043774,0.5688663559298934,0.6669296178592115,0.5971340946967165,0.6379504371750215,0.22458746005052743,0.2499973537399598,51,10000,0.10164065062809835,0.09557829412190433,0.10167706507065938,0.10774288972865946,0.0,0.004713139564250846,,2.8497929478105535,51,10000,0.15468900570828895,0.578330045495593,-0.42364103978730405,-0.44834040424497856,-0.42328722026346166,-0.3996968442310114,1.0
best_quote_updates,two_to_five_ticks,ofi,0.1,0.10097172634238072,0.11749598153092988,0.2828393545697705,1000,2019-01-02,2019-10-17,2019-10-18,2019-12-31,4065445,912661,107234,21673,0.7978905944010295,0.5614358879712085,0.6669296178592115,0.5971340946967165,0.6379504371750215,0.22458746005052743,0.2499973537399598,51,10000,0.10164065062809835,0.09557829412190433,0.10167706507065938,0.10774288972865946,0.0,0.004713139564250846,,2.8497929478105535,51,10000,0.07599710037610294,0.5937149688119436,-0.5177178684358407,-0.5459973165766724,-0.5175740478167179,-0.4905706201109463,1.0
best_quote_updates,two_to_five_ticks,ofi,0.1,0.10097172634238072,0.11749598153092988,0.2828393545697705,10000,2019-01-02,2019-10-17,2019-10-18,2019-12-31,4065445,912661,107234,16369,0.8473525187906821,0.5671696499480726,0.6669296178592115,0.5971340946967165,0.6379504371750215,0.22458746005052743,0.2499973537399598,51,10000,0.10164065062809835,0.09557829412190433,0.10167706507065938,0.10774288972865946,0.0,0.004713139564250846,,2.8497929478105535,51,10000,0.040133762111736034,0.5993041279123781,-0.559170365800642,-0.5895460688369027,-0.5591038806802423,-0.5293481094869877,1.0
best_quote_updates,two_to_five_ticks,ofi,0.2,0.22318934335601637,0.22374024966553846,0.1749626590773074,0,2019-01-02,2019-10-17,2019-10-18,2019-12-31,4065445,912661,204199,204199,0.0,0.5343170142850846,0.6669296178592115,0.5971340946967165,0.6379504371750215,0.22458746005052743,0.2499973537399598,51,10000,0.10164065062809835,0.09557829412190433,0.10167706507065938,0.10774288972865946,0.0,0.004713139564250846,,2.8497929478105535,51,10000,0.30128299662191327,0.5738921605065793,-0.27260916388466605,-0.30033716086042267,-0.27266430873731695,-0.2403762047169159,1.0
best_quote_updates,two_to_five_ticks,ofi,0.2,0.22318934335601637,0.22374024966553846,0.1749626590773074,10,2019-01-02,2019-10-17,2019-10-18,2019-12-31,4065445,912661,204199,149989,0.2654763245657422,0.5353592596790431,0.6669296178592115,0.5971340946967165,0.6379504371750215,0.22458746005052743,0.2499973537399598,51,10000,0.10164065062809835,0.09557829412190433,0.10167706507065938,0.10774288972865946,0.0,0.004713139564250846,,2.8497929478105535,51,10000,0.2530599202111405,0.578011978907065,-0.3249520586959245,-0.3526316508676634,-0.32473876850720473,-0.2948159217117416,1.0
best_quote_updates,two_to_five_ticks,ofi,0.2,0.22318934335601637,0.22374024966553846,0.1749626590773074,100,2019-01-02,2019-10-17,2019-10-18,2019-12-31,4065445,912661,204199,90889,0.5548998770806909,0.5476020200464302,0.6669296178592115,0.5971340946967165,0.6379504371750215,0.22458746005052743,0.2499973537399598,51,10000,0.10164065062809835,0.09557829412190433,0.10167706507065938,0.10774288972865946,0.0,0.004713139564250846,,2.8497929478105535,51,10000,0.1323014970605826,0.5882008584329298,-0.45589936137234705,-0.4798283855582839,-0.4556939522923818,-0.4328092369432889,1.0
best_quote_updates,two_to_five_ticks,ofi,0.2,0.22318934335601637,0.22374024966553846,0.1749626590773074,1000,2019-01-02,2019-10-17,2019-10-18,2019-12-31,4065445,912661,204199,57973,0.7160955734357171,0.5430114018594863,0.6669296178592115,0.5971340946967165,0.6379504371750215,0.22458746005052743,0.2499973537399598,51,10000,0.10164065062809835,0.09557829412190433,0.10167706507065938,0.10774288972865946,0.0,0.004713139564250846,,2.8497929478105535,51,10000,0.07289687348060502,0.6032343435769568,-0.5303374700963518,-0.5543696817213247,-0.5300427427019634,-0.5070366420261213,1.0
best_quote_updates,two_to_five_ticks,ofi,0.2,0.22318934335601637,0.22374024966553846,0.1749626590773074,10000,2019-01-02,2019-10-17,2019-10-18,2019-12-31,4065445,912661,204199,44859,0.7803172395555316,0.550770191043046,0.6669296178592115,0.5971340946967165,0.6379504371750215,0.22458746005052743,0.2499973537399598,51,10000,0.10164065062809835,0.09557829412190433,0.10167706507065938,0.10774288972865946,0.0,0.004713139564250846,,2.8497929478105535,51,10000,0.047332233968300955,0.6078746930685955,-0.5605424591002947,-0.584682018121764,-0.5605049834897203,-0.5368837482128926,1.0
best_quote_updates,two_to_five_ticks,ofi,1.0,1.0,1.0,0.0,0,2019-01-02,2019-10-17,2019-10-18,2019-12-31,4065445,912661,912661,912661,0.0,0.8205105729290503,0.6669296178592115,0.5971340946967165,0.6379504371750215,0.22458746005052743,0.2499973537399598,51,10000,0.10164065062809835,0.09557829412190433,0.10167706507065938,0.10774288972865946,0.0,0.004713139564250846,,2.8497929478105535,51,10000,0.09788871083827425,0.5816403703268523,-0.48375165948857807,-0.5060221214194002,-0.48340195765357846,-0.46201923498267705,1.0
best_quote_updates,two_to_five_ticks,ofi,1.0,1.0,1.0,0.0,10,2019-01-02,2019-10-17,2019-10-18,2019-12-31,4065445,912661,912661,803720,0.11936633646008754,0.8403274772308764,0.6669296178592115,0.5971340946967165,0.6379504371750215,0.22458746005052743,0.2499973537399598,51,10000,0.10164065062809835,0.09557829412190433,0.10167706507065938,0.10774288972865946,0.0,0.004713139564250846,,2.8497929478105535,51,10000,0.0726480009358008,0.5836787343064294,-0.5110307333706285,-0.5330596248454472,-0.5106899626078466,-0.4898513318789251,1.0
best_quote_updates,two_to_five_ticks,ofi,1.0,1.0,1.0,0.0,100,2019-01-02,2019-10-17,2019-10-18,2019-12-31,4065445,912661,912661,506947,0.44453964834697657,0.8387937989572875,0.6669296178592115,0.5971340946967165,0.6379504371750215,0.22458746005052743,0.2499973537399598,51,10000,0.10164065062809835,0.09557829412190433,0.10167706507065938,0.10774288972865946,0.0,0.004713139564250846,,2.8497929478105535,51,10000,0.03738990253145041,0.59347235866902,-0.5560824561375698,-0.5780583398740207,-0.5557405393051782,-0.536152128641425,1.0
best_quote_updates,two_to_five_ticks,ofi,1.0,1.0,1.0,0.0,1000,2019-01-02,2019-10-17,2019-10-18,2019-12-31,4065445,912661,912661,318199,0.6513502823063547,0.8330950128693051,0.6669296178592115,0.5971340946967165,0.6379504371750215,0.22458746005052743,0.2499973537399598,51,10000,0.10164065062809835,0.09557829412190433,0.10167706507065938,0.10774288972865946,0.0,0.004713139564250846,,2.8497929478105535,51,10000,0.016793256057765153,0.6063888746794075,-0.5895956186216423,-0.6128603391332027,-0.5892490294952211,-0.5686117512284833,1.0
best_quote_updates,two_to_five_ticks,ofi,1.0,1.0,1.0,0.0,10000,2019-01-02,2019-10-17,2019-10-18,2019-12-31,4065445,912661,912661,243406,0.7333007546065845,0.8331676293928663,0.6669296178592115,0.5971340946967165,0.6379504371750215,0.22458746005052743,0.2499973537399598,51,10000,0.10164065062809835,0.09557829412190433,0.10167706507065938,0.10774288972865946,0.0,0.004713139564250846,,2.8497929478105535,51,10000,0.012245434596190641,0.6109486917244634,-0.5987032571282728,-0.6212206968646475,-0.5983711295440919,-0.5774495718946029,1.0
best_quote_updates,two_to_five_ticks,queue,0.05,0.05982100360477143,0.060561369446048424,0.08078867326550032,0,2019-01-02,2019-10-17,2019-10-18,2019-12-31,4065445,912661,55272,55272,0.0,1.0,0.5224952618438236,0.5172818823199413,0.6950283427677268,0.25092711177704957,0.2499973537399598,51,10000,-0.00371907151488049,-0.007238850319771883,-0.0036634413360780993,-4.712930131279852e-05,0.9764,0.004138131329203901,0.3326028000979189,,51,10000,0.043956088108400425,0.5820804451140178,-0.5381243570056176,-0.5639872578400007,-0.537958760657752,-0.5133942122781748,1.0
best_quote_updates,two_to_five_ticks,queue,0.05,0.05982100360477143,0.060561369446048424,0.08078867326550032,10,2019-01-02,2019-10-17,2019-10-18,2019-12-31,4065445,912661,55272,47463,0.14128310898827612,1.0,0.5224952618438236,0.5172818823199413,0.6950283427677268,0.25092711177704957,0.2499973537399598,51,10000,-0.00371907151488049,-0.007238850319771883,-0.0036634413360780993,-4.712930131279852e-05,0.9764,0.004138131329203901,0.3326028000979189,,51,10000,0.03630259019583885,0.5836846556776767,-0.5473820654818379,-0.5741598184801469,-0.547205611630761,-0.5222020864147873,1.0
best_quote_updates,two_to_five_ticks,queue,0.05,0.05982100360477143,0.060561369446048424,0.08078867326550032,100,2019-01-02,2019-10-17,2019-10-18,2019-12-31,4065445,912661,55272,31522,0.42969315385728757,1.0,0.5224952618438236,0.5172818823199413,0.6950283427677268,0.25092711177704957,0.2499973537399598,51,10000,-0.00371907151488049,-0.007238850319771883,-0.0036634413360780993,-4.712930131279852e-05,0.9764,0.004138131329203901,0.3326028000979189,,51,10000,0.009507424548691773,0.5950663922797911,-0.5855589677310993,-0.6147266036856939,-0.5854937661376167,-0.5571533453869771,1.0
best_quote_updates,two_to_five_ticks,queue,0.05,0.05982100360477143,0.060561369446048424,0.08078867326550032,1000,2019-01-02,2019-10-17,2019-10-18,2019-12-31,4065445,912661,55272,20869,0.6224308872485165,1.0,0.5224952618438236,0.5172818823199413,0.6950283427677268,0.25092711177704957,0.2499973537399598,51,10000,-0.00371907151488049,-0.007238850319771883,-0.0036634413360780993,-4.712930131279852e-05,0.9764,0.004138131329203901,0.3326028000979189,,51,10000,0.025902545605137363,0.6077997808538256,-0.5818972352486883,-0.6143104558988502,-0.582057657715213,-0.5473425208329276,1.0
best_quote_updates,two_to_five_ticks,queue,0.05,0.05982100360477143,0.060561369446048424,0.08078867326550032,10000,2019-01-02,2019-10-17,2019-10-18,2019-12-31,4065445,912661,55272,16048,0.7096540743957157,1.0,0.5224952618438236,0.5172818823199413,0.6950283427677268,0.25092711177704957,0.2499973537399598,51,10000,-0.00371907151488049,-0.007238850319771883,-0.0036634413360780993,-4.712930131279852e-05,0.9764,0.004138131329203901,0.3326028000979189,,51,10000,0.04823989028222115,0.6127297456441991,-0.5644898553619779,-0.6028043962943208,-0.5648308328879608,-0.524592641446036,1.0
best_quote_updates,two_to_five_ticks,queue,0.1,0.12089648242689299,0.15049070794084551,0.07877228849024426,0,2019-01-02,2019-10-17,2019-10-18,2019-12-31,4065445,912661,137347,137347,0.0,0.4024259721726721,0.5224952618438236,0.5172818823199413,0.6950283427677268,0.25092711177704957,0.2499973537399598,51,10000,-0.00371907151488049,-0.007238850319771883,-0.0036634413360780993,-4.712930131279852e-05,0.9764,0.004138131329203901,0.3326028000979189,,51,10000,0.0341343749565485,0.5746018154557606,-0.5404674404992121,-0.5612488442842216,-0.5403730647231548,-0.5208787567199833,1.0
best_quote_updates,two_to_five_ticks,queue,0.1,0.12089648242689299,0.15049070794084551,0.07877228849024426,10,2019-01-02,2019-10-17,2019-10-18,2019-12-31,4065445,912661,137347,117425,0.14504867234085927,0.4041984245262934,0.5224952618438236,0.5172818823199413,0.6950283427677268,0.25092711177704957,0.2499973537399598,51,10000,-0.00371907151488049,-0.007238850319771883,-0.0036634413360780993,-4.712930131279852e-05,0.9764,0.004138131329203901,0.3326028000979189,,51,10000,0.0321990995202722,0.5758744610179731,-0.543675361497701,-0.5665626191804858,-0.5436554746683699,-0.5224805353870597,1.0
best_quote_updates,two_to_five_ticks,queue,0.1,0.12089648242689299,0.15049070794084551,0.07877228849024426,100,2019-01-02,2019-10-17,2019-10-18,2019-12-31,4065445,912661,137347,80581,0.4133035304739091,0.3911840260110944,0.5224952618438236,0.5172818823199413,0.6950283427677268,0.25092711177704957,0.2499973537399598,51,10000,-0.00371907151488049,-0.007238850319771883,-0.0036634413360780993,-4.712930131279852e-05,0.9764,0.004138131329203901,0.3326028000979189,,51,10000,0.011462916498099492,0.582730620737925,-0.5712677042398255,-0.597173998848241,-0.5712678853154942,-0.5481178595277126,1.0
best_quote_updates,two_to_five_ticks,queue,0.1,0.12089648242689299,0.15049070794084551,0.07877228849024426,1000,2019-01-02,2019-10-17,2019-10-18,2019-12-31,4065445,912661,137347,52584,0.617144895774935,0.39686977027232617,0.5224952618438236,0.5172818823199413,0.6950283427677268,0.25092711177704957,0.2499973537399598,51,10000,-0.00371907151488049,-0.007238850319771883,-0.0036634413360780993,-4.712930131279852e-05,0.9764,0.004138131329203901,0.3326028000979189,,51,10000,0.038109087311915854,0.5957588936076451,-0.5576498062957292,-0.5886479911304409,-0.5579488534837378,-0.5261625413189793,1.0
best_quote_updates,two_to_five_ticks,queue,0.1,0.12089648242689299,0.15049070794084551,0.07877228849024426,10000,2019-01-02,2019-10-17,2019-10-18,2019-12-31,4065445,912661,137347,40303,0.7065607548763351,0.3981837580329008,0.5224952618438236,0.5172818823199413,0.6950283427677268,0.25092711177704957,0.2499973537399598,51,10000,-0.00371907151488049,-0.007238850319771883,-0.0036634413360780993,-4.712930131279852e-05,0.9764,0.004138131329203901,0.3326028000979189,,51,10000,0.05182635076429494,0.6019083704078377,-0.5500820196435428,-0.5835036514532282,-0.5503987889204927,-0.5158862023834476,1.0
best_quote_updates,two_to_five_ticks,queue,0.2,0.20154079073754533,0.24992741006792227,0.07353222088707151,0,2019-01-02,2019-10-17,2019-10-18,2019-12-31,4065445,912661,228099,228099,0.0,0.41645951976992446,0.5224952618438236,0.5172818823199413,0.6950283427677268,0.25092711177704957,0.2499973537399598,51,10000,-0.00371907151488049,-0.007238850319771883,-0.0036634413360780993,-4.712930131279852e-05,0.9764,0.004138131329203901,0.3326028000979189,,51,10000,0.027194061145783256,0.5769348107473744,-0.549740749601591,-0.5709283269407854,-0.5496382200626168,-0.5297491007012131,1.0
best_quote_updates,two_to_five_ticks,queue,0.2,0.20154079073754533,0.24992741006792227,0.07353222088707151,10,2019-01-02,2019-10-17,2019-10-18,2019-12-31,4065445,912661,228099,196593,0.13812423552930964,0.41715117018408593,0.5224952618438236,0.5172818823199413,0.6950283427677268,0.25092711177704957,0.2499973537399598,51,10000,-0.00371907151488049,-0.007238850319771883,-0.0036634413360780993,-4.712930131279852e-05,0.9764,0.004138131329203901,0.3326028000979189,,51,10000,0.021455772499866813,0.5783473744036584,-0.5568916019037917,-0.5796139565005902,-0.5567722067820198,-0.5356428365166697,1.0
best_quote_updates,two_to_five_ticks,queue,0.2,0.20154079073754533,0.24992741006792227,0.07353222088707151,100,2019-01-02,2019-10-17,2019-10-18,2019-12-31,4065445,912661,228099,131718,0.4225402128023358,0.40780303375392885,0.5224952618438236,0.5172818823199413,0.6950283427677268,0.25092711177704957,0.2499973537399598,51,10000,-0.00371907151488049,-0.007238850319771883,-0.0036634413360780993,-4.712930131279852e-05,0.9764,0.004138131329203901,0.3326028000979189,,51,10000,0.0021920315580896085,0.5858240802637509,-0.5836320487056611,-0.608943210375817,-0.5834496319242444,-0.561128519826694,1.0
best_quote_updates,two_to_five_ticks,queue,0.2,0.20154079073754533,0.24992741006792227,0.07353222088707151,1000,2019-01-02,2019-10-17,2019-10-18,2019-12-31,4065445,912661,228099,84337,0.6302614215757193,0.4124405658252013,0.5224952618438236,0.5172818823199413,0.6950283427677268,0.25092711177704957,0.2499973537399598,51,10000,-0.00371907151488049,-0.007238850319771883,-0.0036634413360780993,-4.712930131279852e-05,0.9764,0.004138131329203901,0.3326028000979189,,51,10000,0.029922403626963825,0.5994715911016242,-0.5695491874746604,-0.5983642221877885,-0.5695056666805667,-0.5407624357581708,1.0
best_quote_updates,two_to_five_ticks,queue,0.2,0.20154079073754533,0.24992741006792227,0.07353222088707151,10000,2019-01-02,2019-10-17,2019-10-18,2019-12-31,4065445,912661,228099,64347,0.7178988070969184,0.41232691500769264,0.5224952618438236,0.5172818823199413,0.6950283427677268,0.25092711177704957,0.2499973537399598,51,10000,-0.00371907151488049,-0.007238850319771883,-0.0036634413360780993,-4.712930131279852e-05,0.9764,0.004138131329203901,0.3326028000979189,,51,10000,0.04531087986359201,0.605150930316754,-0.5598400504531622,-0.5902408166922942,-0.559918085685055,-0.5293296581321882,1.0
best_quote_updates,two_to_five_ticks,queue,1.0,1.0,1.0,0.0,0,2019-01-02,2019-10-17,2019-10-18,2019-12-31,4065445,912661,912661,912661,0.0,0.5004881330526888,0.5224952618438236,0.5172818823199413,0.6950283427677268,0.25092711177704957,0.2499973537399598,51,10000,-0.00371907151488049,-0.007238850319771883,-0.0036634413360780993,-4.712930131279852e-05,0.9764,0.004138131329203901,0.3326028000979189,,51,10000,0.012783419558844553,0.5816403703268523,-0.5688569507680078,-0.5907321396965303,-0.5686893280776304,-0.5482096767614704,1.0
best_quote_updates,two_to_five_ticks,queue,1.0,1.0,1.0,0.0,10,2019-01-02,2019-10-17,2019-10-18,2019-12-31,4065445,912661,912661,803720,0.11936633646008754,0.500720400139352,0.5224952618438236,0.5172818823199413,0.6950283427677268,0.25092711177704957,0.2499973537399598,51,10000,-0.00371907151488049,-0.007238850319771883,-0.0036634413360780993,-4.712930131279852e-05,0.9764,0.004138131329203901,0.3326028000979189,,51,10000,0.010520352987467712,0.5836787343064294,-0.5731583813189617,-0.5956487631157625,-0.5728801711432173,-0.55207468193255,1.0
best_quote_updates,two_to_five_ticks,queue,1.0,1.0,1.0,0.0,100,2019-01-02,2019-10-17,2019-10-18,2019-12-31,4065445,912661,912661,506947,0.44453964834697657,0.49381296269629765,0.5224952618438236,0.5172818823199413,0.6950283427677268,0.25092711177704957,0.2499973537399598,51,10000,-0.00371907151488049,-0.007238850319771883,-0.0036634413360780993,-4.712930131279852e-05,0.9764,0.004138131329203901,0.3326028000979189,,51,10000,0.0029789562472874362,0.59347235866902,-0.5904934024217328,-0.6143825443845272,-0.5902331504161037,-0.5689611106897573,1.0
best_quote_updates,two_to_five_ticks,queue,1.0,1.0,1.0,0.0,1000,2019-01-02,2019-10-17,2019-10-18,2019-12-31,4065445,912661,912661,318199,0.6513502823063547,0.49115490620649344,0.5224952618438236,0.5172818823199413,0.6950283427677268,0.25092711177704957,0.2499973537399598,51,10000,-0.00371907151488049,-0.007238850319771883,-0.0036634413360780993,-4.712930131279852e-05,0.9764,0.004138131329203901,0.3326028000979189,,51,10000,0.02996497075103626,0.6063888746794075,-0.5764239039283712,-0.6019724174686164,-0.575971400851948,-0.5526451050521347,1.0
best_quote_updates,two_to_five_ticks,queue,1.0,1.0,1.0,0.0,10000,2019-01-02,2019-10-17,2019-10-18,2019-12-31,4065445,912661,912661,243406,0.7333007546065845,0.4893593420047164,0.5224952618438236,0.5172818823199413,0.6950283427677268,0.25092711177704957,0.2499973537399598,51,10000,-0.00371907151488049,-0.007238850319771883,-0.0036634413360780993,-4.712930131279852e-05,0.9764,0.004138131329203901,0.3326028000979189,,51,10000,0.04858393641608355,0.6109486917244634,-0.5623647553083799,-0.5879312104164243,-0.5619454431320478,-0.5380583036540842,1.0
best_quote_updates,two_to_five_ticks,queue_and_ofi,0.05,0.05048697006108802,0.06131411334548096,0.34339653264808445,0,2019-01-02,2019-10-17,2019-10-18,2019-12-31,4065445,912661,55959,55959,0.0,0.5460605085866438,0.6764252197284484,0.6153314319336534,0.6382701819343165,0.22457582964177092,0.2499973537399598,51,10000,0.10168717275556294,0.09647800614259318,0.10172785195460338,0.10693003393471587,0.0,0.006255125993400344,0.26575822322307063,2.776030729738206,51,10000,0.4025326365921007,0.5636628293274693,-0.1611301927353686,-0.1946748387188375,-0.16161192173907135,-0.12027470815466522,1.0
best_quote_updates,two_to_five_ticks,queue_and_ofi,0.05,0.05048697006108802,0.06131411334548096,0.34339653264808445,10,2019-01-02,2019-10-17,2019-10-18,2019-12-31,4065445,912661,55959,31440,0.4381600814882325,0.5533396946564886,0.6764252197284484,0.6153314319336534,0.6382701819343165,0.22457582964177092,0.2499973537399598,51,10000,0.10168717275556294,0.09647800614259318,0.10172785195460338,0.10693003393471587,0.0,0.006255125993400344,0.26575822322307063,2.776030729738206,51,10000,0.3532195374100082,0.5670498667536644,-0.21383032934365614,-0.24973173012171113,-0.21413798691747007,-0.17211770360700931,1.0
best_quote_updates,two_to_five_ticks,queue_and_ofi,0.05,0.05048697006108802,0.06131411334548096,0.34339653264808445,100,2019-01-02,2019-10-17,2019-10-18,2019-12-31,4065445,912661,55959,14498,0.7409174574241856,0.5844944130224858,0.6764252197284484,0.6153314319336534,0.6382701819343165,0.22457582964177092,0.2499973537399598,51,10000,0.10168717275556294,0.09647800614259318,0.10172785195460338,0.10693003393471587,0.0,0.006255125993400344,0.26575822322307063,2.776030729738206,51,10000,0.16712440607955673,0.5746810058259079,-0.40755659974635117,-0.4389457364622571,-0.4072571529819077,-0.3769791826785273,1.0
best_quote_updates,two_to_five_ticks,queue_and_ofi,0.05,0.05048697006108802,0.06131411334548096,0.34339653264808445,1000,2019-01-02,2019-10-17,2019-10-18,2019-12-31,4065445,912661,55959,8225,0.8530173877303026,0.5736170212765958,0.6764252197284484,0.6153314319336534,0.6382701819343165,0.22457582964177092,0.2499973537399598,51,10000,0.10168717275556294,0.09647800614259318,0.10172785195460338,0.10693003393471587,0.0,0.006255125993400344,0.26575822322307063,2.776030729738206,51,10000,0.0823677068665722,0.5898127729328172,-0.5074450660662447,-0.5437651676020067,-0.5073297375766277,-0.4710143454788036,1.0
best_quote_updates,two_to_five_ticks,queue_and_ofi,0.05,0.05048697006108802,0.06131411334548096,0.34339653264808445,10000,2019-01-02,2019-10-17,2019-10-18,2019-12-31,4065445,912661,55959,6133,0.8904019013920906,0.5742703407793902,0.6764252197284484,0.6153314319336534,0.6382701819343165,0.22457582964177092,0.2499973537399598,51,10000,0.10168717275556294,0.09647800614259318,0.10172785195460338,0.10693003393471587,0.0,0.006255125993400344,0.26575822322307063,2.776030729738206,51,10000,0.045254944276413245,0.5953629017211735,-0.5501079574447603,-0.5900562690700556,-0.5504933965275511,-0.5069471081704733,1.0
best_quote_updates,two_to_five_ticks,queue_and_ofi,0.1,0.10048371088527824,0.11151237973354838,0.2776985408693211,0,2019-01-02,2019-10-17,2019-10-18,2019-12-31,4065445,912661,101773,101773,0.0,0.5439949691961522,0.6764252197284484,0.6153314319336534,0.6382701819343165,0.22457582964177092,0.2499973537399598,51,10000,0.10168717275556294,0.09647800614259318,0.10172785195460338,0.10693003393471587,0.0,0.006255125993400344,0.26575822322307063,2.776030729738206,51,10000,0.34980067522867414,0.5703413966377039,-0.22054072140902958,-0.2515178020545246,-0.22074945328838058,-0.18299664973237137,1.0
best_quote_updates,two_to_five_ticks,queue_and_ofi,0.1,0.10048371088527824,0.11151237973354838,0.2776985408693211,10,2019-01-02,2019-10-17,2019-10-18,2019-12-31,4065445,912661,101773,66622,0.34538630088530353,0.5454504518027078,0.6764252197284484,0.6153314319336534,0.6382701819343165,0.22457582964177092,0.2499973537399598,51,10000,0.10168717275556294,0.09647800614259318,0.10172785195460338,0.10693003393471587,0.0,0.006255125993400344,0.26575822322307063,2.776030729738206,51,10000,0.29720788374444934,0.5752954474592158,-0.27808756371476645,-0.309967195159268,-0.278019674594356,-0.2422094013226327,1.0
best_quote_updates,two_to_five_ticks,queue_and_ofi,0.1,0.10048371088527824,0.11151237973354838,0.2776985408693211,100,2019-01-02,2019-10-17,2019-10-18,2019-12-31,4065445,912661,101773,36284,0.6434810804437326,0.5649046411641495,0.6764252197284484,0.6153314319336534,0.6382701819343165,0.22457582964177092,0.2499973537399598,51,10000,0.10168717275556294,0.09647800614259318,0.10172785195460338,0.10693003393471587,0.0,0.006255125993400344,0.26575822322307063,2.776030729738206,51,10000,0.14532488863620205,0.5865760871671617,-0.44125119853095957,-0.4673491307319618,-0.4410007935361637,-0.41619538809438705,1.0
best_quote_updates,two_to_five_ticks,queue_and_ofi,0.1,0.10048371088527824,0.11151237973354838,0.2776985408693211,1000,2019-01-02,2019-10-17,2019-10-18,2019-12-31,4065445,912661,101773,22406,0.7798433769270828,0.5572168169240382,0.6764252197284484,0.6153314319336534,0.6382701819343165,0.22457582964177092,0.2499973537399598,51,10000,0.10168717275556294,0.09647800614259318,0.10172785195460338,0.10693003393471587,0.0,0.006255125993400344,0.26575822322307063,2.776030729738206,51,10000,0.08336716583694011,0.6023997038068464,-0.5190325379699062,-0.546348767001527,-0.5189647241266385,-0.4910454328053239,1.0
best_quote_updates,two_to_five_ticks,queue_and_ofi,0.1,0.10048371088527824,0.11151237973354838,0.2776985408693211,10000,2019-01-02,2019-10-17,2019-10-18,2019-12-31,4065445,912661,101773,17267,0.8303381053914103,0.5618231308275902,0.6764252197284484,0.6153314319336534,0.6382701819343165,0.22457582964177092,0.2499973537399598,51,10000,0.10168717275556294,0.09647800614259318,0.10172785195460338,0.10693003393471587,0.0,0.006255125993400344,0.26575822322307063,2.776030729738206,51,10000,0.05468975899146539,0.6076169594878315,-0.5529272004963661,-0.581381224701531,-0.5527621433270626,-0.5241637182262412,1.0
best_quote_updates,two_to_five_ticks,queue_and_ofi,0.2,0.20066954540031903,0.19674227341805994,0.18275145907066737,0,2019-01-02,2019-10-17,2019-10-18,2019-12-31,4065445,912661,179559,179559,0.0,0.5346265015955758,0.6764252197284484,0.6153314319336534,0.6382701819343165,0.22457582964177092,0.2499973537399598,51,10000,0.10168717275556294,0.09647800614259318,0.10172785195460338,0.10693003393471587,0.0,0.006255125993400344,0.26575822322307063,2.776030729738206,51,10000,0.3069852099708713,0.5751738067329971,-0.2681885967621258,-0.2960305443643454,-0.26816834693326286,-0.2355893275989132,1.0
best_quote_updates,two_to_five_ticks,queue_and_ofi,0.2,0.20066954540031903,0.19674227341805994,0.18275145907066737,10,2019-01-02,2019-10-17,2019-10-18,2019-12-31,4065445,912661,179559,129394,0.2793789228053175,0.5357435429772632,0.6764252197284484,0.6153314319336534,0.6382701819343165,0.22457582964177092,0.2499973537399598,51,10000,0.10168717275556294,0.09647800614259318,0.10172785195460338,0.10693003393471587,0.0,0.006255125993400344,0.26575822322307063,2.776030729738206,51,10000,0.255184923932708,0.5799698506786901,-0.3247849267459822,-0.353010123609104,-0.3245755115034565,-0.2944292685597558,1.0
best_quote_updates,two_to_five_ticks,queue_and_ofi,0.2,0.20066954540031903,0.19674227341805994,0.18275145907066737,100,2019-01-02,2019-10-17,2019-10-18,2019-12-31,4065445,912661,179559,77736,0.5670726613536498,0.5484202943295255,0.6764252197284484,0.6153314319336534,0.6382701819343165,0.22457582964177092,0.2499973537399598,51,10000,0.10168717275556294,0.09647800614259318,0.10172785195460338,0.10693003393471587,0.0,0.006255125993400344,0.26575822322307063,2.776030729738206,51,10000,0.13076739856257164,0.5915894066929888,-0.46082200813041696,-0.48532952026387743,-0.46065360792131216,-0.43754452755693546,1.0
best_quote_updates,two_to_five_ticks,queue_and_ofi,0.2,0.20066954540031903,0.19674227341805994,0.18275145907066737,1000,2019-01-02,2019-10-17,2019-10-18,2019-12-31,4065445,912661,179559,50412,0.7192454847710223,0.5443941918590812,0.6764252197284484,0.6153314319336534,0.6382701819343165,0.22457582964177092,0.2499973537399598,51,10000,0.10168717275556294,0.09647800614259318,0.10172785195460338,0.10693003393471587,0.0,0.006255125993400344,0.26575822322307063,2.776030729738206,51,10000,0.07890683451718354,0.6065548646757135,-0.5276480301585299,-0.5527501452414495,-0.5273946772829923,-0.5036694998479699,1.0
best_quote_updates,two_to_five_ticks,queue_and_ofi,0.2,0.20066954540031903,0.19674227341805994,0.18275145907066737,10000,2019-01-02,2019-10-17,2019-10-18,2019-12-31,4065445,912661,179559,39401,0.7805679470257687,0.5508997233572752,0.6764252197284484,0.6153314319336534,0.6382701819343165,0.22457582964177092,0.2499973537399598,51,10000,0.10168717275556294,0.09647800614259318,0.10172785195460338,0.10693003393471587,0.0,0.006255125993400344,0.26575822322307063,2.776030729738206,51,10000,0.05821418910791212,0.6113023161138142,-0.5530881270059022,-0.5777678029753119,-0.5530400316502482,-0.5288209400284428,1.0
best_quote_updates,two_to_five_ticks,queue_and_ofi,1.0,1.0,1.0,0.0,0,2019-01-02,2019-10-17,2019-10-18,2019-12-31,4065445,912661,912661,912661,0.0,0.5136080099839919,0.6764252197284484,0.6153314319336534,0.6382701819343165,0.22457582964177092,0.2499973537399598,51,10000,0.10168717275556294,0.09647800614259318,0.10172785195460338,0.10693003393471587,0.0,0.006255125993400344,0.26575822322307063,2.776030729738206,51,10000,0.11227294544007622,0.5816403703268523,-0.4693674248867762,-0.492446805271889,-0.4689916070858378,-0.44614667414523884,1.0
best_quote_updates,two_to_five_ticks,queue_and_ofi,1.0,1.0,1.0,0.0,10,2019-01-02,2019-10-17,2019-10-18,2019-12-31,4065445,912661,912661,803720,0.11936633646008754,0.5131264619519236,0.6764252197284484,0.6153314319336534,0.6382701819343165,0.22457582964177092,0.2499973537399598,51,10000,0.10168717275556294,0.09647800614259318,0.10172785195460338,0.10693003393471587,0.0,0.006255125993400344,0.26575822322307063,2.776030729738206,51,10000,0.08728228400405351,0.5836787343064294,-0.49639645030237595,-0.5198049050922545,-0.4959020251305256,-0.47379269466562046,1.0
best_quote_updates,two_to_five_ticks,queue_and_ofi,1.0,1.0,1.0,0.0,100,2019-01-02,2019-10-17,2019-10-18,2019-12-31,4065445,912661,912661,506947,0.44453964834697657,0.5119036112256311,0.6764252197284484,0.6153314319336534,0.6382701819343165,0.22457582964177092,0.2499973537399598,51,10000,0.10168717275556294,0.09647800614259318,0.10172785195460338,0.10693003393471587,0.0,0.006255125993400344,0.26575822322307063,2.776030729738206,51,10000,0.0425837222203262,0.59347235866902,-0.5508886364486941,-0.5745798568650851,-0.5504120705509563,-0.5295541902505033,1.0
best_quote_updates,two_to_five_ticks,queue_and_ofi,1.0,1.0,1.0,0.0,1000,2019-01-02,2019-10-17,2019-10-18,2019-12-31,4065445,912661,912661,318199,0.6513502823063547,0.5076351591299784,0.6764252197284484,0.6153314319336534,0.6382701819343165,0.22457582964177092,0.2499973537399598,51,10000,0.10168717275556294,0.09647800614259318,0.10172785195460338,0.10693003393471587,0.0,0.006255125993400344,0.26575822322307063,2.776030729738206,51,10000,0.03868745084526617,0.6063888746794075,-0.5677014238341413,-0.5923123112092299,-0.567125165233533,-0.5453902216247541,1.0
best_quote_updates,two_to_five_ticks,queue_and_ofi,1.0,1.0,1.0,0.0,10000,2019-01-02,2019-10-17,2019-10-18,2019-12-31,4065445,912661,912661,243406,0.7333007546065845,0.5081222319909945,0.6764252197284484,0.6153314319336534,0.6382701819343165,0.22457582964177092,0.2499973537399598,51,10000,0.10168717275556294,0.09647800614259318,0.10172785195460338,0.10693003393471587,0.0,0.006255125993400344,0.26575822322307063,2.776030729738206,51,10000,0.043916089196434895,0.6109486917244634,-0.5670326025280287,-0.5916685242505708,-0.5665337011852997,-0.5440949883425361,1.0
