sample,spread_bucket,model,target_train_signal_fraction,achieved_train_signal_fraction,test_signal_fraction,confidence_cutoff,landmark_age_us,entry_latency_us,shares,train_first_date,train_last_date,test_first_date,test_last_date,train_signals,test_signals,selected_test_signals,arrived_test_signals,filled_round_trips,stale_fraction,capacity_censored_fraction,buy_fraction,direction_roc_auc,direction_accuracy,direction_log_loss,direction_brier_score,direction_baseline_brier_score,direction_clusters,direction_replicates,direction_relative_brier_reduction,direction_relative_brier_reduction_lower_95,direction_relative_brier_reduction_median,direction_relative_brier_reduction_upper_95,direction_probability_nonpositive,intercept,queue_coefficient,ofi_coefficient,clusters,replicates,midpoint_move_mean_bps,entry_cost_mean_bps,exit_cost_mean_bps,quoted_round_trip_mean_bps,quoted_round_trip_lower_95_bps,quoted_round_trip_median_bps,quoted_round_trip_upper_95_bps,probability_quoted_pnl_nonpositive
price_spell_round_trips,all_spreads,ofi,0.05,0.05780146048492931,0.045132581934866974,0.10076249300826984,100,0,1,2019-01-02,2019-10-17,2019-10-18,2019-12-31,7649651,2198301,99215,99215,99215,0.0,0.0,0.507574459507131,0.5229623620184224,0.5128255866689776,0.6908107686616092,0.248816985144512,0.25000198706756166,51,10000,0.0047399700176361526,0.004329787518591049,0.004747609697585364,0.005117493327120859,0.0,0.009089513697119267,,1.6187141674317413,51,10000,0.12964172377748037,1.725511679119495,1.8563484715452911,-3.4522184268871623,-3.746346439082652,-3.4505707610167335,-3.1737282933861093,1.0
price_spell_round_trips,all_spreads,ofi,0.05,0.05780146048492931,0.045132581934866974,0.10076249300826984,100,10,1,2019-01-02,2019-10-17,2019-10-18,2019-12-31,7649651,2198301,99215,96261,96261,0.029773723731290613,0.0,0.5075887431046842,0.5229623620184224,0.5128255866689776,0.6908107686616092,0.248816985144512,0.25000198706756166,51,10000,0.0047399700176361526,0.004329787518591049,0.004747609697585364,0.005117493327120859,0.0,0.009089513697119267,,1.6187141674317413,51,10000,0.12002385390624114,1.7426327965870767,1.8639644602244383,-3.486573402905303,-3.7840598153113514,-3.4848324527224284,-3.20533347166626,1.0
price_spell_round_trips,all_spreads,ofi,0.05,0.05780146048492931,0.045132581934866974,0.10076249300826984,100,100,1,2019-01-02,2019-10-17,2019-10-18,2019-12-31,7649651,2198301,99215,84071,84071,0.15263820994809252,0.0,0.5073568769254558,0.5229623620184224,0.5128255866689776,0.6908107686616092,0.248816985144512,0.25000198706756166,51,10000,0.0047399700176361526,0.004329787518591049,0.004747609697585364,0.005117493327120859,0.0,0.009089513697119267,,1.6187141674317413,51,10000,0.0893639304469523,1.8063613093957493,1.8946891940333195,-3.611686572982244,-3.9192687536034256,-3.609581782122884,-3.322402756583384,1.0
price_spell_round_trips,all_spreads,ofi,0.05,0.05780146048492931,0.045132581934866974,0.10076249300826984,100,1000,1,2019-01-02,2019-10-17,2019-10-18,2019-12-31,7649651,2198301,99215,57990,57990,0.41551176737388495,0.0,0.5052077944473184,0.5229623620184224,0.5128255866689776,0.6908107686616092,0.248816985144512,0.25000198706756166,51,10000,0.0047399700176361526,0.004329787518591049,0.004747609697585364,0.005117493327120859,0.0,0.009089513697119267,,1.6187141674317413,51,10000,0.044565107194879085,1.8991914325615618,1.9551912088615229,-3.8098175342282032,-4.133485551159028,-3.806780183207708,-3.503461396137114,1.0
price_spell_round_trips,all_spreads,ofi,0.05,0.05780146048492931,0.045132581934866974,0.10076249300826984,100,10000,1,2019-01-02,2019-10-17,2019-10-18,2019-12-31,7649651,2198301,99215,40521,40521,0.5915839338809656,0.0,0.518447224895733,0.5229623620184224,0.5128255866689776,0.6908107686616092,0.248816985144512,0.25000198706756166,51,10000,0.0047399700176361526,0.004329787518591049,0.004747609697585364,0.005117493327120859,0.0,0.009089513697119267,,1.6187141674317413,51,10000,0.02761555121190735,1.7822829898550165,1.8531094811145912,-3.6077769197578102,-3.89192548240551,-3.6056429381813384,-3.3438519038257954,1.0
price_spell_round_trips,all_spreads,ofi,0.05,0.05780146048492931,0.045132581934866974,0.10076249300826984,100,0,100,2019-01-02,2019-10-17,2019-10-18,2019-12-31,7649651,2198301,99215,99215,52050,0.0,0.47538174671168676,0.5080499519692603,0.5229623620184224,0.5128255866689776,0.6908107686616092,0.248816985144512,0.25000198706756166,51,10000,0.0047399700176361526,0.004329787518591049,0.004747609697585364,0.005117493327120859,0.0,0.009089513697119267,,1.6187141674317413,51,10000,0.11927537837167936,2.3984978080096298,2.221333295948817,-4.500555725586864,-4.871248926584885,-4.497879102869383,-4.13172672539105,1.0
price_spell_round_trips,all_spreads,ofi,0.05,0.05780146048492931,0.045132581934866974,0.10076249300826984,100,10,100,2019-01-02,2019-10-17,2019-10-18,2019-12-31,7649651,2198301,99215,96261,50796,0.029773723731290613,0.47230965811699444,0.5075399637766753,0.5229623620184224,0.5128255866689776,0.6908107686616092,0.248816985144512,0.25000198706756166,51,10000,0.0047399700176361526,0.004329787518591049,0.004747609697585364,0.005117493327120859,0.0,0.009089513697119267,,1.6187141674317413,51,10000,0.10879058428838845,2.4101859457028927,2.2253530843707914,-4.5267484457851985,-4.898413290176903,-4.523859089803934,-4.157107348932715,1.0
price_spell_round_trips,all_spreads,ofi,0.05,0.05780146048492931,0.045132581934866974,0.10076249300826984,100,100,100,2019-01-02,2019-10-17,2019-10-18,2019-12-31,7649651,2198301,99215,84071,45869,0.15263820994809252,0.4544016367118269,0.5092110139745798,0.5229623620184224,0.5128255866689776,0.6908107686616092,0.248816985144512,0.25000198706756166,51,10000,0.0047399700176361526,0.004329787518591049,0.004747609697585364,0.005117493327120859,0.0,0.009089513697119267,,1.6187141674317413,51,10000,0.07574670745665554,2.446224873090344,2.227264789070609,-4.597742954704415,-4.962345594882612,-4.593674757796789,-4.231722728954207,1.0
price_spell_round_trips,all_spreads,ofi,0.05,0.05780146048492931,0.045132581934866974,0.10076249300826984,100,1000,100,2019-01-02,2019-10-17,2019-10-18,2019-12-31,7649651,2198301,99215,57990,32526,0.41551176737388495,0.43911019141231245,0.5048269077046056,0.5229623620184224,0.5128255866689776,0.6908107686616092,0.248816985144512,0.25000198706756166,51,10000,0.0047399700176361526,0.004329787518591049,0.004747609697585364,0.005117493327120859,0.0,0.009089513697119267,,1.6187141674317413,51,10000,0.03455925858071719,2.5359715946093435,2.2456690260061896,-4.747081362034867,-5.1173771856611685,-4.744083561208771,-4.380620904453272,1.0
price_spell_round_trips,all_spreads,ofi,0.05,0.05780146048492931,0.045132581934866974,0.10076249300826984,100,10000,100,2019-01-02,2019-10-17,2019-10-18,2019-12-31,7649651,2198301,99215,40521,22894,0.5915839338809656,0.4350090076750327,0.5218834629160479,0.5229623620184224,0.5128255866689776,0.6908107686616092,0.248816985144512,0.25000198706756166,51,10000,0.0047399700176361526,0.004329787518591049,0.004747609697585364,0.005117493327120859,0.0,0.009089513697119267,,1.6187141674317413,51,10000,0.013496086133460108,2.37540120148478,2.147415908543636,-4.509321023895041,-4.837858459754597,-4.507207208429611,-4.180518286424913,1.0
price_spell_round_trips,all_spreads,ofi,0.05,0.05780146048492931,0.045132581934866974,0.10076249300826984,100,0,500,2019-01-02,2019-10-17,2019-10-18,2019-12-31,7649651,2198301,99215,99215,628,0.0,0.9936703119487981,0.5222929936305732,0.5229623620184224,0.5128255866689776,0.6908107686616092,0.248816985144512,0.25000198706756166,51,10000,0.0047399700176361526,0.004329787518591049,0.004747609697585364,0.005117493327120859,0.0,0.009089513697119267,,1.6187141674317413,51,10000,-0.00358079675196033,2.226497263663594,2.212114952918815,-4.442193013333773,-4.794235941504548,-4.43860915343094,-4.084162882296076,1.0
price_spell_round_trips,all_spreads,ofi,0.05,0.05780146048492931,0.045132581934866974,0.10076249300826984,100,10,500,2019-01-02,2019-10-17,2019-10-18,2019-12-31,7649651,2198301,99215,96261,616,0.029773723731290613,0.9936007313449892,0.5227272727272727,0.5229623620184224,0.5128255866689776,0.6908107686616092,0.248816985144512,0.25000198706756166,51,10000,0.0047399700176361526,0.004329787518591049,0.004747609697585364,0.005117493327120859,0.0,0.009089513697119267,,1.6187141674317413,51,10000,-0.013122882859100723,2.2388860187280035,2.212266582401274,-4.464275483987839,-4.8212523840872334,-4.460980065163785,-4.101754768543388,1.0
price_spell_round_trips,all_spreads,ofi,0.05,0.05780146048492931,0.045132581934866974,0.10076249300826984,100,100,500,2019-01-02,2019-10-17,2019-10-18,2019-12-31,7649651,2198301,99215,84071,556,0.15263820994809252,0.9933865423273186,0.5305755395683454,0.5229623620184224,0.5128255866689776,0.6908107686616092,0.248816985144512,0.25000198706756166,51,10000,0.0047399700176361526,0.004329787518591049,0.004747609697585364,0.005117493327120859,0.0,0.009089513697119267,,1.6187141674317413,51,10000,-0.04959716373545726,2.1820692553808687,2.164992124516095,-4.396658543632213,-4.733350058605664,-4.392945490360327,-4.0374174279732316,1.0
price_spell_round_trips,all_spreads,ofi,0.05,0.05780146048492931,0.045132581934866974,0.10076249300826984,100,1000,500,2019-01-02,2019-10-17,2019-10-18,2019-12-31,7649651,2198301,99215,57990,407,0.41551176737388495,0.9929815485428523,0.5331695331695332,0.5229623620184224,0.5128255866689776,0.6908107686616092,0.248816985144512,0.25000198706756166,51,10000,0.0047399700176361526,0.004329787518591049,0.004747609697585364,0.005117493327120859,0.0,0.009089513697119267,,1.6187141674317413,51,10000,-0.07563262377011547,2.2926156889887523,2.1321139821085824,-4.500362294867577,-4.8625240834565915,-4.500335105486822,-4.089758556862767,1.0
price_spell_round_trips,all_spreads,ofi,0.05,0.05780146048492931,0.045132581934866974,0.10076249300826984,100,10000,500,2019-01-02,2019-10-17,2019-10-18,2019-12-31,7649651,2198301,99215,40521,327,0.5915839338809656,0.9919301103131709,0.5382262996941896,0.5229623620184224,0.5128255866689776,0.6908107686616092,0.248816985144512,0.25000198706756166,51,10000,0.0047399700176361526,0.004329787518591049,0.004747609697585364,0.005117493327120859,0.0,0.009089513697119267,,1.6187141674317413,51,10000,-0.08037665424992965,2.3221658597825265,2.0808829461799174,-4.483425460212605,-4.8810826703349885,-4.4795642961199444,-4.027376730343797,1.0
price_spell_round_trips,all_spreads,ofi,0.1,0.11002162059419443,0.0713473723571067,0.05427427719956757,100,0,1,2019-01-02,2019-10-17,2019-10-18,2019-12-31,7649651,2198301,156843,156843,156843,0.0,0.0,0.5614276697079245,0.5229623620184224,0.5128255866689776,0.6908107686616092,0.248816985144512,0.25000198706756166,51,10000,0.0047399700176361526,0.004329787518591049,0.004747609697585364,0.005117493327120859,0.0,0.009089513697119267,,1.6187141674317413,51,10000,0.11260907448454051,1.8290732883591534,1.9318619199789742,-3.648326133853459,-3.9673679119378398,-3.646894270388072,-3.341303545317503,1.0
price_spell_round_trips,all_spreads,ofi,0.1,0.11002162059419443,0.0713473723571067,0.05427427719956757,100,10,1,2019-01-02,2019-10-17,2019-10-18,2019-12-31,7649651,2198301,156843,152962,152962,0.024744489712642537,0.0,0.5616296858043174,0.5229623620184224,0.5128255866689776,0.6908107686616092,0.248816985144512,0.25000198706756166,51,10000,0.0047399700176361526,0.004329787518591049,0.004747609697585364,0.005117493327120859,0.0,0.009089513697119267,,1.6187141674317413,51,10000,0.10504314528882813,1.844718124541357,1.939828900908008,-3.6795038801604587,-4.0018805125172285,-3.67782729061566,-3.3706308080145533,1.0
price_spell_round_trips,all_spreads,ofi,0.1,0.11002162059419443,0.0713473723571067,0.05427427719956757,100,100,1,2019-01-02,2019-10-17,2019-10-18,2019-12-31,7649651,2198301,156843,136147,136147,0.13195360966061598,0.0,0.562656540357114,0.5229623620184224,0.5128255866689776,0.6908107686616092,0.248816985144512,0.25000198706756166,51,10000,0.0047399700176361526,0.004329787518591049,0.004747609697585364,0.005117493327120859,0.0,0.009089513697119267,,1.6187141674317413,51,10000,0.07956726234054141,1.9039190142502826,1.971064078435382,-3.7954158303452763,-4.125799021341707,-3.7929045125405656,-3.4795890474410167,1.0
price_spell_round_trips,all_spreads,ofi,0.1,0.11002162059419443,0.0713473723571067,0.05427427719956757,100,1000,1,2019-01-02,2019-10-17,2019-10-18,2019-12-31,7649651,2198301,156843,96476,96476,0.384888072786162,0.0,0.5618806749865252,0.5229623620184224,0.5128255866689776,0.6908107686616092,0.248816985144512,0.25000198706756166,51,10000,0.0047399700176361526,0.004329787518591049,0.004747609697585364,0.005117493327120859,0.0,0.009089513697119267,,1.6187141674317413,51,10000,0.042995383746044155,2.006207916897719,2.039357536475657,-4.002570069627388,-4.344258414589498,-3.9993952847812704,-3.674663277446782,1.0
price_spell_round_trips,all_spreads,ofi,0.1,0.11002162059419443,0.0713473723571067,0.05427427719956757,100,10000,1,2019-01-02,2019-10-17,2019-10-18,2019-12-31,7649651,2198301,156843,66830,66830,0.5739051153063892,0.0,0.5764925931467904,0.5229623620184224,0.5128255866689776,0.6908107686616092,0.248816985144512,0.25000198706756166,51,10000,0.0047399700176361526,0.004329787518591049,0.004747609697585364,0.005117493327120859,0.0,0.009089513697119267,,1.6187141674317413,51,10000,0.028950179621391976,1.8797993089321092,1.920856619590141,-3.771705748900833,-4.069103807195707,-3.7692050672298887,-3.4897944379789334,1.0
price_spell_round_trips,all_spreads,ofi,0.1,0.11002162059419443,0.0713473723571067,0.05427427719956757,100,0,100,2019-01-02,2019-10-17,2019-10-18,2019-12-31,7649651,2198301,156843,156843,93656,0.0,0.4028678359888551,0.570374562227727,0.5229623620184224,0.5128255866689776,0.6908107686616092,0.248816985144512,0.25000198706756166,51,10000,0.0047399700176361526,0.004329787518591049,0.004747609697585364,0.005117493327120859,0.0,0.009089513697119267,,1.6187141674317413,51,10000,0.0994416866336895,2.373448829540085,2.2925776593755702,-4.5665848022821045,-4.936015982408046,-4.562378420333724,-4.189601751865676,1.0
price_spell_round_trips,all_spreads,ofi,0.1,0.11002162059419443,0.0713473723571067,0.05427427719956757,100,10,100,2019-01-02,2019-10-17,2019-10-18,2019-12-31,7649651,2198301,156843,152962,91847,0.024744489712642537,0.3995436775146769,0.5703289165677703,0.5229623620184224,0.5128255866689776,0.6908107686616092,0.248816985144512,0.25000198706756166,51,10000,0.0047399700176361526,0.004329787518591049,0.004747609697585364,0.005117493327120859,0.0,0.009089513697119267,,1.6187141674317413,51,10000,0.0922697314844237,2.38392616876242,2.298106424771766,-4.589762862049625,-4.960885616973158,-4.585604329494059,-4.211935225334817,1.0
price_spell_round_trips,all_spreads,ofi,0.1,0.11002162059419443,0.0713473723571067,0.05427427719956757,100,100,100,2019-01-02,2019-10-17,2019-10-18,2019-12-31,7649651,2198301,156843,136147,84265,0.13195360966061598,0.3810733986059186,0.5719575149824957,0.5229623620184224,0.5128255866689776,0.6908107686616092,0.248816985144512,0.25000198706756166,51,10000,0.0047399700176361526,0.004329787518591049,0.004747609697585364,0.005117493327120859,0.0,0.009089513697119267,,1.6187141674317413,51,10000,0.0680072360003851,2.41372959189193,2.3046608724893156,-4.6503832283808855,-5.018106171299216,-4.646421791773725,-4.277900500322537,1.0
price_spell_round_trips,all_spreads,ofi,0.1,0.11002162059419443,0.0713473723571067,0.05427427719956757,100,1000,100,2019-01-02,2019-10-17,2019-10-18,2019-12-31,7649651,2198301,156843,96476,61950,0.384888072786162,0.35787138770264104,0.5704439063761098,0.5229623620184224,0.5128255866689776,0.6908107686616092,0.248816985144512,0.25000198706756166,51,10000,0.0047399700176361526,0.004329787518591049,0.004747609697585364,0.005117493327120859,0.0,0.009089513697119267,,1.6187141674317413,51,10000,0.0367017048552376,2.496687067672936,2.3364683605170193,-4.7964537233348175,-5.165556042925224,-4.793868488664412,-4.426725216931683,1.0
price_spell_round_trips,all_spreads,ofi,0.1,0.11002162059419443,0.0713473723571067,0.05427427719956757,100,10000,100,2019-01-02,2019-10-17,2019-10-18,2019-12-31,7649651,2198301,156843,66830,42774,0.5739051153063892,0.35995810264851114,0.5878103520830411,0.5229623620184224,0.5128255866689776,0.6908107686616092,0.248816985144512,0.25000198706756166,51,10000,0.0047399700176361526,0.004329787518591049,0.004747609697585364,0.005117493327120859,0.0,0.009089513697119267,,1.6187141674317413,51,10000,0.020253387720197278,2.336183500466861,2.2181777105761586,-4.534107823322812,-4.860942820399214,-4.532008892840413,-4.209845780953825,1.0
price_spell_round_trips,all_spreads,ofi,0.1,0.11002162059419443,0.0713473723571067,0.05427427719956757,100,0,500,2019-01-02,2019-10-17,2019-10-18,2019-12-31,7649651,2198301,156843,156843,1198,0.0,0.9923617885401325,0.6327212020033389,0.5229623620184224,0.5128255866689776,0.6908107686616092,0.248816985144512,0.25000198706756166,51,10000,0.0047399700176361526,0.004329787518591049,0.004747609697585364,0.005117493327120859,0.0,0.009089513697119267,,1.6187141674317413,51,10000,-0.028848501793503883,2.208889541071723,2.2041691222229933,-4.441907165088061,-4.7532252585186425,-4.4431718343404265,-4.117061612604702,1.0
price_spell_round_trips,all_spreads,ofi,0.1,0.11002162059419443,0.0713473723571067,0.05427427719956757,100,10,500,2019-01-02,2019-10-17,2019-10-18,2019-12-31,7649651,2198301,156843,152962,1181,0.024744489712642537,0.992279128149475,0.6316680779000847,0.5229623620184224,0.5128255866689776,0.6908107686616092,0.248816985144512,0.25000198706756166,51,10000,0.0047399700176361526,0.004329787518591049,0.004747609697585364,0.005117493327120859,0.0,0.009089513697119267,,1.6187141674317413,51,10000,-0.0343480228465941,2.2185992620765096,2.2053491214299488,-4.458296406352936,-4.7796257642866,-4.4584662301924505,-4.129045666239168,1.0
price_spell_round_trips,all_spreads,ofi,0.1,0.11002162059419443,0.0713473723571067,0.05427427719956757,100,100,500,2019-01-02,2019-10-17,2019-10-18,2019-12-31,7649651,2198301,156843,136147,1095,0.13195360966061598,0.9919572227078085,0.6383561643835617,0.5229623620184224,0.5128255866689776,0.6908107686616092,0.248816985144512,0.25000198706756166,51,10000,0.0047399700176361526,0.004329787518591049,0.004747609697585364,0.005117493327120859,0.0,0.009089513697119267,,1.6187141674317413,51,10000,-0.05689300335218156,2.1816996654733436,2.175243520512963,-4.413836189338649,-4.721622232339791,-4.4131233965325665,-4.081061802815519,1.0
price_spell_round_trips,all_spreads,ofi,0.1,0.11002162059419443,0.0713473723571067,0.05427427719956757,100,1000,500,2019-01-02,2019-10-17,2019-10-18,2019-12-31,7649651,2198301,156843,96476,826,0.384888072786162,0.9914382851693685,0.6428571428571429,0.5229623620184224,0.5128255866689776,0.6908107686616092,0.248816985144512,0.25000198706756166,51,10000,0.0047399700176361526,0.004329787518591049,0.004747609697585364,0.005117493327120859,0.0,0.009089513697119267,,1.6187141674317413,51,10000,-0.09837467008174446,2.2554977359776234,2.172864325328281,-4.5267367313878095,-4.875147364344812,-4.526475257370423,-4.152067994064275,1.0
price_spell_round_trips,all_spreads,ofi,0.1,0.11002162059419443,0.0713473723571067,0.05427427719956757,100,10000,500,2019-01-02,2019-10-17,2019-10-18,2019-12-31,7649651,2198301,156843,66830,665,0.5739051153063892,0.9900493790213976,0.6511278195488722,0.5229623620184224,0.5128255866689776,0.6908107686616092,0.248816985144512,0.25000198706756166,51,10000,0.0047399700176361526,0.004329787518591049,0.004747609697585364,0.005117493327120859,0.0,0.009089513697119267,,1.6187141674317413,51,10000,-0.10731915123532104,2.2218559168796177,2.1248621331745277,-4.454037201289783,-4.84644966616582,-4.449777282451068,-4.042338745250072,1.0
price_spell_round_trips,all_spreads,ofi,0.2,1.0,1.0,0.0022723627792239354,100,0,1,2019-01-02,2019-10-17,2019-10-18,2019-12-31,7649651,2198301,2198301,2198301,2198301,0.0,0.0,0.950057794633219,0.5229623620184224,0.5128255866689776,0.6908107686616092,0.248816985144512,0.25000198706756166,51,10000,0.0047399700176361526,0.004329787518591049,0.004747609697585364,0.005117493327120859,0.0,0.009089513697119267,,1.6187141674317413,51,10000,0.016281466504842527,2.1696194734286154,2.191857544671823,-4.3451955515957135,-4.701796306818638,-4.341278479794967,-4.005678959093732,1.0
price_spell_round_trips,all_spreads,ofi,0.2,1.0,1.0,0.0022723627792239354,100,10,1,2019-01-02,2019-10-17,2019-10-18,2019-12-31,7649651,2198301,2198301,2175478,2175478,0.010382108728513528,0.0,0.9506706112403803,0.5229623620184224,0.5128255866689776,0.6908107686616092,0.248816985144512,0.25000198706756166,51,10000,0.0047399700176361526,0.004329787518591049,0.004747609697585364,0.005117493327120859,0.0,0.009089513697119267,,1.6187141674317413,51,10000,0.015558941433816068,2.1762612290441417,2.197165578829135,-4.357867866439794,-4.714584456968199,-4.354129442275729,-4.017955137234989,1.0
price_spell_round_trips,all_spreads,ofi,0.2,1.0,1.0,0.0022723627792239354,100,100,1,2019-01-02,2019-10-17,2019-10-18,2019-12-31,7649651,2198301,2198301,2044491,2044491,0.06996767048734454,0.0,0.9529599298798577,0.5229623620184224,0.5128255866689776,0.6908107686616092,0.248816985144512,0.25000198706756166,51,10000,0.0047399700176361526,0.004329787518591049,0.004747609697585364,0.005117493327120859,0.0,0.009089513697119267,,1.6187141674317413,51,10000,0.013060521203906368,2.206684983216711,2.220469700993388,-4.414094163005966,-4.772978861231472,-4.410222224433749,-4.071123982527015,1.0
price_spell_round_trips,all_spreads,ofi,0.2,1.0,1.0,0.0022723627792239354,100,1000,1,2019-01-02,2019-10-17,2019-10-18,2019-12-31,7649651,2198301,2198301,1564677,1564677,0.2882335039651076,0.0,0.9562938548978479,0.5229623620184224,0.5128255866689776,0.6908107686616092,0.248816985144512,0.25000198706756166,51,10000,0.0047399700176361526,0.004329787518591049,0.004747609697585364,0.005117493327120859,0.0,0.009089513697119267,,1.6187141674317413,51,10000,0.010924549727924737,2.2546825917406785,2.2484061894915435,-4.492164231504544,-4.849626225428776,-4.487709224122189,-4.1530572646996715,1.0
price_spell_round_trips,all_spreads,ofi,0.2,1.0,1.0,0.0022723627792239354,100,10000,1,2019-01-02,2019-10-17,2019-10-18,2019-12-31,7649651,2198301,2198301,1176470,1176470,0.46482761004976114,0.0,0.9607537803768902,0.5229623620184224,0.5128255866689776,0.6908107686616092,0.248816985144512,0.25000198706756166,51,10000,0.0047399700176361526,0.004329787518591049,0.004747609697585364,0.005117493327120859,0.0,0.009089513697119267,,1.6187141674317413,51,10000,0.01536366041952599,2.1749447175332257,2.171431520377485,-4.331012577490768,-4.672500392773399,-4.327158008011782,-4.004551569792891,1.0
price_spell_round_trips,all_spreads,ofi,0.2,1.0,1.0,0.0022723627792239354,100,0,100,2019-01-02,2019-10-17,2019-10-18,2019-12-31,7649651,2198301,2198301,2198301,1382801,0.0,0.37096830688791027,0.9505062550576692,0.5229623620184224,0.5128255866689776,0.6908107686616092,0.248816985144512,0.25000198706756166,51,10000,0.0047399700176361526,0.004329787518591049,0.004747609697585364,0.005117493327120859,0.0,0.009089513697119267,,1.6187141674317413,51,10000,-8.60111623106373e-05,2.6616681639889883,2.6549456825133095,-5.316699857664724,-5.69931437542512,-5.309489879065472,-4.940193109465091,1.0
price_spell_round_trips,all_spreads,ofi,0.2,1.0,1.0,0.0022723627792239354,100,10,100,2019-01-02,2019-10-17,2019-10-18,2019-12-31,7649651,2198301,2198301,2175478,1372218,0.010382108728513528,0.36923379597495354,0.9509902945450358,0.5229623620184224,0.5128255866689776,0.6908107686616092,0.248816985144512,0.25000198706756166,51,10000,0.0047399700176361526,0.004329787518591049,0.004747609697585364,0.005117493327120859,0.0,0.009089513697119267,,1.6187141674317413,51,10000,-0.0006290554543217893,2.665598415930117,2.6580135873533757,-5.324241058738103,-5.707280271247637,-5.316796944184144,-4.947218163185823,1.0
price_spell_round_trips,all_spreads,ofi,0.2,1.0,1.0,0.0022723627792239354,100,100,100,2019-01-02,2019-10-17,2019-10-18,2019-12-31,7649651,2198301,2198301,2044491,1307260,0.06996767048734454,0.3605939082148075,0.9527339626394138,0.5229623620184224,0.5128255866689776,0.6908107686616092,0.248816985144512,0.25000198706756166,51,10000,0.0047399700176361526,0.004329787518591049,0.004747609697585364,0.005117493327120859,0.0,0.009089513697119267,,1.6187141674317413,51,10000,-0.002350856300889563,2.683325492249518,2.6692087970453713,-5.354885145595813,-5.7389242394963755,-5.347094720068753,-4.974871352134114,1.0
price_spell_round_trips,all_spreads,ofi,0.2,1.0,1.0,0.0022723627792239354,100,1000,100,2019-01-02,2019-10-17,2019-10-18,2019-12-31,7649651,2198301,2198301,1564677,1033851,0.2882335039651076,0.33925596145402537,0.9555777379912579,0.5229623620184224,0.5128255866689776,0.6908107686616092,0.248816985144512,0.25000198706756166,51,10000,0.0047399700176361526,0.004329787518591049,0.004747609697585364,0.005117493327120859,0.0,0.009089513697119267,,1.6187141674317413,51,10000,-0.004841920127978634,2.697109883322303,2.66158422921241,-5.363536032663475,-5.741554108948892,-5.356376969933335,-4.991705796762215,1.0
price_spell_round_trips,all_spreads,ofi,0.2,1.0,1.0,0.0022723627792239354,100,10000,100,2019-01-02,2019-10-17,2019-10-18,2019-12-31,7649651,2198301,2198301,1176470,783752,0.46482761004976114,0.3338104669052334,0.9607056824097419,0.5229623620184224,0.5128255866689776,0.6908107686616092,0.248816985144512,0.25000198706756166,51,10000,0.0047399700176361526,0.004329787518591049,0.004747609697585364,0.005117493327120859,0.0,0.009089513697119267,,1.6187141674317413,51,10000,-0.005126621650038342,2.589706754443353,2.569815240812695,-5.164648616906422,-5.5268762796035675,-5.157400486677139,-4.806945454797147,1.0
price_spell_round_trips,all_spreads,ofi,0.2,1.0,1.0,0.0022723627792239354,100,0,500,2019-01-02,2019-10-17,2019-10-18,2019-12-31,7649651,2198301,2198301,2198301,25426,0.0,0.988433795008054,0.9499724691260915,0.5229623620184224,0.5128255866689776,0.6908107686616092,0.248816985144512,0.25000198706756166,51,10000,0.0047399700176361526,0.004329787518591049,0.004747609697585364,0.005117493327120859,0.0,0.009089513697119267,,1.6187141674317413,51,10000,-0.1230152209573404,2.590799068899748,2.609028722812428,-5.322843012669386,-5.730582186083954,-5.3140555159916625,-4.917829873003921,1.0
price_spell_round_trips,all_spreads,ofi,0.2,1.0,1.0,0.0022723627792239354,100,10,500,2019-01-02,2019-10-17,2019-10-18,2019-12-31,7649651,2198301,2198301,2175478,25236,0.010382108728513528,0.9883997907586287,0.950388334125852,0.5229623620184224,0.5128255866689776,0.6908107686616092,0.248816985144512,0.25000198706756166,51,10000,0.0047399700176361526,0.004329787518591049,0.004747609697585364,0.005117493327120859,0.0,0.009089513697119267,,1.6187141674317413,51,10000,-0.1243601148791803,2.5952954985593273,2.6135623218928123,-5.3332179353311755,-5.742528160565794,-5.324134207975149,-4.927276545507231,1.0
price_spell_round_trips,all_spreads,ofi,0.2,1.0,1.0,0.0022723627792239354,100,100,500,2019-01-02,2019-10-17,2019-10-18,2019-12-31,7649651,2198301,2198301,2044491,24228,0.06996767048734454,0.9881496176799017,0.9514198448076605,0.5229623620184224,0.5128255866689776,0.6908107686616092,0.248816985144512,0.25000198706756166,51,10000,0.0047399700176361526,0.004329787518591049,0.004747609697585364,0.005117493327120859,0.0,0.009089513697119267,,1.6187141674317413,51,10000,-0.12380310857620608,2.608411577610634,2.6236020191722496,-5.3558167053589845,-5.763247480348506,-5.346270335972779,-4.949499847286081,1.0
price_spell_round_trips,all_spreads,ofi,0.2,1.0,1.0,0.0022723627792239354,100,1000,500,2019-01-02,2019-10-17,2019-10-18,2019-12-31,7649651,2198301,2198301,1564677,20107,0.2882335039651076,0.9871494244499024,0.9537971850599294,0.5229623620184224,0.5128255866689776,0.6908107686616092,0.248816985144512,0.25000198706756166,51,10000,0.0047399700176361526,0.004329787518591049,0.004747609697585364,0.005117493327120859,0.0,0.009089513697119267,,1.6187141674317413,51,10000,-0.12175782133693847,2.614592417172337,2.612580628965453,-5.348930867474562,-5.765269611780797,-5.338743635238221,-4.940154863675022,1.0
price_spell_round_trips,all_spreads,ofi,0.2,1.0,1.0,0.0022723627792239354,100,10000,500,2019-01-02,2019-10-17,2019-10-18,2019-12-31,7649651,2198301,2198301,1176470,16455,0.46482761004976114,0.9860132430066215,0.9567912488605287,0.5229623620184224,0.5128255866689776,0.6908107686616092,0.248816985144512,0.25000198706756166,51,10000,0.0047399700176361526,0.004329787518591049,0.004747609697585364,0.005117493327120859,0.0,0.009089513697119267,,1.6187141674317413,51,10000,-0.1270002231673837,2.544599475403761,2.548494013773701,-5.220093712344647,-5.617664185336328,-5.2111008206514455,-4.824531570765016,1.0
price_spell_round_trips,all_spreads,ofi,1.0,1.0,1.0,0.0,100,0,1,2019-01-02,2019-10-17,2019-10-18,2019-12-31,7649651,2198301,2198301,2198301,2198301,0.0,0.0,0.950057794633219,0.5229623620184224,0.5128255866689776,0.6908107686616092,0.248816985144512,0.25000198706756166,51,10000,0.0047399700176361526,0.004329787518591049,0.004747609697585364,0.005117493327120859,0.0,0.009089513697119267,,1.6187141674317413,51,10000,0.016281466504842527,2.1696194734286154,2.191857544671823,-4.3451955515957135,-4.701796306818638,-4.341278479794967,-4.005678959093732,1.0
price_spell_round_trips,all_spreads,ofi,1.0,1.0,1.0,0.0,100,10,1,2019-01-02,2019-10-17,2019-10-18,2019-12-31,7649651,2198301,2198301,2175478,2175478,0.010382108728513528,0.0,0.9506706112403803,0.5229623620184224,0.5128255866689776,0.6908107686616092,0.248816985144512,0.25000198706756166,51,10000,0.0047399700176361526,0.004329787518591049,0.004747609697585364,0.005117493327120859,0.0,0.009089513697119267,,1.6187141674317413,51,10000,0.015558941433816068,2.1762612290441417,2.197165578829135,-4.357867866439794,-4.714584456968199,-4.354129442275729,-4.017955137234989,1.0
price_spell_round_trips,all_spreads,ofi,1.0,1.0,1.0,0.0,100,100,1,2019-01-02,2019-10-17,2019-10-18,2019-12-31,7649651,2198301,2198301,2044491,2044491,0.06996767048734454,0.0,0.9529599298798577,0.5229623620184224,0.5128255866689776,0.6908107686616092,0.248816985144512,0.25000198706756166,51,10000,0.0047399700176361526,0.004329787518591049,0.004747609697585364,0.005117493327120859,0.0,0.009089513697119267,,1.6187141674317413,51,10000,0.013060521203906368,2.206684983216711,2.220469700993388,-4.414094163005966,-4.772978861231472,-4.410222224433749,-4.071123982527015,1.0
price_spell_round_trips,all_spreads,ofi,1.0,1.0,1.0,0.0,100,1000,1,2019-01-02,2019-10-17,2019-10-18,2019-12-31,7649651,2198301,2198301,1564677,1564677,0.2882335039651076,0.0,0.9562938548978479,0.5229623620184224,0.5128255866689776,0.6908107686616092,0.248816985144512,0.25000198706756166,51,10000,0.0047399700176361526,0.004329787518591049,0.004747609697585364,0.005117493327120859,0.0,0.009089513697119267,,1.6187141674317413,51,10000,0.010924549727924737,2.2546825917406785,2.2484061894915435,-4.492164231504544,-4.849626225428776,-4.487709224122189,-4.1530572646996715,1.0
price_spell_round_trips,all_spreads,ofi,1.0,1.0,1.0,0.0,100,10000,1,2019-01-02,2019-10-17,2019-10-18,2019-12-31,7649651,2198301,2198301,1176470,1176470,0.46482761004976114,0.0,0.9607537803768902,0.5229623620184224,0.5128255866689776,0.6908107686616092,0.248816985144512,0.25000198706756166,51,10000,0.0047399700176361526,0.004329787518591049,0.004747609697585364,0.005117493327120859,0.0,0.009089513697119267,,1.6187141674317413,51,10000,0.01536366041952599,2.1749447175332257,2.171431520377485,-4.331012577490768,-4.672500392773399,-4.327158008011782,-4.004551569792891,1.0
price_spell_round_trips,all_spreads,ofi,1.0,1.0,1.0,0.0,100,0,100,2019-01-02,2019-10-17,2019-10-18,2019-12-31,7649651,2198301,2198301,2198301,1382801,0.0,0.37096830688791027,0.9505062550576692,0.5229623620184224,0.5128255866689776,0.6908107686616092,0.248816985144512,0.25000198706756166,51,10000,0.0047399700176361526,0.004329787518591049,0.004747609697585364,0.005117493327120859,0.0,0.009089513697119267,,1.6187141674317413,51,10000,-8.60111623106373e-05,2.6616681639889883,2.6549456825133095,-5.316699857664724,-5.69931437542512,-5.309489879065472,-4.940193109465091,1.0
price_spell_round_trips,all_spreads,ofi,1.0,1.0,1.0,0.0,100,10,100,2019-01-02,2019-10-17,2019-10-18,2019-12-31,7649651,2198301,2198301,2175478,1372218,0.010382108728513528,0.36923379597495354,0.9509902945450358,0.5229623620184224,0.5128255866689776,0.6908107686616092,0.248816985144512,0.25000198706756166,51,10000,0.0047399700176361526,0.004329787518591049,0.004747609697585364,0.005117493327120859,0.0,0.009089513697119267,,1.6187141674317413,51,10000,-0.0006290554543217893,2.665598415930117,2.6580135873533757,-5.324241058738103,-5.707280271247637,-5.316796944184144,-4.947218163185823,1.0
price_spell_round_trips,all_spreads,ofi,1.0,1.0,1.0,0.0,100,100,100,2019-01-02,2019-10-17,2019-10-18,2019-12-31,7649651,2198301,2198301,2044491,1307260,0.06996767048734454,0.3605939082148075,0.9527339626394138,0.5229623620184224,0.5128255866689776,0.6908107686616092,0.248816985144512,0.25000198706756166,51,10000,0.0047399700176361526,0.004329787518591049,0.004747609697585364,0.005117493327120859,0.0,0.009089513697119267,,1.6187141674317413,51,10000,-0.002350856300889563,2.683325492249518,2.6692087970453713,-5.354885145595813,-5.7389242394963755,-5.347094720068753,-4.974871352134114,1.0
price_spell_round_trips,all_spreads,ofi,1.0,1.0,1.0,0.0,100,1000,100,2019-01-02,2019-10-17,2019-10-18,2019-12-31,7649651,2198301,2198301,1564677,1033851,0.2882335039651076,0.33925596145402537,0.9555777379912579,0.5229623620184224,0.5128255866689776,0.6908107686616092,0.248816985144512,0.25000198706756166,51,10000,0.0047399700176361526,0.004329787518591049,0.004747609697585364,0.005117493327120859,0.0,0.009089513697119267,,1.6187141674317413,51,10000,-0.004841920127978634,2.697109883322303,2.66158422921241,-5.363536032663475,-5.741554108948892,-5.356376969933335,-4.991705796762215,1.0
price_spell_round_trips,all_spreads,ofi,1.0,1.0,1.0,0.0,100,10000,100,2019-01-02,2019-10-17,2019-10-18,2019-12-31,7649651,2198301,2198301,1176470,783752,0.46482761004976114,0.3338104669052334,0.9607056824097419,0.5229623620184224,0.5128255866689776,0.6908107686616092,0.248816985144512,0.25000198706756166,51,10000,0.0047399700176361526,0.004329787518591049,0.004747609697585364,0.005117493327120859,0.0,0.009089513697119267,,1.6187141674317413,51,10000,-0.005126621650038342,2.589706754443353,2.569815240812695,-5.164648616906422,-5.5268762796035675,-5.157400486677139,-4.806945454797147,1.0
price_spell_round_trips,all_spreads,ofi,1.0,1.0,1.0,0.0,100,0,500,2019-01-02,2019-10-17,2019-10-18,2019-12-31,7649651,2198301,2198301,2198301,25426,0.0,0.988433795008054,0.9499724691260915,0.5229623620184224,0.5128255866689776,0.6908107686616092,0.248816985144512,0.25000198706756166,51,10000,0.0047399700176361526,0.004329787518591049,0.004747609697585364,0.005117493327120859,0.0,0.009089513697119267,,1.6187141674317413,51,10000,-0.1230152209573404,2.590799068899748,2.609028722812428,-5.322843012669386,-5.730582186083954,-5.3140555159916625,-4.917829873003921,1.0
price_spell_round_trips,all_spreads,ofi,1.0,1.0,1.0,0.0,100,10,500,2019-01-02,2019-10-17,2019-10-18,2019-12-31,7649651,2198301,2198301,2175478,25236,0.010382108728513528,0.9883997907586287,0.950388334125852,0.5229623620184224,0.5128255866689776,0.6908107686616092,0.248816985144512,0.25000198706756166,51,10000,0.0047399700176361526,0.004329787518591049,0.004747609697585364,0.005117493327120859,0.0,0.009089513697119267,,1.6187141674317413,51,10000,-0.1243601148791803,2.5952954985593273,2.6135623218928123,-5.3332179353311755,-5.742528160565794,-5.324134207975149,-4.927276545507231,1.0
price_spell_round_trips,all_spreads,ofi,1.0,1.0,1.0,0.0,100,100,500,2019-01-02,2019-10-17,2019-10-18,2019-12-31,7649651,2198301,2198301,2044491,24228,0.06996767048734454,0.9881496176799017,0.9514198448076605,0.5229623620184224,0.5128255866689776,0.6908107686616092,0.248816985144512,0.25000198706756166,51,10000,0.0047399700176361526,0.004329787518591049,0.004747609697585364,0.005117493327120859,0.0,0.009089513697119267,,1.6187141674317413,51,10000,-0.12380310857620608,2.608411577610634,2.6236020191722496,-5.3558167053589845,-5.763247480348506,-5.346270335972779,-4.949499847286081,1.0
price_spell_round_trips,all_spreads,ofi,1.0,1.0,1.0,0.0,100,1000,500,2019-01-02,2019-10-17,2019-10-18,2019-12-31,7649651,2198301,2198301,1564677,20107,0.2882335039651076,0.9871494244499024,0.9537971850599294,0.5229623620184224,0.5128255866689776,0.6908107686616092,0.248816985144512,0.25000198706756166,51,10000,0.0047399700176361526,0.004329787518591049,0.004747609697585364,0.005117493327120859,0.0,0.009089513697119267,,1.6187141674317413,51,10000,-0.12175782133693847,2.614592417172337,2.612580628965453,-5.348930867474562,-5.765269611780797,-5.338743635238221,-4.940154863675022,1.0
price_spell_round_trips,all_spreads,ofi,1.0,1.0,1.0,0.0,100,10000,500,2019-01-02,2019-10-17,2019-10-18,2019-12-31,7649651,2198301,2198301,1176470,16455,0.46482761004976114,0.9860132430066215,0.9567912488605287,0.5229623620184224,0.5128255866689776,0.6908107686616092,0.248816985144512,0.25000198706756166,51,10000,0.0047399700176361526,0.004329787518591049,0.004747609697585364,0.005117493327120859,0.0,0.009089513697119267,,1.6187141674317413,51,10000,-0.1270002231673837,2.544599475403761,2.548494013773701,-5.220093712344647,-5.617664185336328,-5.2111008206514455,-4.824531570765016,1.0
price_spell_round_trips,all_spreads,queue,0.05,0.05350623185293028,0.0594195244418303,0.08987222970807673,100,0,1,2019-01-02,2019-10-17,2019-10-18,2019-12-31,7649651,2198301,130622,130622,130622,0.0,0.0,1.0,0.545941790611374,0.536987882915033,0.6905402916143556,0.2486932079867703,0.25000198706756166,51,10000,0.005235074713376808,0.004383361390339335,0.005243321999331141,0.006082901710072416,0.0,0.013911885649735143,0.3611761660377897,,51,10000,0.04715169840217726,2.111560301828124,2.0930550670776062,-4.157463670503098,-4.503080916851728,-4.152107067565819,-3.8280604321005605,1.0
price_spell_round_trips,all_spreads,queue,0.05,0.05350623185293028,0.0594195244418303,0.08987222970807673,100,10,1,2019-01-02,2019-10-17,2019-10-18,2019-12-31,7649651,2198301,130622,129445,129445,0.00901073326085955,0.0,1.0,0.545941790611374,0.536987882915033,0.6905402916143556,0.2486932079867703,0.25000198706756166,51,10000,0.005235074713376808,0.004383361390339335,0.005243321999331141,0.006082901710072416,0.0,0.013911885649735143,0.3611761660377897,,51,10000,0.04622131513875241,2.1181787413017776,2.0985780031424373,-4.170535429305503,-4.516069595933076,-4.164770150798357,-3.8401716488387563,1.0
price_spell_round_trips,all_spreads,queue,0.05,0.05350623185293028,0.0594195244418303,0.08987222970807673,100,100,1,2019-01-02,2019-10-17,2019-10-18,2019-12-31,7649651,2198301,130622,122595,122595,0.061452129044112014,0.0,1.0,0.545941790611374,0.536987882915033,0.6905402916143556,0.2486932079867703,0.25000198706756166,51,10000,0.005235074713376808,0.004383361390339335,0.005243321999331141,0.006082901710072416,0.0,0.013911885649735143,0.3611761660377897,,51,10000,0.0452981902076049,2.1458383879231633,2.122221876925271,-4.222762074642953,-4.567446544776251,-4.216537997905645,-3.8899009359191634,1.0
price_spell_round_trips,all_spreads,queue,0.05,0.05350623185293028,0.0594195244418303,0.08987222970807673,100,1000,1,2019-01-02,2019-10-17,2019-10-18,2019-12-31,7649651,2198301,130622,97739,97739,0.25174166679426135,0.0,1.0,0.545941790611374,0.536987882915033,0.6905402916143556,0.2486932079867703,0.25000198706756166,51,10000,0.005235074713376808,0.004383361390339335,0.005243321999331141,0.006082901710072416,0.0,0.013911885649735143,0.3611761660377897,,51,10000,0.051533989432702015,2.175472496342304,2.136466617741464,-4.2604051246519825,-4.5938432963140245,-4.254927944792669,-3.938422873431264,1.0
price_spell_round_trips,all_spreads,queue,0.05,0.05350623185293028,0.0594195244418303,0.08987222970807673,100,10000,1,2019-01-02,2019-10-17,2019-10-18,2019-12-31,7649651,2198301,130622,75583,75583,0.4213608733597709,0.0,1.0,0.545941790611374,0.536987882915033,0.6905402916143556,0.2486932079867703,0.25000198706756166,51,10000,0.005235074713376808,0.004383361390339335,0.005243321999331141,0.006082901710072416,0.0,0.013911885649735143,0.3611761660377897,,51,10000,0.06048603266810458,2.095651583716498,2.0551429799556034,-4.090308531005607,-4.403584464803078,-4.0852012537677584,-3.786677270833093,1.0
price_spell_round_trips,all_spreads,queue,0.05,0.05350623185293028,0.0594195244418303,0.08987222970807673,100,0,100,2019-01-02,2019-10-17,2019-10-18,2019-12-31,7649651,2198301,130622,130622,63749,0.0,0.5119581693742248,1.0,0.545941790611374,0.536987882915033,0.6905402916143556,0.2486932079867703,0.25000198706756166,51,10000,0.005235074713376808,0.004383361390339335,0.005243321999331141,0.006082901710072416,0.0,0.013911885649735143,0.3611761660377897,,51,10000,0.05217780663087968,3.313462349672828,2.3991779586473476,-5.660462501690166,-6.081519456599129,-5.651058800427618,-5.24549077343286,1.0
price_spell_round_trips,all_spreads,queue,0.05,0.05350623185293028,0.0594195244418303,0.08987222970807673,100,10,100,2019-01-02,2019-10-17,2019-10-18,2019-12-31,7649651,2198301,130622,129445,63306,0.00901073326085955,0.5109428714898219,1.0,0.545941790611374,0.536987882915033,0.6905402916143556,0.2486932079867703,0.25000198706756166,51,10000,0.005235074713376808,0.004383361390339335,0.005243321999331141,0.006082901710072416,0.0,0.013911885649735143,0.3611761660377897,,51,10000,0.051215775609381634,3.319477911632129,2.4039345268345707,-5.672196662858302,-6.091852608764915,-5.662783010682968,-5.256464050582584,1.0
price_spell_round_trips,all_spreads,queue,0.05,0.05350623185293028,0.0594195244418303,0.08987222970807673,100,100,100,2019-01-02,2019-10-17,2019-10-18,2019-12-31,7649651,2198301,130622,122595,60651,0.061452129044112014,0.5052734613972838,1.0,0.545941790611374,0.536987882915033,0.6905402916143556,0.2486932079867703,0.25000198706756166,51,10000,0.005235074713376808,0.004383361390339335,0.005243321999331141,0.006082901710072416,0.0,0.013911885649735143,0.3611761660377897,,51,10000,0.049010762660771715,3.3417738035524396,2.418675479918843,-5.711438520810556,-6.130317083146736,-5.70297959834015,-5.292881281507953,1.0
price_spell_round_trips,all_spreads,queue,0.05,0.05350623185293028,0.0594195244418303,0.08987222970807673,100,1000,100,2019-01-02,2019-10-17,2019-10-18,2019-12-31,7649651,2198301,130622,97739,49755,0.25174166679426135,0.49094015694860804,1.0,0.545941790611374,0.536987882915033,0.6905402916143556,0.2486932079867703,0.25000198706756166,51,10000,0.005235074713376808,0.004383361390339335,0.005243321999331141,0.006082901710072416,0.0,0.013911885649735143,0.3611761660377897,,51,10000,0.05263922740379426,3.3356045210564687,2.4094532856479707,-5.6924185793004005,-6.098471087030918,-5.683413681894718,-5.285211410792584,1.0
price_spell_round_trips,all_spreads,queue,0.05,0.05350623185293028,0.0594195244418303,0.08987222970807673,100,10000,100,2019-01-02,2019-10-17,2019-10-18,2019-12-31,7649651,2198301,130622,75583,39244,0.4213608733597709,0.48078271569003617,1.0,0.545941790611374,0.536987882915033,0.6905402916143556,0.2486932079867703,0.25000198706756166,51,10000,0.005235074713376808,0.004383361390339335,0.005243321999331141,0.006082901710072416,0.0,0.013911885649735143,0.3611761660377897,,51,10000,0.06224000574328352,3.1993641372405874,2.314514657061364,-5.451638788560501,-5.839272155484996,-5.443032355870832,-5.065011450948445,1.0
price_spell_round_trips,all_spreads,queue,0.05,0.05350623185293028,0.0594195244418303,0.08987222970807673,100,0,500,2019-01-02,2019-10-17,2019-10-18,2019-12-31,7649651,2198301,130622,130622,1456,0.0,0.9888533325167277,1.0,0.545941790611374,0.536987882915033,0.6905402916143556,0.2486932079867703,0.25000198706756166,51,10000,0.005235074713376808,0.004383361390339335,0.005243321999331141,0.006082901710072416,0.0,0.013911885649735143,0.3611761660377897,,51,10000,0.0729377083112201,3.062751840694344,2.349101384675571,-5.338915517060486,-6.1239028096878165,-5.319166565782185,-4.615616270518787,1.0
price_spell_round_trips,all_spreads,queue,0.05,0.05350623185293028,0.0594195244418303,0.08987222970807673,100,10,500,2019-01-02,2019-10-17,2019-10-18,2019-12-31,7649651,2198301,130622,129445,1443,0.00901073326085955,0.9888524083587624,1.0,0.545941790611374,0.536987882915033,0.6905402916143556,0.2486932079867703,0.25000198706756166,51,10000,0.005235074713376808,0.004383361390339335,0.005243321999331141,0.006082901710072416,0.0,0.013911885649735143,0.3611761660377897,,51,10000,0.07194432970726158,3.078824068333593,2.3627673837987744,-5.369647122426464,-6.166147445933044,-5.349459878992237,-4.636323177588257,1.0
price_spell_round_trips,all_spreads,queue,0.05,0.05350623185293028,0.0594195244418303,0.08987222970807673,100,100,500,2019-01-02,2019-10-17,2019-10-18,2019-12-31,7649651,2198301,130622,122595,1372,0.061452129044112014,0.9888086789836453,1.0,0.545941790611374,0.536987882915033,0.6905402916143556,0.2486932079867703,0.25000198706756166,51,10000,0.005235074713376808,0.004383361390339335,0.005243321999331141,0.006082901710072416,0.0,0.013911885649735143,0.3611761660377897,,51,10000,0.07422459399712582,3.0909748583593286,2.3772276370881604,-5.393977901450809,-6.213243504266089,-5.371437928342035,-4.648259705907265,1.0
price_spell_round_trips,all_spreads,queue,0.05,0.05350623185293028,0.0594195244418303,0.08987222970807673,100,1000,500,2019-01-02,2019-10-17,2019-10-18,2019-12-31,7649651,2198301,130622,97739,1145,0.25174166679426135,0.9882851267150268,1.0,0.545941790611374,0.536987882915033,0.6905402916143556,0.2486932079867703,0.25000198706756166,51,10000,0.005235074713376808,0.004383361390339335,0.005243321999331141,0.006082901710072416,0.0,0.013911885649735143,0.3611761660377897,,51,10000,0.06300203459730187,3.016229933056131,2.3270113120934957,-5.2802392105531135,-6.068195567800144,-5.25772622398927,-4.585421512056097,1.0
price_spell_round_trips,all_spreads,queue,0.05,0.05350623185293028,0.0594195244418303,0.08987222970807673,100,10000,500,2019-01-02,2019-10-17,2019-10-18,2019-12-31,7649651,2198301,130622,75583,935,0.4213608733597709,0.9876294934046016,1.0,0.545941790611374,0.536987882915033,0.6905402916143556,0.2486932079867703,0.25000198706756166,51,10000,0.005235074713376808,0.004383361390339335,0.005243321999331141,0.006082901710072416,0.0,0.013911885649735143,0.3611761660377897,,51,10000,0.09035554647277291,2.8811248353022845,2.2299128254045604,-5.02068211423448,-5.749571410014547,-5.00808879397486,-4.381968014432741,1.0
price_spell_round_trips,all_spreads,queue,0.1,0.14780478220509669,0.16710268521007815,0.08312458222278962,100,0,1,2019-01-02,2019-10-17,2019-10-18,2019-12-31,7649651,2198301,367342,367342,367342,0.0,0.0,0.5948761644462109,0.545941790611374,0.536987882915033,0.6905402916143556,0.2486932079867703,0.25000198706756166,51,10000,0.005235074713376808,0.004383361390339335,0.005243321999331141,0.006082901710072416,0.0,0.013911885649735143,0.3611761660377897,,51,10000,0.04142344738422953,2.047011818805426,2.0371585936470384,-4.042746965067955,-4.372620785337685,-4.038785006128865,-3.7308213862189743,1.0
price_spell_round_trips,all_spreads,queue,0.1,0.14780478220509669,0.16710268521007815,0.08312458222278962,100,10,1,2019-01-02,2019-10-17,2019-10-18,2019-12-31,7649651,2198301,367342,363859,363859,0.00948162747521386,0.0,0.594634185220099,0.545941790611374,0.536987882915033,0.6905402916143556,0.2486932079867703,0.25000198706756166,51,10000,0.005235074713376808,0.004383361390339335,0.005243321999331141,0.006082901710072416,0.0,0.013911885649735143,0.3611761660377897,,51,10000,0.0406254803994569,2.052865015000699,2.042085997736034,-4.054325532337309,-4.384624950182769,-4.050436129417976,-3.7421537980494586,1.0
price_spell_round_trips,all_spreads,queue,0.1,0.14780478220509669,0.16710268521007815,0.08312458222278962,100,100,1,2019-01-02,2019-10-17,2019-10-18,2019-12-31,7649651,2198301,367342,344393,344393,0.06247311769413788,0.0,0.5931973065654644,0.545941790611374,0.536987882915033,0.6905402916143556,0.2486932079867703,0.25000198706756166,51,10000,0.005235074713376808,0.004383361390339335,0.005243321999331141,0.006082901710072416,0.0,0.013911885649735143,0.3611761660377897,,51,10000,0.03925773878900803,2.079835341553802,2.0650095571387648,-4.105587159903721,-4.4369432831353235,-4.101987217130403,-3.7913132231607336,1.0
price_spell_round_trips,all_spreads,queue,0.1,0.14780478220509669,0.16710268521007815,0.08312458222278962,100,1000,1,2019-01-02,2019-10-17,2019-10-18,2019-12-31,7649651,2198301,367342,272622,272622,0.2578523555705582,0.0,0.5899487202059995,0.545941790611374,0.536987882915033,0.6905402916143556,0.2486932079867703,0.25000198706756166,51,10000,0.005235074713376808,0.004383361390339335,0.005243321999331141,0.006082901710072416,0.0,0.013911885649735143,0.3611761660377897,,51,10000,0.04233808145075454,2.107972458633227,2.0800232363420825,-4.145657613525458,-4.46758528134934,-4.141826972192548,-3.839287147087283,1.0
price_spell_round_trips,all_spreads,queue,0.1,0.14780478220509669,0.16710268521007815,0.08312458222278962,100,10000,1,2019-01-02,2019-10-17,2019-10-18,2019-12-31,7649651,2198301,367342,210377,210377,0.42729935591356283,0.0,0.5872362473084035,0.545941790611374,0.536987882915033,0.6905402916143556,0.2486932079867703,0.25000198706756166,51,10000,0.005235074713376808,0.004383361390339335,0.005243321999331141,0.006082901710072416,0.0,0.013911885649735143,0.3611761660377897,,51,10000,0.04862238281258222,2.031365897783268,2.005127330458131,-3.9878708454291405,-4.294261055689722,-3.9846428084336907,-3.6957405569302555,1.0
price_spell_round_trips,all_spreads,queue,0.1,0.14780478220509669,0.16710268521007815,0.08312458222278962,100,0,100,2019-01-02,2019-10-17,2019-10-18,2019-12-31,7649651,2198301,367342,367342,179414,0.0,0.5115886558030391,0.5809189918289542,0.545941790611374,0.536987882915033,0.6905402916143556,0.2486932079867703,0.25000198706756166,51,10000,0.005235074713376808,0.004383361390339335,0.005243321999331141,0.006082901710072416,0.0,0.013911885649735143,0.3611761660377897,,51,10000,0.048523942759975854,3.181968772065683,2.345424584108642,-5.478869413415169,-5.8768924006676855,-5.471364979106735,-5.0868559775526565,1.0
price_spell_round_trips,all_spreads,queue,0.1,0.14780478220509669,0.16710268521007815,0.08312458222278962,100,10,100,2019-01-02,2019-10-17,2019-10-18,2019-12-31,7649651,2198301,367342,363859,178053,0.00948162747521386,0.5106538521790034,0.580984313659416,0.545941790611374,0.536987882915033,0.6905402916143556,0.2486932079867703,0.25000198706756166,51,10000,0.005235074713376808,0.004383361390339335,0.005243321999331141,0.006082901710072416,0.0,0.013911885649735143,0.3611761660377897,,51,10000,0.04770870421605931,3.187025519116983,2.3493852011880967,-5.488702016088722,-5.886749592641152,-5.481245437662175,-5.096576835760577,1.0
price_spell_round_trips,all_spreads,queue,0.1,0.14780478220509669,0.16710268521007815,0.08312458222278962,100,100,100,2019-01-02,2019-10-17,2019-10-18,2019-12-31,7649651,2198301,367342,344393,170467,0.06247311769413788,0.5050218790741972,0.5807927634087536,0.545941790611374,0.536987882915033,0.6905402916143556,0.2486932079867703,0.25000198706756166,51,10000,0.005235074713376808,0.004383361390339335,0.005243321999331141,0.006082901710072416,0.0,0.013911885649735143,0.3611761660377897,,51,10000,0.04602253964868436,3.207953077817498,2.3644466868499547,-5.5263772250201075,-5.925326956409452,-5.519711946764268,-5.1324103102095835,1.0
price_spell_round_trips,all_spreads,queue,0.1,0.14780478220509669,0.16710268521007815,0.08312458222278962,100,1000,100,2019-01-02,2019-10-17,2019-10-18,2019-12-31,7649651,2198301,367342,272622,139148,0.2578523555705582,0.48959364981549547,0.5789519073217007,0.545941790611374,0.536987882915033,0.6905402916143556,0.2486932079867703,0.25000198706756166,51,10000,0.005235074713376808,0.004383361390339335,0.005243321999331141,0.006082901710072416,0.0,0.013911885649735143,0.3611761660377897,,51,10000,0.04670957105270033,3.199074079225931,2.3520352320694577,-5.50439974024228,-5.891921548702193,-5.497773276992911,-5.124468608599257,1.0
price_spell_round_trips,all_spreads,queue,0.1,0.14780478220509669,0.16710268521007815,0.08312458222278962,100,10000,100,2019-01-02,2019-10-17,2019-10-18,2019-12-31,7649651,2198301,367342,210377,109286,0.42729935591356283,0.4805230609810007,0.5779422798894643,0.545941790611374,0.536987882915033,0.6905402916143556,0.2486932079867703,0.25000198706756166,51,10000,0.005235074713376808,0.004383361390339335,0.005243321999331141,0.006082901710072416,0.0,0.013911885649735143,0.3611761660377897,,51,10000,0.0534663196955798,3.07446208540642,2.266482119454916,-5.287477885165879,-5.653881149345807,-5.2817159848532285,-4.920892462759696,1.0
price_spell_round_trips,all_spreads,queue,0.1,0.14780478220509669,0.16710268521007815,0.08312458222278962,100,0,500,2019-01-02,2019-10-17,2019-10-18,2019-12-31,7649651,2198301,367342,367342,4068,0.0,0.9889258511142205,0.5737463126843658,0.545941790611374,0.536987882915033,0.6905402916143556,0.2486932079867703,0.25000198706756166,51,10000,0.005235074713376808,0.004383361390339335,0.005243321999331141,0.006082901710072416,0.0,0.013911885649735143,0.3611761660377897,,51,10000,0.060696931623765306,2.9067013840593643,2.2663277740247643,-5.112332226461384,-5.639687372646217,-5.098241260494045,-4.661539132600695,1.0
price_spell_round_trips,all_spreads,queue,0.1,0.14780478220509669,0.16710268521007815,0.08312458222278962,100,10,500,2019-01-02,2019-10-17,2019-10-18,2019-12-31,7649651,2198301,367342,363859,4029,0.00948162747521386,0.9889270294262338,0.5725986597170514,0.545941790611374,0.536987882915033,0.6905402916143556,0.2486932079867703,0.25000198706756166,51,10000,0.005235074713376808,0.004383361390339335,0.005243321999331141,0.006082901710072416,0.0,0.013911885649735143,0.3611761660377897,,51,10000,0.06144498095190103,2.9156188694864666,2.2755529677273914,-5.129726856262143,-5.665071478872091,-5.11649017338028,-4.673930297761857,1.0
price_spell_round_trips,all_spreads,queue,0.1,0.14780478220509669,0.16710268521007815,0.08312458222278962,100,100,500,2019-01-02,2019-10-17,2019-10-18,2019-12-31,7649651,2198301,367342,344393,3817,0.06247311769413788,0.9889167317570334,0.5742729892585801,0.545941790611374,0.536987882915033,0.6905402916143556,0.2486932079867703,0.25000198706756166,51,10000,0.005235074713376808,0.004383361390339335,0.005243321999331141,0.006082901710072416,0.0,0.013911885649735143,0.3611761660377897,,51,10000,0.06593315905176962,2.9365585594230836,2.300017704250812,-5.170643104622143,-5.717827022789203,-5.156086436025829,-4.709722274239591,1.0
price_spell_round_trips,all_spreads,queue,0.1,0.14780478220509669,0.16710268521007815,0.08312458222278962,100,1000,500,2019-01-02,2019-10-17,2019-10-18,2019-12-31,7649651,2198301,367342,272622,3191,0.2578523555705582,0.988295148594024,0.5719210278909432,0.545941790611374,0.536987882915033,0.6905402916143556,0.2486932079867703,0.25000198706756166,51,10000,0.005235074713376808,0.004383361390339335,0.005243321999331141,0.006082901710072416,0.0,0.013911885649735143,0.3611761660377897,,51,10000,0.05097638595256945,2.9259190466899723,2.297250903194869,-5.17219356393147,-5.723607414307936,-5.155788419299611,-4.70840602567709,1.0
price_spell_round_trips,all_spreads,queue,0.1,0.14780478220509669,0.16710268521007815,0.08312458222278962,100,10000,500,2019-01-02,2019-10-17,2019-10-18,2019-12-31,7649651,2198301,367342,210377,2597,0.42729935591356283,0.9876554946595874,0.5656526761648055,0.545941790611374,0.536987882915033,0.6905402916143556,0.2486932079867703,0.25000198706756166,51,10000,0.005235074713376808,0.004383361390339335,0.005243321999331141,0.006082901710072416,0.0,0.013911885649735143,0.3611761660377897,,51,10000,0.06860818522619297,2.814499435507787,2.228391570252519,-4.974282820535029,-5.501510277506244,-4.963086176393805,-4.54061204528179,1.0
price_spell_round_trips,all_spreads,queue,0.2,0.21844905081290636,0.25004856022901323,0.07744943211578598,100,0,1,2019-01-02,2019-10-17,2019-10-18,2019-12-31,7649651,2198301,549682,549682,549682,0.0,0.0,0.542500936905338,0.545941790611374,0.536987882915033,0.6905402916143556,0.2486932079867703,0.25000198706756166,51,10000,0.005235074713376808,0.004383361390339335,0.005243321999331141,0.006082901710072416,0.0,0.013911885649735143,0.3611761660377897,,51,10000,0.03944967040912455,2.0203583529598714,2.0260528365191472,-4.006961519069785,-4.3350431165073555,-4.004290804273575,-3.7012947646804704,1.0
price_spell_round_trips,all_spreads,queue,0.2,0.21844905081290636,0.25004856022901323,0.07744943211578598,100,10,1,2019-01-02,2019-10-17,2019-10-18,2019-12-31,7649651,2198301,549682,544151,544151,0.01006218140670423,0.0,0.542505664787899,0.545941790611374,0.536987882915033,0.6905402916143556,0.2486932079867703,0.25000198706756166,51,10000,0.005235074713376808,0.004383361390339335,0.005243321999331141,0.006082901710072416,0.0,0.013911885649735143,0.3611761660377897,,51,10000,0.03866625308724218,2.026315972777002,2.0308597936894217,-4.01850951337898,-4.347161588093346,-4.015683466700445,-3.7124484506830013,1.0
price_spell_round_trips,all_spreads,queue,0.2,0.21844905081290636,0.25004856022901323,0.07744943211578598,100,100,1,2019-01-02,2019-10-17,2019-10-18,2019-12-31,7649651,2198301,549682,513320,513320,0.06615097456347485,0.0,0.5420790150393516,0.545941790611374,0.536987882915033,0.6905402916143556,0.2486932079867703,0.25000198706756166,51,10000,0.005235074713376808,0.004383361390339335,0.005243321999331141,0.006082901710072416,0.0,0.013911885649735143,0.3611761660377897,,51,10000,0.03775918797135747,2.05393104782392,2.053615024844959,-4.069786884697389,-4.399374605921966,-4.066922294656534,-3.761574332246895,1.0
price_spell_round_trips,all_spreads,queue,0.2,0.21844905081290636,0.25004856022901323,0.07744943211578598,100,1000,1,2019-01-02,2019-10-17,2019-10-18,2019-12-31,7649651,2198301,549682,402311,402311,0.26810228459363783,0.0,0.5410590314458218,0.545941790611374,0.536987882915033,0.6905402916143556,0.2486932079867703,0.25000198706756166,51,10000,0.005235074713376808,0.004383361390339335,0.005243321999331141,0.006082901710072416,0.0,0.013911885649735143,0.3611761660377897,,51,10000,0.04194516940098389,2.0865268710334792,2.0726606852532585,-4.117242386886152,-4.440457706230079,-4.114356533375871,-3.811948047339551,1.0
price_spell_round_trips,all_spreads,queue,0.2,0.21844905081290636,0.25004856022901323,0.07744943211578598,100,10000,1,2019-01-02,2019-10-17,2019-10-18,2019-12-31,7649651,2198301,549682,308832,308832,0.43816242845863607,0.0,0.5400314734224433,0.545941790611374,0.536987882915033,0.6905402916143556,0.2486932079867703,0.25000198706756166,51,10000,0.005235074713376808,0.004383361390339335,0.005243321999331141,0.006082901710072416,0.0,0.013911885649735143,0.3611761660377897,,51,10000,0.04871185280856579,2.0116046468913518,2.001040250643597,-3.9639330447268004,-4.272230851629281,-3.96137559707877,-3.6758012748497486,1.0
price_spell_round_trips,all_spreads,queue,0.2,0.21844905081290636,0.25004856022901323,0.07744943211578598,100,0,100,2019-01-02,2019-10-17,2019-10-18,2019-12-31,7649651,2198301,549682,549682,266014,0.0,0.5160583755698749,0.5381408497297134,0.545941790611374,0.536987882915033,0.6905402916143556,0.2486932079867703,0.25000198706756166,51,10000,0.005235074713376808,0.004383361390339335,0.005243321999331141,0.006082901710072416,0.0,0.013911885649735143,0.3611761660377897,,51,10000,0.04607862633518107,3.122527457590534,2.3469940603950348,-5.423442891651011,-5.811745462862354,-5.416236278488911,-5.043704289075366,1.0
price_spell_round_trips,all_spreads,queue,0.2,0.21844905081290636,0.25004856022901323,0.07744943211578598,100,10,100,2019-01-02,2019-10-17,2019-10-18,2019-12-31,7649651,2198301,549682,544151,263877,0.01006218140670423,0.5150665899722687,0.5382621448629475,0.545941790611374,0.536987882915033,0.6905402916143556,0.2486932079867703,0.25000198706756166,51,10000,0.005235074713376808,0.004383361390339335,0.005243321999331141,0.006082901710072416,0.0,0.013911885649735143,0.3611761660377897,,51,10000,0.04532225211555772,3.1270028995325054,2.3506691118397565,-5.4323497592562475,-5.820744961324269,-5.425135660059819,-5.0522667010541875,1.0
price_spell_round_trips,all_spreads,queue,0.2,0.21844905081290636,0.25004856022901323,0.07744943211578598,100,100,100,2019-01-02,2019-10-17,2019-10-18,2019-12-31,7649651,2198301,549682,513320,252074,0.06615097456347485,0.5089339982856698,0.5385164673865611,0.545941790611374,0.536987882915033,0.6905402916143556,0.2486932079867703,0.25000198706756166,51,10000,0.005235074713376808,0.004383361390339335,0.005243321999331141,0.006082901710072416,0.0,0.013911885649735143,0.3611761660377897,,51,10000,0.04432416308884786,3.1450764911522966,2.364439471957658,-5.465191800021813,-5.8548948435230335,-5.45836216709192,-5.08665813963427,1.0
price_spell_round_trips,all_spreads,queue,0.2,0.21844905081290636,0.25004856022901323,0.07744943211578598,100,1000,100,2019-01-02,2019-10-17,2019-10-18,2019-12-31,7649651,2198301,549682,402311,204051,0.26810228459363783,0.4928028316401988,0.5375371843313681,0.545941790611374,0.536987882915033,0.6905402916143556,0.2486932079867703,0.25000198706756166,51,10000,0.005235074713376808,0.004383361390339335,0.005243321999331141,0.006082901710072416,0.0,0.013911885649735143,0.3611761660377897,,51,10000,0.045910366046614665,3.1424433462186023,2.355625037909857,-5.4521580180815645,-5.832983542150977,-5.445543841975207,-5.082735133484983,1.0
price_spell_round_trips,all_spreads,queue,0.2,0.21844905081290636,0.25004856022901323,0.07744943211578598,100,10000,100,2019-01-02,2019-10-17,2019-10-18,2019-12-31,7649651,2198301,549682,308832,159552,0.43816242845863607,0.4833695990052844,0.536871991576414,0.545941790611374,0.536987882915033,0.6905402916143556,0.2486932079867703,0.25000198706756166,51,10000,0.005235074713376808,0.004383361390339335,0.005243321999331141,0.006082901710072416,0.0,0.013911885649735143,0.3611761660377897,,51,10000,0.0523538928264847,3.018802670471185,2.2715186450199187,-5.237967422664811,-5.600408184372409,-5.231614499424801,-4.881504514866317,1.0
price_spell_round_trips,all_spreads,queue,0.2,0.21844905081290636,0.25004856022901323,0.07744943211578598,100,0,500,2019-01-02,2019-10-17,2019-10-18,2019-12-31,7649651,2198301,549682,549682,5914,0.0,0.9892410520992138,0.5432871153195806,0.545941790611374,0.536987882915033,0.6905402916143556,0.2486932079867703,0.25000198706756166,51,10000,0.005235074713376808,0.004383361390339335,0.005243321999331141,0.006082901710072416,0.0,0.013911885649735143,0.3611761660377897,,51,10000,0.07202842616282856,2.9155131315357536,2.3052373907176853,-5.148722096091121,-5.647152596252968,-5.136298854985382,-4.708475318207128,1.0
price_spell_round_trips,all_spreads,queue,0.2,0.21844905081290636,0.25004856022901323,0.07744943211578598,100,10,500,2019-01-02,2019-10-17,2019-10-18,2019-12-31,7649651,2198301,549682,544151,5861,0.01006218140670423,0.9892290926599419,0.5427401467326395,0.545941790611374,0.536987882915033,0.6905402916143556,0.2486932079867703,0.25000198706756166,51,10000,0.005235074713376808,0.004383361390339335,0.005243321999331141,0.006082901710072416,0.0,0.013911885649735143,0.3611761660377897,,51,10000,0.0723666351394629,2.921152066789869,2.311767380440616,-5.1605528120911375,-5.664135970267072,-5.148166742440317,-4.716741442770824,1.0
price_spell_round_trips,all_spreads,queue,0.2,0.21844905081290636,0.25004856022901323,0.07744943211578598,100,100,500,2019-01-02,2019-10-17,2019-10-18,2019-12-31,7649651,2198301,549682,513320,5569,0.06615097456347485,0.9891510169095301,0.54444244927276,0.545941790611374,0.536987882915033,0.6905402916143556,0.2486932079867703,0.25000198706756166,51,10000,0.005235074713376808,0.004383361390339335,0.005243321999331141,0.006082901710072416,0.0,0.013911885649735143,0.3611761660377897,,51,10000,0.0752561330079174,2.9347151802427356,2.3321748155604483,-5.191633862795827,-5.690468561234492,-5.179499222572044,-4.754315865694934,1.0
price_spell_round_trips,all_spreads,queue,0.2,0.21844905081290636,0.25004856022901323,0.07744943211578598,100,1000,500,2019-01-02,2019-10-17,2019-10-18,2019-12-31,7649651,2198301,549682,402311,4588,0.26810228459363783,0.9885958872613476,0.5464254577157803,0.545941790611374,0.536987882915033,0.6905402916143556,0.2486932079867703,0.25000198706756166,51,10000,0.005235074713376808,0.004383361390339335,0.005243321999331141,0.006082901710072416,0.0,0.013911885649735143,0.3611761660377897,,51,10000,0.06094259685178098,2.9324779247917756,2.344309786206297,-5.215845114146011,-5.723437031098178,-5.206650905954335,-4.773117548154347,1.0
price_spell_round_trips,all_spreads,queue,0.2,0.21844905081290636,0.25004856022901323,0.07744943211578598,100,10000,500,2019-01-02,2019-10-17,2019-10-18,2019-12-31,7649651,2198301,549682,308832,3722,0.43816242845863607,0.9879481400891099,0.5432563138097797,0.545941790611374,0.536987882915033,0.6905402916143556,0.2486932079867703,0.25000198706756166,51,10000,0.005235074713376808,0.004383361390339335,0.005243321999331141,0.006082901710072416,0.0,0.013911885649735143,0.3611761660377897,,51,10000,0.07417752232568509,2.837459543229233,2.2788665238711885,-5.0421485447756265,-5.524829669435043,-5.0325510645808755,-4.626742137925799,1.0
price_spell_round_trips,all_spreads,queue,1.0,1.0,1.0,0.0,100,0,1,2019-01-02,2019-10-17,2019-10-18,2019-12-31,7649651,2198301,2198301,2198301,2198301,0.0,0.0,0.5526590762593475,0.545941790611374,0.536987882915033,0.6905402916143556,0.2486932079867703,0.25000198706756166,51,10000,0.005235074713376808,0.004383361390339335,0.005243321999331141,0.006082901710072416,0.0,0.013911885649735143,0.3611761660377897,,51,10000,0.04150499639030649,2.1696194734286154,2.191857544671823,-4.3199720217100985,-4.671264285151547,-4.316009162237194,-3.9847018820436517,1.0
price_spell_round_trips,all_spreads,queue,1.0,1.0,1.0,0.0,100,10,1,2019-01-02,2019-10-17,2019-10-18,2019-12-31,7649651,2198301,2198301,2175478,2175478,0.010382108728513528,0.0,0.5528872275426366,0.545941790611374,0.536987882915033,0.6905402916143556,0.2486932079867703,0.25000198706756166,51,10000,0.005235074713376808,0.004383361390339335,0.005243321999331141,0.006082901710072416,0.0,0.013911885649735143,0.3611761660377897,,51,10000,0.04108780918541541,2.1762612290441417,2.197165578829135,-4.33233899868796,-4.683976782524324,-4.328272923654681,-3.996778670939447,1.0
price_spell_round_trips,all_spreads,queue,1.0,1.0,1.0,0.0,100,100,1,2019-01-02,2019-10-17,2019-10-18,2019-12-31,7649651,2198301,2198301,2044491,2044491,0.06996767048734454,0.0,0.5535950023746742,0.545941790611374,0.536987882915033,0.6905402916143556,0.2486932079867703,0.25000198706756166,51,10000,0.005235074713376808,0.004383361390339335,0.005243321999331141,0.006082901710072416,0.0,0.013911885649735143,0.3611761660377897,,51,10000,0.040780607241343594,2.206684983216711,2.220469700993388,-4.3863740769686785,-4.739832388689222,-4.381890113773419,-4.048475348905603,1.0
price_spell_round_trips,all_spreads,queue,1.0,1.0,1.0,0.0,100,1000,1,2019-01-02,2019-10-17,2019-10-18,2019-12-31,7649651,2198301,2198301,1564677,1564677,0.2882335039651076,0.0,0.5543904588614775,0.545941790611374,0.536987882915033,0.6905402916143556,0.2486932079867703,0.25000198706756166,51,10000,0.005235074713376808,0.004383361390339335,0.005243321999331141,0.006082901710072416,0.0,0.013911885649735143,0.3611761660377897,,51,10000,0.04721255204846494,2.2546825917406785,2.2484061894915435,-4.455876229184039,-4.806380562796653,-4.451138901706408,-4.123025524536846,1.0
price_spell_round_trips,all_spreads,queue,1.0,1.0,1.0,0.0,100,10000,1,2019-01-02,2019-10-17,2019-10-18,2019-12-31,7649651,2198301,2198301,1176470,1176470,0.46482761004976114,0.0,0.5535109267554634,0.545941790611374,0.536987882915033,0.6905402916143556,0.2486932079867703,0.25000198706756166,51,10000,0.005235074713376808,0.004383361390339335,0.005243321999331141,0.006082901710072416,0.0,0.013911885649735143,0.3611761660377897,,51,10000,0.060007281803806496,2.1749447175332257,2.171431520377485,-4.286368956106808,-4.6207694524691405,-4.282609701474794,-3.968965442666052,1.0
price_spell_round_trips,all_spreads,queue,1.0,1.0,1.0,0.0,100,0,100,2019-01-02,2019-10-17,2019-10-18,2019-12-31,7649651,2198301,2198301,2198301,1336595,0.0,0.39198726652992466,0.5790684537949042,0.545941790611374,0.536987882915033,0.6905402916143556,0.2486932079867703,0.25000198706756166,51,10000,0.005235074713376808,0.004383361390339335,0.005243321999331141,0.006082901710072416,0.0,0.013911885649735143,0.3611761660377897,,51,10000,0.051122626977525815,2.8699760778093943,2.5678020877953123,-5.386655538627127,-5.765536699828354,-5.379121070207225,-5.009544070072126,1.0
price_spell_round_trips,all_spreads,queue,1.0,1.0,1.0,0.0,100,10,100,2019-01-02,2019-10-17,2019-10-18,2019-12-31,7649651,2198301,2198301,2175478,1326124,0.010382108728513528,0.3904217831667339,0.5792701135037146,0.545941790611374,0.536987882915033,0.6905402916143556,0.2486932079867703,0.25000198706756166,51,10000,0.005235074713376808,0.004383361390339335,0.005243321999331141,0.006082901710072416,0.0,0.013911885649735143,0.3611761660377897,,51,10000,0.05071094989807641,2.8736119786737224,2.5712487757848606,-5.394149804560589,-5.7726397029761936,-5.386542982629632,-5.017012110004246,1.0
price_spell_round_trips,all_spreads,queue,1.0,1.0,1.0,0.0,100,100,100,2019-01-02,2019-10-17,2019-10-18,2019-12-31,7649651,2198301,2198301,2044491,1262321,0.06996767048734454,0.3825744402885608,0.579646539984679,0.545941790611374,0.536987882915033,0.6905402916143556,0.2486932079867703,0.25000198706756166,51,10000,0.005235074713376808,0.004383361390339335,0.005243321999331141,0.006082901710072416,0.0,0.013911885649735143,0.3611761660377897,,51,10000,0.04930260081941984,2.889912794086205,2.584010767122783,-5.424620960389809,-5.804825650620893,-5.417175748211164,-5.046954462242083,1.0
price_spell_round_trips,all_spreads,queue,1.0,1.0,1.0,0.0,100,1000,100,2019-01-02,2019-10-17,2019-10-18,2019-12-31,7649651,2198301,2198301,1564677,995240,0.2882335039651076,0.3639326199592632,0.5791618102166312,0.545941790611374,0.536987882915033,0.6905402916143556,0.2486932079867703,0.25000198706756166,51,10000,0.005235074713376808,0.004383361390339335,0.005243321999331141,0.006082901710072416,0.0,0.013911885649735143,0.3611761660377897,,51,10000,0.05050601161251138,2.902345599874526,2.583424980546143,-5.435264568808932,-5.808599834912926,-5.427947389681103,-5.065400993261777,1.0
price_spell_round_trips,all_spreads,queue,1.0,1.0,1.0,0.0,100,10000,100,2019-01-02,2019-10-17,2019-10-18,2019-12-31,7649651,2198301,2198301,1176470,753822,0.46482761004976114,0.3592509796254898,0.5778632090864952,0.545941790611374,0.536987882915033,0.6905402916143556,0.2486932079867703,0.25000198706756166,51,10000,0.005235074713376808,0.004383361390339335,0.005243321999331141,0.006082901710072416,0.0,0.013911885649735143,0.3611761660377897,,51,10000,0.061612100264939997,2.794324651263251,2.4962018777475183,-5.228914428746193,-5.585662021659793,-5.221845655012338,-4.875291305330979,1.0
price_spell_round_trips,all_spreads,queue,1.0,1.0,1.0,0.0,100,0,500,2019-01-02,2019-10-17,2019-10-18,2019-12-31,7649651,2198301,2198301,2198301,22971,0.0,0.9895505665511684,0.5200470158025337,0.545941790611374,0.536987882915033,0.6905402916143556,0.2486932079867703,0.25000198706756166,51,10000,0.005235074713376808,0.004383361390339335,0.005243321999331141,0.006082901710072416,0.0,0.013911885649735143,0.3611761660377897,,51,10000,0.012357294840435136,2.912956207527014,2.5202946240132262,-5.420893536699857,-5.84113388066917,-5.412063949602189,-5.0051551181676555,1.0
price_spell_round_trips,all_spreads,queue,1.0,1.0,1.0,0.0,100,10,500,2019-01-02,2019-10-17,2019-10-18,2019-12-31,7649651,2198301,2198301,2175478,22801,0.010382108728513528,0.9895190850010894,0.5198894785316434,0.545941790611374,0.536987882915033,0.6905402916143556,0.2486932079867703,0.25000198706756166,51,10000,0.005235074713376808,0.004383361390339335,0.005243321999331141,0.006082901710072416,0.0,0.013911885649735143,0.3611761660377897,,51,10000,0.01126136769961608,2.9143125844105318,2.5218146442072853,-5.424865860918354,-5.845854946487606,-5.415819479877504,-5.010206221802632,1.0
price_spell_round_trips,all_spreads,queue,1.0,1.0,1.0,0.0,100,100,500,2019-01-02,2019-10-17,2019-10-18,2019-12-31,7649651,2198301,2198301,2044491,21877,0.06996767048734454,0.9892995371464095,0.5201353019152535,0.545941790611374,0.536987882915033,0.6905402916143556,0.2486932079867703,0.25000198706756166,51,10000,0.005235074713376808,0.004383361390339335,0.005243321999331141,0.006082901710072416,0.0,0.013911885649735143,0.3611761660377897,,51,10000,0.012833814543042964,2.9300868341215742,2.540140712397317,-5.45739373197604,-5.8787711291805556,-5.4485289288176935,-5.043723227695617,1.0
price_spell_round_trips,all_spreads,queue,1.0,1.0,1.0,0.0,100,1000,500,2019-01-02,2019-10-17,2019-10-18,2019-12-31,7649651,2198301,2198301,1564677,18126,0.2882335039651076,0.9884155004515309,0.5200264812975836,0.545941790611374,0.536987882915033,0.6905402916143556,0.2486932079867703,0.25000198706756166,51,10000,0.005235074713376808,0.004383361390339335,0.005243321999331141,0.006082901710072416,0.0,0.013911885649735143,0.3611761660377897,,51,10000,0.005857844913152956,2.9480167710494,2.55835016121253,-5.50050908734832,-5.925998866227572,-5.491414911899774,-5.0801786191223295,1.0
price_spell_round_trips,all_spreads,queue,1.0,1.0,1.0,0.0,100,10000,500,2019-01-02,2019-10-17,2019-10-18,2019-12-31,7649651,2198301,2198301,1176470,14547,0.46482761004976114,0.9876350438175219,0.5241630576751221,0.545941790611374,0.536987882915033,0.6905402916143556,0.2486932079867703,0.25000198706756166,51,10000,0.005235074713376808,0.004383361390339335,0.005243321999331141,0.006082901710072416,0.0,0.013911885649735143,0.3611761660377897,,51,10000,0.012648330292441841,2.85810334772103,2.4749935543099,-5.320448571738179,-5.725087042214579,-5.312334800008664,-4.915048853314994,1.0
price_spell_round_trips,all_spreads,queue_and_ofi,0.05,0.050152353355728256,0.038604358547805785,0.1153665131127431,100,0,1,2019-01-02,2019-10-17,2019-10-18,2019-12-31,7649651,2198301,84864,84864,84864,0.0,0.0,0.5154364630467572,0.5552904807510204,0.5417724870252072,0.6886355825331553,0.24773821578442354,0.25000198706756166,51,10000,0.009055013160860548,0.00832903774566198,0.009061903501071833,0.009778901481176671,0.0,0.013929953747063763,0.32566476898113866,1.3074067697962868,51,10000,0.13303592043987295,1.7504964904153704,1.8627984620863693,-3.480259032061635,-3.779469707863496,-3.4790983545465464,-3.2006895563766418,1.0
price_spell_round_trips,all_spreads,queue_and_ofi,0.05,0.050152353355728256,0.038604358547805785,0.1153665131127431,100,10,1,2019-01-02,2019-10-17,2019-10-18,2019-12-31,7649651,2198301,84864,82367,82367,0.02942354826546001,0.0,0.5151092063569148,0.5552904807510204,0.5417724870252072,0.6886355825331553,0.24773821578442354,0.25000198706756166,51,10000,0.009055013160860548,0.00832903774566198,0.009061903501071833,0.009778901481176671,0.0,0.013929953747063763,0.32566476898113866,1.3074067697962868,51,10000,0.1227485882468902,1.7681818355442764,1.8700827683552823,-3.5155160156525724,-3.818697963153074,-3.5139170165014235,-3.232526374992494,1.0
price_spell_round_trips,all_spreads,queue_and_ofi,0.05,0.050152353355728256,0.038604358547805785,0.1153665131127431,100,100,1,2019-01-02,2019-10-17,2019-10-18,2019-12-31,7649651,2198301,84864,72640,72640,0.14404223227752644,0.0,0.5146613436123348,0.5552904807510204,0.5417724870252072,0.6886355825331553,0.24773821578442354,0.25000198706756166,51,10000,0.009055013160860548,0.00832903774566198,0.009061903501071833,0.009778901481176671,0.0,0.013929953747063763,0.32566476898113866,1.3074067697962868,51,10000,0.0947082570837847,1.8313494863752222,1.9022061775811137,-3.6388474068725816,-3.9517478908862915,-3.6370956139234787,-3.347802914967218,1.0
price_spell_round_trips,all_spreads,queue_and_ofi,0.05,0.050152353355728256,0.038604358547805785,0.1153665131127431,100,1000,1,2019-01-02,2019-10-17,2019-10-18,2019-12-31,7649651,2198301,84864,51567,51567,0.3923571832579186,0.0,0.5100936645529117,0.5552904807510204,0.5417724870252072,0.6886355825331553,0.24773821578442354,0.25000198706756166,51,10000,0.009055013160860548,0.00832903774566198,0.009061903501071833,0.009778901481176671,0.0,0.013929953747063763,0.32566476898113866,1.3074067697962868,51,10000,0.06153961188984779,1.9188165932562113,1.9591966161940992,-3.8164735975605506,-4.143526348432645,-3.8137967848841887,-3.508743858962125,1.0
price_spell_round_trips,all_spreads,queue_and_ofi,0.05,0.050152353355728256,0.038604358547805785,0.1153665131127431,100,10000,1,2019-01-02,2019-10-17,2019-10-18,2019-12-31,7649651,2198301,84864,35968,35968,0.5761689291101055,0.0,0.5240769572953736,0.5552904807510204,0.5417724870252072,0.6886355825331553,0.24773821578442354,0.25000198706756166,51,10000,0.009055013160860548,0.00832903774566198,0.009061903501071833,0.009778901481176671,0.0,0.013929953747063763,0.32566476898113866,1.3074067697962868,51,10000,0.05527447675891701,1.7963789401258752,1.851458346367071,-3.592562809734156,-3.873993020780557,-3.5905555490504915,-3.332411433430847,1.0
price_spell_round_trips,all_spreads,queue_and_ofi,0.05,0.050152353355728256,0.038604358547805785,0.1153665131127431,100,0,100,2019-01-02,2019-10-17,2019-10-18,2019-12-31,7649651,2198301,84864,84864,39934,0.0,0.5294353318250378,0.5192818149947414,0.5552904807510204,0.5417724870252072,0.6886355825331553,0.24773821578442354,0.25000198706756166,51,10000,0.009055013160860548,0.00832903774566198,0.009061903501071833,0.009778901481176671,0.0,0.013929953747063763,0.32566476898113866,1.3074067697962868,51,10000,0.13262658745701658,2.6699661073020877,2.1983601302726767,-4.735699650117921,-5.124050415534734,-4.734254528419267,-4.345492570309959,1.0
price_spell_round_trips,all_spreads,queue_and_ofi,0.05,0.050152353355728256,0.038604358547805785,0.1153665131127431,100,10,100,2019-01-02,2019-10-17,2019-10-18,2019-12-31,7649651,2198301,84864,82367,39027,0.02942354826546001,0.5261816018551119,0.5182822148768801,0.5552904807510204,0.5417724870252072,0.6886355825331553,0.24773821578442354,0.25000198706756166,51,10000,0.009055013160860548,0.00832903774566198,0.009061903501071833,0.009778901481176671,0.0,0.013929953747063763,0.32566476898113866,1.3074067697962868,51,10000,0.12116195277350574,2.6794309766016657,2.201855366257271,-4.760124390085337,-5.14997602778983,-4.758180999121208,-4.369142371682754,1.0
price_spell_round_trips,all_spreads,queue_and_ofi,0.05,0.050152353355728256,0.038604358547805785,0.1153665131127431,100,100,100,2019-01-02,2019-10-17,2019-10-18,2019-12-31,7649651,2198301,84864,72640,35779,0.14404223227752644,0.5074476872246696,0.5201375108303754,0.5552904807510204,0.5417724870252072,0.6886355825331553,0.24773821578442354,0.25000198706756166,51,10000,0.009055013160860548,0.00832903774566198,0.009061903501071833,0.009778901481176671,0.0,0.013929953747063763,0.32566476898113866,1.3074067697962868,51,10000,0.08837333196687003,2.6979747129061376,2.20487088758215,-4.814472268521649,-5.195321751898307,-4.810884188830331,-4.43422406658987,1.0
price_spell_round_trips,all_spreads,queue_and_ofi,0.05,0.050152353355728256,0.038604358547805785,0.1153665131127431,100,1000,100,2019-01-02,2019-10-17,2019-10-18,2019-12-31,7649651,2198301,84864,51567,26063,0.3923571832579186,0.49457986696918577,0.5106856463185359,0.5552904807510204,0.5417724870252072,0.6886355825331553,0.24773821578442354,0.25000198706756166,51,10000,0.009055013160860548,0.00832903774566198,0.009061903501071833,0.009778901481176671,0.0,0.013929953747063763,0.32566476898113866,1.3074067697962868,51,10000,0.05864891662762473,2.779947771291686,2.233039564233084,-4.954338418897276,-5.335802926627794,-4.951653762770728,-4.576612518455986,1.0
price_spell_round_trips,all_spreads,queue_and_ofi,0.05,0.050152353355728256,0.038604358547805785,0.1153665131127431,100,10000,100,2019-01-02,2019-10-17,2019-10-18,2019-12-31,7649651,2198301,84864,35968,18355,0.5761689291101055,0.48968527580071175,0.5290656496867339,0.5552904807510204,0.5417724870252072,0.6886355825331553,0.24773821578442354,0.25000198706756166,51,10000,0.009055013160860548,0.00832903774566198,0.009061903501071833,0.009778901481176671,0.0,0.013929953747063763,0.32566476898113866,1.3074067697962868,51,10000,0.050190007145624424,2.5974554819501288,2.1257901897380247,-4.673055664542574,-5.009927583008983,-4.669979662289078,-4.33920132671249,1.0
price_spell_round_trips,all_spreads,queue_and_ofi,0.05,0.050152353355728256,0.038604358547805785,0.1153665131127431,100,0,500,2019-01-02,2019-10-17,2019-10-18,2019-12-31,7649651,2198301,84864,84864,479,0.0,0.9943556749622926,0.5281837160751566,0.5552904807510204,0.5417724870252072,0.6886355825331553,0.24773821578442354,0.25000198706756166,51,10000,0.009055013160860548,0.00832903774566198,0.009061903501071833,0.009778901481176671,0.0,0.013929953747063763,0.32566476898113866,1.3074067697962868,51,10000,-0.011679506334839364,2.398770300903635,2.149535892289073,-4.559985699526839,-4.983159883975492,-4.556397089399586,-4.133269140204591,1.0
price_spell_round_trips,all_spreads,queue_and_ofi,0.05,0.050152353355728256,0.038604358547805785,0.1153665131127431,100,10,500,2019-01-02,2019-10-17,2019-10-18,2019-12-31,7649651,2198301,84864,82367,471,0.02942354826546001,0.994281690482839,0.5286624203821656,0.5552904807510204,0.5417724870252072,0.6886355825331553,0.24773821578442354,0.25000198706756166,51,10000,0.009055013160860548,0.00832903774566198,0.009061903501071833,0.009778901481176671,0.0,0.013929953747063763,0.32566476898113866,1.3074067697962868,51,10000,-0.02017068577659248,2.4062818774255526,2.1469554724232824,-4.573408035624811,-4.9904921017575,-4.569929562687172,-4.150383975673565,1.0
price_spell_round_trips,all_spreads,queue_and_ofi,0.05,0.050152353355728256,0.038604358547805785,0.1153665131127431,100,100,500,2019-01-02,2019-10-17,2019-10-18,2019-12-31,7649651,2198301,84864,72640,428,0.14404223227752644,0.9941079295154185,0.544392523364486,0.5552904807510204,0.5417724870252072,0.6886355825331553,0.24773821578442354,0.25000198706756166,51,10000,0.009055013160860548,0.00832903774566198,0.009061903501071833,0.009778901481176671,0.0,0.013929953747063763,0.32566476898113866,1.3074067697962868,51,10000,-0.0179878864034938,2.301517656568675,2.0879936995785955,-4.407499242550483,-4.800262645918265,-4.402790202299723,-3.998374273322131,1.0
price_spell_round_trips,all_spreads,queue_and_ofi,0.05,0.050152353355728256,0.038604358547805785,0.1153665131127431,100,1000,500,2019-01-02,2019-10-17,2019-10-18,2019-12-31,7649651,2198301,84864,51567,318,0.3923571832579186,0.9938332654604689,0.550314465408805,0.5552904807510204,0.5417724870252072,0.6886355825331553,0.24773821578442354,0.25000198706756166,51,10000,0.009055013160860548,0.00832903774566198,0.009061903501071833,0.009778901481176671,0.0,0.013929953747063763,0.32566476898113866,1.3074067697962868,51,10000,-0.02251919770259857,2.376916296481267,2.0893597548416256,-4.488795249024956,-4.891589440755461,-4.485901918302039,-4.038580295560776,1.0
price_spell_round_trips,all_spreads,queue_and_ofi,0.05,0.050152353355728256,0.038604358547805785,0.1153665131127431,100,10000,500,2019-01-02,2019-10-17,2019-10-18,2019-12-31,7649651,2198301,84864,35968,255,0.5761689291101055,0.9929103647686833,0.5450980392156862,0.5552904807510204,0.5417724870252072,0.6886355825331553,0.24773821578442354,0.25000198706756166,51,10000,0.009055013160860548,0.00832903774566198,0.009061903501071833,0.009778901481176671,0.0,0.013929953747063763,0.32566476898113866,1.3074067697962868,51,10000,-0.008294848336483708,2.40170153536813,2.0258885314855686,-4.435884915190023,-4.855820930539442,-4.4300268328872825,-3.958259755200838,1.0
price_spell_round_trips,all_spreads,queue_and_ofi,0.1,0.13316071543656044,0.11317831361583332,0.08153779920280901,100,0,1,2019-01-02,2019-10-17,2019-10-18,2019-12-31,7649651,2198301,248800,248800,248800,0.0,0.0,0.7510811897106109,0.5552904807510204,0.5417724870252072,0.6886355825331553,0.24773821578442354,0.25000198706756166,51,10000,0.009055013160860548,0.00832903774566198,0.009061903501071833,0.009778901481176671,0.0,0.013929953747063763,0.32566476898113866,1.3074067697962868,51,10000,0.08829248709491935,1.9973072227627677,2.031523752682845,-3.940538488350383,-4.273983849774398,-3.935773234398609,-3.6238785030658636,1.0
price_spell_round_trips,all_spreads,queue_and_ofi,0.1,0.13316071543656044,0.11317831361583332,0.08153779920280901,100,10,1,2019-01-02,2019-10-17,2019-10-18,2019-12-31,7649651,2198301,248800,244528,244528,0.01717041800643082,0.0,0.7532102663089707,0.5552904807510204,0.5417724870252072,0.6886355825331553,0.24773821578442354,0.25000198706756166,51,10000,0.009055013160860548,0.00832903774566198,0.009061903501071833,0.009778901481176671,0.0,0.013929953747063763,0.32566476898113866,1.3074067697962868,51,10000,0.08321849938662416,2.0101328005763794,2.0389006343322236,-3.965814935521995,-4.300036182756937,-3.9613357520035355,-3.6474771890001567,1.0
price_spell_round_trips,all_spreads,queue_and_ofi,0.1,0.13316071543656044,0.11317831361583332,0.08153779920280901,100,100,1,2019-01-02,2019-10-17,2019-10-18,2019-12-31,7649651,2198301,248800,224971,224971,0.09577572347266883,0.0,0.7606669304043633,0.5552904807510204,0.5417724870252072,0.6886355825331553,0.24773821578442354,0.25000198706756166,51,10000,0.009055013160860548,0.00832903774566198,0.009061903501071833,0.009778901481176671,0.0,0.013929953747063763,0.32566476898113866,1.3074067697962868,51,10000,0.0691961717700275,2.058201727702647,2.0697686945315312,-4.05877425046538,-4.396855258229828,-4.054030158806636,-3.735870195295047,1.0
price_spell_round_trips,all_spreads,queue_and_ofi,0.1,0.13316071543656044,0.11317831361583332,0.08153779920280901,100,1000,1,2019-01-02,2019-10-17,2019-10-18,2019-12-31,7649651,2198301,248800,170956,170956,0.31287781350482313,0.0,0.773181403402045,0.5552904807510204,0.5417724870252072,0.6886355825331553,0.24773821578442354,0.25000198706756166,51,10000,0.009055013160860548,0.00832903774566198,0.009061903501071833,0.009778901481176671,0.0,0.013929953747063763,0.32566476898113866,1.3074067697962868,51,10000,0.056542699432499,2.1204509681094375,2.1075165862234844,-4.171424854901005,-4.506806572989009,-4.166498286016951,-3.85189220782203,1.0
price_spell_round_trips,all_spreads,queue_and_ofi,0.1,0.13316071543656044,0.11317831361583332,0.08153779920280901,100,10000,1,2019-01-02,2019-10-17,2019-10-18,2019-12-31,7649651,2198301,248800,125973,125973,0.4936776527331189,0.0,0.7925507846919578,0.5552904807510204,0.5417724870252072,0.6886355825331553,0.24773821578442354,0.25000198706756166,51,10000,0.009055013160860548,0.00832903774566198,0.009061903501071833,0.009778901481176671,0.0,0.013929953747063763,0.32566476898113866,1.3074067697962868,51,10000,0.05928894894841806,2.0224805236512333,2.010185193400645,-3.9733767681044174,-4.278849991177596,-3.969069575875044,-3.682890537890494,1.0
price_spell_round_trips,all_spreads,queue_and_ofi,0.1,0.13316071543656044,0.11317831361583332,0.08153779920280901,100,0,100,2019-01-02,2019-10-17,2019-10-18,2019-12-31,7649651,2198301,248800,248800,131090,0.0,0.4731109324758842,0.7395072087878557,0.5552904807510204,0.5417724870252072,0.6886355825331553,0.24773821578442354,0.25000198706756166,51,10000,0.009055013160860548,0.00832903774566198,0.009061903501071833,0.009778901481176671,0.0,0.013929953747063763,0.32566476898113866,1.3074067697962868,51,10000,0.09253174447713956,2.913974850402959,2.352681224861938,-5.174124330788329,-5.573437187169232,-5.168619989708942,-4.778923953070925,1.0
price_spell_round_trips,all_spreads,queue_and_ofi,0.1,0.13316071543656044,0.11317831361583332,0.08153779920280901,100,10,100,2019-01-02,2019-10-17,2019-10-18,2019-12-31,7649651,2198301,248800,244528,129280,0.01717041800643082,0.47130798926912254,0.7409266707920792,0.5552904807510204,0.5417724870252072,0.6886355825331553,0.24773821578442354,0.25000198706756166,51,10000,0.009055013160860548,0.00832903774566198,0.009061903501071833,0.009778901481176671,0.0,0.013929953747063763,0.32566476898113866,1.3074067697962868,51,10000,0.08738678737575348,2.925095568970354,2.358155882898241,-5.19586466449327,-5.595702992547627,-5.190519687064029,-4.799139000497566,1.0
price_spell_round_trips,all_spreads,queue_and_ofi,0.1,0.13316071543656044,0.11317831361583332,0.08153779920280901,100,100,100,2019-01-02,2019-10-17,2019-10-18,2019-12-31,7649651,2198301,248800,224971,121203,0.09577572347266883,0.46125056118344143,0.7463181604415732,0.5552904807510204,0.5417724870252072,0.6886355825331553,0.24773821578442354,0.25000198706756166,51,10000,0.009055013160860548,0.00832903774566198,0.009061903501071833,0.009778901481176671,0.0,0.013929953747063763,0.32566476898113866,1.3074067697962868,51,10000,0.07217713021165022,2.9585415641819464,2.3725249497733945,-5.258889383743733,-5.656700109009217,-5.25309673597012,-4.865009635675624,1.0
price_spell_round_trips,all_spreads,queue_and_ofi,0.1,0.13316071543656044,0.11317831361583332,0.08153779920280901,100,1000,100,2019-01-02,2019-10-17,2019-10-18,2019-12-31,7649651,2198301,248800,170956,94560,0.31287781350482313,0.44687521935468777,0.7576565143824027,0.5552904807510204,0.5417724870252072,0.6886355825331553,0.24773821578442354,0.25000198706756166,51,10000,0.009055013160860548,0.00832903774566198,0.009061903501071833,0.009778901481176671,0.0,0.013929953747063763,0.32566476898113866,1.3074067697962868,51,10000,0.05820643545804515,3.0070733185758978,2.383057297565235,-5.331924180682965,-5.724163845554221,-5.326036646310456,-4.942896710186127,1.0
price_spell_round_trips,all_spreads,queue_and_ofi,0.1,0.13316071543656044,0.11317831361583332,0.08153779920280901,100,10000,100,2019-01-02,2019-10-17,2019-10-18,2019-12-31,7649651,2198301,248800,125973,69957,0.4936776527331189,0.44466671429592053,0.7808796832339866,0.5552904807510204,0.5417724870252072,0.6886355825331553,0.24773821578442354,0.25000198706756166,51,10000,0.009055013160860548,0.00832903774566198,0.009061903501071833,0.009778901481176671,0.0,0.013929953747063763,0.32566476898113866,1.3074067697962868,51,10000,0.06056789818834209,2.881411466785782,2.276379548639207,-5.097223117237713,-5.4586852518577995,-5.091629166164477,-4.738641711886645,1.0
price_spell_round_trips,all_spreads,queue_and_ofi,0.1,0.13316071543656044,0.11317831361583332,0.08153779920280901,100,0,500,2019-01-02,2019-10-17,2019-10-18,2019-12-31,7649651,2198301,248800,248800,2266,0.0,0.9908922829581993,0.8150926743159753,0.5552904807510204,0.5417724870252072,0.6886355825331553,0.24773821578442354,0.25000198706756166,51,10000,0.009055013160860548,0.00832903774566198,0.009061903501071833,0.009778901481176671,0.0,0.013929953747063763,0.32566476898113866,1.3074067697962868,51,10000,0.07029079081175311,2.8854620091391054,2.3251159637935044,-5.140287182121871,-5.7531471976469595,-5.1223453779133905,-4.591716398367113,1.0
price_spell_round_trips,all_spreads,queue_and_ofi,0.1,0.13316071543656044,0.11317831361583332,0.08153779920280901,100,10,500,2019-01-02,2019-10-17,2019-10-18,2019-12-31,7649651,2198301,248800,244528,2242,0.01717041800643082,0.9908313158411307,0.8148974130240857,0.5552904807510204,0.5417724870252072,0.6886355825331553,0.24773821578442354,0.25000198706756166,51,10000,0.009055013160860548,0.00832903774566198,0.009061903501071833,0.009778901481176671,0.0,0.013929953747063763,0.32566476898113866,1.3074067697962868,51,10000,0.0685812536323794,2.900508720221628,2.3349043775575424,-5.16683184414755,-5.785934358249008,-5.148616175444508,-4.612589744430605,1.0
price_spell_round_trips,all_spreads,queue_and_ofi,0.1,0.13316071543656044,0.11317831361583332,0.08153779920280901,100,100,500,2019-01-02,2019-10-17,2019-10-18,2019-12-31,7649651,2198301,248800,224971,2113,0.09577572347266883,0.9906076783229838,0.820160908660672,0.5552904807510204,0.5417724870252072,0.6886355825331553,0.24773821578442354,0.25000198706756166,51,10000,0.009055013160860548,0.00832903774566198,0.009061903501071833,0.009778901481176671,0.0,0.013929953747063763,0.32566476898113866,1.3074067697962868,51,10000,0.06171875184275999,2.8913324102196767,2.3299084202241174,-5.159522078601328,-5.792453723761388,-5.1398099989107,-4.602033688390286,1.0
price_spell_round_trips,all_spreads,queue_and_ofi,0.1,0.13316071543656044,0.11317831361583332,0.08153779920280901,100,1000,500,2019-01-02,2019-10-17,2019-10-18,2019-12-31,7649651,2198301,248800,170956,1706,0.31287781350482313,0.990020824071691,0.8305978898007034,0.5552904807510204,0.5417724870252072,0.6886355825331553,0.24773821578442354,0.25000198706756166,51,10000,0.009055013160860548,0.00832903774566198,0.009061903501071833,0.009778901481176671,0.0,0.013929953747063763,0.32566476898113866,1.3074067697962868,51,10000,0.049785111931365665,2.861418549543962,2.2899941446593757,-5.101627582272611,-5.707156859642629,-5.082285725896844,-4.573517337549323,1.0
price_spell_round_trips,all_spreads,queue_and_ofi,0.1,0.13316071543656044,0.11317831361583332,0.08153779920280901,100,10000,500,2019-01-02,2019-10-17,2019-10-18,2019-12-31,7649651,2198301,248800,125973,1362,0.4936776527331189,0.9891881593674835,0.842143906020558,0.5552904807510204,0.5417724870252072,0.6886355825331553,0.24773821578442354,0.25000198706756166,51,10000,0.009055013160860548,0.00832903774566198,0.009061903501071833,0.009778901481176671,0.0,0.013929953747063763,0.32566476898113866,1.3074067697962868,51,10000,0.06927794251437608,2.766740894813759,2.210498419482361,-4.907961371782188,-5.47634053217539,-4.893620367752339,-4.4067490568816385,1.0
price_spell_round_trips,all_spreads,queue_and_ofi,0.2,0.22254649264391277,0.21582667705650865,0.07474305078686339,100,0,1,2019-01-02,2019-10-17,2019-10-18,2019-12-31,7649651,2198301,474452,474452,474452,0.0,0.0,0.5671132169323767,0.5552904807510204,0.5417724870252072,0.6886355825331553,0.24773821578442354,0.25000198706756166,51,10000,0.009055013160860548,0.00832903774566198,0.009061903501071833,0.009778901481176671,0.0,0.013929953747063763,0.32566476898113866,1.3074067697962868,51,10000,0.06497455882624532,2.0139301766502156,2.0284106508591684,-3.9773662686828803,-4.3059713242279125,-3.973697721030696,-3.662889282794631,1.0
price_spell_round_trips,all_spreads,queue_and_ofi,0.2,0.22254649264391277,0.21582667705650865,0.07474305078686339,100,10,1,2019-01-02,2019-10-17,2019-10-18,2019-12-31,7649651,2198301,474452,468082,468082,0.013426015698110638,0.0,0.5672595827226854,0.5552904807510204,0.5417724870252072,0.6886355825331553,0.24773821578442354,0.25000198706756166,51,10000,0.009055013160860548,0.00832903774566198,0.009061903501071833,0.009778901481176671,0.0,0.013929953747063763,0.32566476898113866,1.3074067697962868,51,10000,0.06185185562054107,2.0231623368200706,2.034381712923064,-3.9956921941226065,-4.325213782575448,-3.9918314097099756,-3.6794779620414406,1.0
price_spell_round_trips,all_spreads,queue_and_ofi,0.2,0.22254649264391277,0.21582667705650865,0.07474305078686339,100,100,1,2019-01-02,2019-10-17,2019-10-18,2019-12-31,7649651,2198301,474452,436837,436837,0.07928093885155929,0.0,0.5673397628863855,0.5552904807510204,0.5417724870252072,0.6886355825331553,0.24773821578442354,0.25000198706756166,51,10000,0.009055013160860548,0.00832903774566198,0.009061903501071833,0.009778901481176671,0.0,0.013929953747063763,0.32566476898113866,1.3074067697962868,51,10000,0.05324287132274519,2.0602834277617728,2.06083265594054,-4.0678732123797285,-4.399705473098804,-4.06347008889418,-3.750006969571951,1.0
price_spell_round_trips,all_spreads,queue_and_ofi,0.2,0.22254649264391277,0.21582667705650865,0.07474305078686339,100,1000,1,2019-01-02,2019-10-17,2019-10-18,2019-12-31,7649651,2198301,474452,338290,338290,0.2869879355551247,0.0,0.5661119158118774,0.5552904807510204,0.5417724870252072,0.6886355825331553,0.24773821578442354,0.25000198706756166,51,10000,0.009055013160860548,0.00832903774566198,0.009061903501071833,0.009778901481176671,0.0,0.013929953747063763,0.32566476898113866,1.3074067697962868,51,10000,0.04685720915306124,2.1039834419588,2.085989899792609,-4.143116132599086,-4.472375318840738,-4.13925273056608,-3.8324190097158364,1.0
price_spell_round_trips,all_spreads,queue_and_ofi,0.2,0.22254649264391277,0.21582667705650865,0.07474305078686339,100,10000,1,2019-01-02,2019-10-17,2019-10-18,2019-12-31,7649651,2198301,474452,255243,255243,0.4620256632915448,0.0,0.5683995251583784,0.5552904807510204,0.5417724870252072,0.6886355825331553,0.24773821578442354,0.25000198706756166,51,10000,0.009055013160860548,0.00832903774566198,0.009061903501071833,0.009778901481176671,0.0,0.013929953747063763,0.32566476898113866,1.3074067697962868,51,10000,0.050098438900955354,2.016217327381705,2.000224505727422,-3.966343394208419,-4.272790462191874,-3.9631130826737193,-3.6751226072420686,1.0
price_spell_round_trips,all_spreads,queue_and_ofi,0.2,0.22254649264391277,0.21582667705650865,0.07474305078686339,100,0,100,2019-01-02,2019-10-17,2019-10-18,2019-12-31,7649651,2198301,474452,474452,244395,0.0,0.48488993617900233,0.5542993923770945,0.5552904807510204,0.5417724870252072,0.6886355825331553,0.24773821578442354,0.25000198706756166,51,10000,0.009055013160860548,0.00832903774566198,0.009061903501071833,0.009778901481176671,0.0,0.013929953747063763,0.32566476898113866,1.3074067697962868,51,10000,0.07232175000354019,2.988731857934844,2.3443189302442873,-5.260729038176259,-5.6504990673031195,-5.25485865849333,-4.870495480057514,1.0
price_spell_round_trips,all_spreads,queue_and_ofi,0.2,0.22254649264391277,0.21582667705650865,0.07474305078686339,100,10,100,2019-01-02,2019-10-17,2019-10-18,2019-12-31,7649651,2198301,474452,468082,241706,0.013426015698110638,0.4836246640545887,0.5544463108073444,0.5552904807510204,0.5417724870252072,0.6886355825331553,0.24773821578442354,0.25000198706756166,51,10000,0.009055013160860548,0.00832903774566198,0.009061903501071833,0.009778901481176671,0.0,0.013929953747063763,0.32566476898113866,1.3074067697962868,51,10000,0.06911652840959497,2.9974110865579213,2.348892424571071,-5.277186982719152,-5.666832719477879,-5.271499577825828,-4.886199368792957,1.0
price_spell_round_trips,all_spreads,queue_and_ofi,0.2,0.22254649264391277,0.21582667705650865,0.07474305078686339,100,100,100,2019-01-02,2019-10-17,2019-10-18,2019-12-31,7649651,2198301,474452,436837,228720,0.07928093885155929,0.47641797741491676,0.5551547743966422,0.5552904807510204,0.5417724870252072,0.6886355825331553,0.24773821578442354,0.25000198706756166,51,10000,0.009055013160860548,0.00832903774566198,0.009061903501071833,0.009778901481176671,0.0,0.013929953747063763,0.32566476898113866,1.3074067697962868,51,10000,0.05994022774148445,3.02698938412811,2.363903357373258,-5.3309525137608595,-5.719722582735723,-5.324279643663902,-4.941016535200184,1.0
price_spell_round_trips,all_spreads,queue_and_ofi,0.2,0.22254649264391277,0.21582667705650865,0.07474305078686339,100,1000,100,2019-01-02,2019-10-17,2019-10-18,2019-12-31,7649651,2198301,474452,338290,182078,0.2869879355551247,0.4617694877176387,0.554515097925065,0.5552904807510204,0.5417724870252072,0.6886355825331553,0.24773821578442354,0.25000198706756166,51,10000,0.009055013160860548,0.00832903774566198,0.009061903501071833,0.009778901481176671,0.0,0.013929953747063763,0.32566476898113866,1.3074067697962868,51,10000,0.05156723200136188,3.0503560188868715,2.3613628558071094,-5.360151642692348,-5.742104541952268,-5.353510484491114,-4.981027895026274,1.0
price_spell_round_trips,all_spreads,queue_and_ofi,0.2,0.22254649264391277,0.21582667705650865,0.07474305078686339,100,10000,100,2019-01-02,2019-10-17,2019-10-18,2019-12-31,7649651,2198301,474452,255243,138325,0.4620256632915448,0.45806545135419974,0.5599132477860113,0.5552904807510204,0.5417724870252072,0.6886355825331553,0.24773821578442354,0.25000198706756166,51,10000,0.009055013160860548,0.00832903774566198,0.009061903501071833,0.009778901481176671,0.0,0.013929953747063763,0.32566476898113866,1.3074067697962868,51,10000,0.05456253841740988,2.9332640280253854,2.265324298363142,-5.144025787971204,-5.501707026503319,-5.137635236742712,-4.787018722801341,1.0
price_spell_round_trips,all_spreads,queue_and_ofi,0.2,0.22254649264391277,0.21582667705650865,0.07474305078686339,100,0,500,2019-01-02,2019-10-17,2019-10-18,2019-12-31,7649651,2198301,474452,474452,4828,0.0,0.9898240496404273,0.5594449047224523,0.5552904807510204,0.5417724870252072,0.6886355825331553,0.24773821578442354,0.25000198706756166,51,10000,0.009055013160860548,0.00832903774566198,0.009061903501071833,0.009778901481176671,0.0,0.013929953747063763,0.32566476898113866,1.3074067697962868,51,10000,0.05988083056862412,2.8517058812021263,2.2838491785331905,-5.075674229167482,-5.57538843571364,-5.06108629841945,-4.651769118084402,1.0
price_spell_round_trips,all_spreads,queue_and_ofi,0.2,0.22254649264391277,0.21582667705650865,0.07474305078686339,100,10,500,2019-01-02,2019-10-17,2019-10-18,2019-12-31,7649651,2198301,474452,468082,4777,0.013426015698110638,0.9897945231818357,0.5585095248063638,0.5552904807510204,0.5417724870252072,0.6886355825331553,0.24773821578442354,0.25000198706756166,51,10000,0.009055013160860548,0.00832903774566198,0.009061903501071833,0.009778901481176671,0.0,0.013929953747063763,0.32566476898113866,1.3074067697962868,51,10000,0.05962106851228686,2.8617711232776357,2.292082724062816,-5.09423277882826,-5.601407427040605,-5.079696205156775,-4.666348282699018,1.0
price_spell_round_trips,all_spreads,queue_and_ofi,0.2,0.22254649264391277,0.21582667705650865,0.07474305078686339,100,100,500,2019-01-02,2019-10-17,2019-10-18,2019-12-31,7649651,2198301,474452,436837,4521,0.07928093885155929,0.9896506019407697,0.5604954656049547,0.5552904807510204,0.5417724870252072,0.6886355825331553,0.24773821578442354,0.25000198706756166,51,10000,0.009055013160860548,0.00832903774566198,0.009061903501071833,0.009778901481176671,0.0,0.013929953747063763,0.32566476898113866,1.3074067697962868,51,10000,0.05669649846314775,2.8706981870205364,2.305428369707011,-5.119430058264395,-5.630387609877484,-5.103173283829573,-4.690799539906905,1.0
price_spell_round_trips,all_spreads,queue_and_ofi,0.2,0.22254649264391277,0.21582667705650865,0.07474305078686339,100,1000,500,2019-01-02,2019-10-17,2019-10-18,2019-12-31,7649651,2198301,474452,338290,3732,0.2869879355551247,0.9889680451683467,0.5584137191854234,0.5552904807510204,0.5417724870252072,0.6886355825331553,0.24773821578442354,0.25000198706756166,51,10000,0.009055013160860548,0.00832903774566198,0.009061903501071833,0.009778901481176671,0.0,0.013929953747063763,0.32566476898113866,1.3074067697962868,51,10000,0.0423283447013551,2.8692055760113506,2.2945728327799326,-5.121450064089244,-5.637714686155917,-5.1050178417787695,-4.686125239270392,1.0
price_spell_round_trips,all_spreads,queue_and_ofi,0.2,0.22254649264391277,0.21582667705650865,0.07474305078686339,100,10000,500,2019-01-02,2019-10-17,2019-10-18,2019-12-31,7649651,2198301,474452,255243,3013,0.4620256632915448,0.9881955626598966,0.5559243279123797,0.5552904807510204,0.5417724870252072,0.6886355825331553,0.24773821578442354,0.25000198706756166,51,10000,0.009055013160860548,0.00832903774566198,0.009061903501071833,0.009778901481176671,0.0,0.013929953747063763,0.32566476898113866,1.3074067697962868,51,10000,0.05520587824746056,2.7691188529623902,2.2289979641154027,-4.942910938831121,-5.441581863061565,-4.929069906806287,-4.531956362417125,1.0
price_spell_round_trips,all_spreads,queue_and_ofi,1.0,1.0,1.0,0.0,100,0,1,2019-01-02,2019-10-17,2019-10-18,2019-12-31,7649651,2198301,2198301,2198301,2198301,0.0,0.0,0.5510369144170885,0.5552904807510204,0.5417724870252072,0.6886355825331553,0.24773821578442354,0.25000198706756166,51,10000,0.009055013160860548,0.00832903774566198,0.009061903501071833,0.009778901481176671,0.0,0.013929953747063763,0.32566476898113866,1.3074067697962868,51,10000,0.046400738706611135,2.1696194734286154,2.191857544671823,-4.315076279393801,-4.665933984037552,-4.3111255757200695,-3.980103680896928,1.0
price_spell_round_trips,all_spreads,queue_and_ofi,1.0,1.0,1.0,0.0,100,10,1,2019-01-02,2019-10-17,2019-10-18,2019-12-31,7649651,2198301,2198301,2175478,2175478,0.010382108728513528,0.0,0.5512687326647293,0.5552904807510204,0.5417724870252072,0.6886355825331553,0.24773821578442354,0.25000198706756166,51,10000,0.009055013160860548,0.00832903774566198,0.009061903501071833,0.009778901481176671,0.0,0.013929953747063763,0.32566476898113866,1.3074067697962868,51,10000,0.04555917222399353,2.1762612290441417,2.197165578829135,-4.327867635649385,-4.6790349766177,-4.32389130454125,-3.992291599837843,1.0
price_spell_round_trips,all_spreads,queue_and_ofi,1.0,1.0,1.0,0.0,100,100,1,2019-01-02,2019-10-17,2019-10-18,2019-12-31,7649651,2198301,2198301,2044491,2044491,0.06996767048734454,0.0,0.5519486268220305,0.5552904807510204,0.5417724870252072,0.6886355825331553,0.24773821578442354,0.25000198706756166,51,10000,0.009055013160860548,0.00832903774566198,0.009061903501071833,0.009778901481176671,0.0,0.013929953747063763,0.32566476898113866,1.3074067697962868,51,10000,0.04334956430061091,2.206684983216711,2.220469700993388,-4.383805119909413,-4.737316578031732,-4.379360052459109,-4.045804764494418,1.0
price_spell_round_trips,all_spreads,queue_and_ofi,1.0,1.0,1.0,0.0,100,1000,1,2019-01-02,2019-10-17,2019-10-18,2019-12-31,7649651,2198301,2198301,1564677,1564677,0.2882335039651076,0.0,0.5527511428876375,0.5552904807510204,0.5417724870252072,0.6886355825331553,0.24773821578442354,0.25000198706756166,51,10000,0.009055013160860548,0.00832903774566198,0.009061903501071833,0.009778901481176671,0.0,0.013929953747063763,0.32566476898113866,1.3074067697962868,51,10000,0.047075222754306666,2.2546825917406785,2.2484061894915435,-4.456013558478193,-4.806482867682811,-4.451289853335608,-4.122667048046746,1.0
price_spell_round_trips,all_spreads,queue_and_ofi,1.0,1.0,1.0,0.0,100,10000,1,2019-01-02,2019-10-17,2019-10-18,2019-12-31,7649651,2198301,2198301,1176470,1176470,0.46482761004976114,0.0,0.552366826183413,0.5552904807510204,0.5417724870252072,0.6886355825331553,0.24773821578442354,0.25000198706756166,51,10000,0.009055013160860548,0.00832903774566198,0.009061903501071833,0.009778901481176671,0.0,0.013929953747063763,0.32566476898113866,1.3074067697962868,51,10000,0.05850298065691777,2.1749447175332257,2.171431520377485,-4.287873257253695,-4.622418377601565,-4.284156910439727,-3.970071501560976,1.0
price_spell_round_trips,all_spreads,queue_and_ofi,1.0,1.0,1.0,0.0,100,0,100,2019-01-02,2019-10-17,2019-10-18,2019-12-31,7649651,2198301,2198301,2198301,1337077,0.0,0.39176800629213193,0.5762510311672402,0.5552904807510204,0.5417724870252072,0.6886355825331553,0.24773821578442354,0.25000198706756166,51,10000,0.009055013160860548,0.00832903774566198,0.009061903501071833,0.009778901481176671,0.0,0.013929953747063763,0.32566476898113866,1.3074067697962868,51,10000,0.05471310573374756,2.8643690396820713,2.5709986673284213,-5.380654601276705,-5.759490368333449,-5.3731193203675565,-5.00340644335702,1.0
price_spell_round_trips,all_spreads,queue_and_ofi,1.0,1.0,1.0,0.0,100,10,100,2019-01-02,2019-10-17,2019-10-18,2019-12-31,7649651,2198301,2198301,2175478,1326613,0.010382108728513528,0.39019700498005494,0.5764755810473741,0.5552904807510204,0.5417724870252072,0.6886355825331553,0.24773821578442354,0.25000198706756166,51,10000,0.009055013160860548,0.00832903774566198,0.009061903501071833,0.009778901481176671,0.0,0.013929953747063763,0.32566476898113866,1.3074067697962868,51,10000,0.05391632375233374,2.8682641587952755,2.5743471953807893,-5.388695030423824,-5.767201103931401,-5.381110591051534,-5.011558723845935,1.0
price_spell_round_trips,all_spreads,queue_and_ofi,1.0,1.0,1.0,0.0,100,100,100,2019-01-02,2019-10-17,2019-10-18,2019-12-31,7649651,2198301,2198301,2044491,1263048,0.06996767048734454,0.38221885055987037,0.5768830638265529,0.5552904807510204,0.5417724870252072,0.6886355825331553,0.24773821578442354,0.25000198706756166,51,10000,0.009055013160860548,0.00832903774566198,0.009061903501071833,0.009778901481176671,0.0,0.013929953747063763,0.32566476898113866,1.3074067697962868,51,10000,0.0510030514824364,2.884938326665505,2.5865700008314483,-5.420505276014762,-5.80034403933692,-5.412981905929002,-5.042482723183327,1.0
price_spell_round_trips,all_spreads,queue_and_ofi,1.0,1.0,1.0,0.0,100,1000,100,2019-01-02,2019-10-17,2019-10-18,2019-12-31,7649651,2198301,2198301,1564677,996144,0.2882335039651076,0.3633548649337851,0.5763985929745097,0.5552904807510204,0.5417724870252072,0.6886355825331553,0.24773821578442354,0.25000198706756166,51,10000,0.009055013160860548,0.00832903774566198,0.009061903501071833,0.009778901481176671,0.0,0.013929953747063763,0.32566476898113866,1.3074067697962868,51,10000,0.049954790732317865,2.89770445722481,2.5849869980738043,-5.432736664567072,-5.806169888844089,-5.425474130765337,-5.062396236076282,1.0
price_spell_round_trips,all_spreads,queue_and_ofi,1.0,1.0,1.0,0.0,100,10000,100,2019-01-02,2019-10-17,2019-10-18,2019-12-31,7649651,2198301,2198301,1176470,754540,0.46482761004976114,0.3586406793203396,0.5758038009913324,0.5552904807510204,0.5417724870252072,0.6886355825331553,0.24773821578442354,0.25000198706756166,51,10000,0.009055013160860548,0.00832903774566198,0.009061903501071833,0.009778901481176671,0.0,0.013929953747063763,0.32566476898113866,1.3074067697962868,51,10000,0.05969186369204233,2.789848567590142,2.4978040271106448,-5.227960731009106,-5.585382465681539,-5.221079407000193,-4.873884030949864,1.0
price_spell_round_trips,all_spreads,queue_and_ofi,1.0,1.0,1.0,0.0,100,0,500,2019-01-02,2019-10-17,2019-10-18,2019-12-31,7649651,2198301,2198301,2198301,22957,0.0,0.989556935105793,0.5194494054101145,0.5552904807510204,0.5417724870252072,0.6886355825331553,0.24773821578442354,0.25000198706756166,51,10000,0.009055013160860548,0.00832903774566198,0.009061903501071833,0.009778901481176671,0.0,0.013929953747063763,0.32566476898113866,1.3074067697962868,51,10000,0.013036211909147622,2.904151223853714,2.524109027120694,-5.415224039065322,-5.833275382689486,-5.407309085743789,-5.001531082895325,1.0
price_spell_round_trips,all_spreads,queue_and_ofi,1.0,1.0,1.0,0.0,100,10,500,2019-01-02,2019-10-17,2019-10-18,2019-12-31,7649651,2198301,2198301,2175478,22798,0.010382108728513528,0.9895204640083697,0.5191683481007106,0.5552904807510204,0.5417724870252072,0.6886355825331553,0.24773821578442354,0.25000198706756166,51,10000,0.009055013160860548,0.00832903774566198,0.009061903501071833,0.009778901481176671,0.0,0.013929953747063763,0.32566476898113866,1.3074067697962868,51,10000,0.011777090647520453,2.906875176151567,2.527508661444795,-5.422606746948983,-5.842488675721873,-5.414390492153397,-5.007700072529454,1.0
price_spell_round_trips,all_spreads,queue_and_ofi,1.0,1.0,1.0,0.0,100,100,500,2019-01-02,2019-10-17,2019-10-18,2019-12-31,7649651,2198301,2198301,2044491,21874,0.06996767048734454,0.9893010045042996,0.5193380268812289,0.5552904807510204,0.5417724870252072,0.6886355825331553,0.24773821578442354,0.25000198706756166,51,10000,0.009055013160860548,0.00832903774566198,0.009061903501071833,0.009778901481176671,0.0,0.013929953747063763,0.32566476898113866,1.3074067697962868,51,10000,0.01117159234100411,2.9244677226500704,2.5480573193688922,-5.4613534496781355,-5.880569026910078,-5.453429710325835,-5.0459252045394205,1.0
price_spell_round_trips,all_spreads,queue_and_ofi,1.0,1.0,1.0,0.0,100,1000,500,2019-01-02,2019-10-17,2019-10-18,2019-12-31,7649651,2198301,2198301,1564677,18137,0.2882335039651076,0.9884084702465749,0.518387825991068,0.5552904807510204,0.5417724870252072,0.6886355825331553,0.24773821578442354,0.25000198706756166,51,10000,0.009055013160860548,0.00832903774566198,0.009061903501071833,0.009778901481176671,0.0,0.013929953747063763,0.32566476898113866,1.3074067697962868,51,10000,0.0026430707728164857,2.9412679761528313,2.561309510670799,-5.499934416050326,-5.924845150298649,-5.491535773646142,-5.077090736369445,1.0
price_spell_round_trips,all_spreads,queue_and_ofi,1.0,1.0,1.0,0.0,100,10000,500,2019-01-02,2019-10-17,2019-10-18,2019-12-31,7649651,2198301,2198301,1176470,14581,0.46482761004976114,0.9876061438030719,0.523352307797819,0.5552904807510204,0.5417724870252072,0.6886355825331553,0.24773821578442354,0.25000198706756166,51,10000,0.009055013160860548,0.00832903774566198,0.009061903501071833,0.009778901481176671,0.0,0.013929953747063763,0.32566476898113866,1.3074067697962868,51,10000,0.008965744045276275,2.8526702817237393,2.479589373455754,-5.323293911133896,-5.724962591683879,-5.315271995432297,-4.918477732606296,1.0
price_spell_round_trips,one_tick,ofi,0.05,0.05529834607535561,0.064771294279491,0.1704866648880598,100,0,1,2019-01-02,2019-10-17,2019-10-18,2019-12-31,65662,8723,565,565,565,0.0,0.0,0.6106194690265486,0.5704785789111119,0.5051014559211281,0.6802811294249136,0.2437540971247363,0.250124673402623,51,10000,0.025469603582978784,0.020007562652970105,0.025446821594099778,0.030591566696448254,0.0,0.011779989738021843,,1.865598031867981,51,10000,0.44795448863573273,0.14716884123859114,0.9153242030814619,-0.6145385556843593,-0.6815542143844019,-0.6145584077416579,-0.561155284510917,1.0
price_spell_round_trips,one_tick,ofi,0.05,0.05529834607535561,0.064771294279491,0.1704866648880598,100,10,1,2019-01-02,2019-10-17,2019-10-18,2019-12-31,65662,8723,565,488,488,0.13628318584070798,0.0,0.6209016393442623,0.5704785789111119,0.5051014559211281,0.6802811294249136,0.2437540971247363,0.250124673402623,51,10000,0.025469603582978784,0.020007562652970105,0.025446821594099778,0.030591566696448254,0.0,0.011779989738021843,,1.865598031867981,51,10000,0.41418041661184424,0.14691707425923156,0.902426860553588,-0.6351635182009938,-0.7057007970288282,-0.6350527678727063,-0.5778808022540661,1.0
price_spell_round_trips,one_tick,ofi,0.05,0.05529834607535561,0.064771294279491,0.1704866648880598,100,100,1,2019-01-02,2019-10-17,2019-10-18,2019-12-31,65662,8723,565,266,266,0.5292035398230088,0.0,0.650375939849624,0.5704785789111119,0.5051014559211281,0.6802811294249136,0.2437540971247363,0.250124673402623,51,10000,0.025469603582978784,0.020007562652970105,0.025446821594099778,0.030591566696448254,0.0,0.011779989738021843,,1.865598031867981,51,10000,0.24245644954938347,0.14714545336416163,0.8267290967535188,-0.7314181005681052,-0.8405370124700731,-0.73085853743424,-0.6435485728238374,1.0
price_spell_round_trips,one_tick,ofi,0.05,0.05529834607535561,0.064771294279491,0.1704866648880598,100,1000,1,2019-01-02,2019-10-17,2019-10-18,2019-12-31,65662,8723,565,68,68,0.879646017699115,0.0,0.7058823529411765,0.5704785789111119,0.5051014559211281,0.6802811294249136,0.2437540971247363,0.250124673402623,51,10000,0.025469603582978784,0.020007562652970105,0.025446821594099778,0.030591566696448254,0.0,0.011779989738021843,,1.865598031867981,51,10000,0.003691973420529404,0.14909917255107355,0.6096549300984558,-0.7550621292287206,-0.9684063660479815,-0.7487805771293302,-0.5683261206944269,1.0
price_spell_round_trips,one_tick,ofi,0.05,0.05529834607535561,0.064771294279491,0.1704866648880598,100,10000,1,2019-01-02,2019-10-17,2019-10-18,2019-12-31,65662,8723,565,31,31,0.9451327433628318,0.0,0.6451612903225806,0.5704785789111119,0.5051014559211281,0.6802811294249136,0.2437540971247363,0.250124673402623,51,10000,0.025469603582978784,0.020007562652970105,0.025446821594099778,0.030591566696448254,0.0,0.011779989738021843,,1.865598031867981,51,10000,-0.3099071525233549,0.14673932889232258,0.6277549048540324,-1.084401386269484,-1.5722677242555354,-1.067781296471987,-0.7024209542262518,1.0
price_spell_round_trips,one_tick,ofi,0.05,0.05529834607535561,0.064771294279491,0.1704866648880598,100,0,100,2019-01-02,2019-10-17,2019-10-18,2019-12-31,65662,8723,565,565,300,0.0,0.4690265486725663,0.6333333333333333,0.5704785789111119,0.5051014559211281,0.6802811294249136,0.2437540971247363,0.250124673402623,51,10000,0.025469603582978784,0.020007562652970105,0.025446821594099778,0.030591566696448254,0.0,0.011779989738021843,,1.865598031867981,51,10000,0.5027944783284367,0.64308122604045,1.1748410869887336,-1.3151278347007966,-1.4938401283669316,-1.3149579764956547,-1.1388777315506804,1.0
price_spell_round_trips,one_tick,ofi,0.05,0.05529834607535561,0.064771294279491,0.1704866648880598,100,10,100,2019-01-02,2019-10-17,2019-10-18,2019-12-31,65662,8723,565,488,262,0.13628318584070798,0.46311475409836067,0.6335877862595419,0.5704785789111119,0.5051014559211281,0.6802811294249136,0.2437540971247363,0.250124673402623,51,10000,0.025469603582978784,0.020007562652970105,0.025446821594099778,0.030591566696448254,0.0,0.011779989738021843,,1.865598031867981,51,10000,0.4770068100320229,0.6196259105244162,1.2094324501655536,-1.3520515506580268,-1.5539004621238457,-1.3526156322036658,-1.164024983186488,1.0
price_spell_round_trips,one_tick,ofi,0.05,0.05529834607535561,0.064771294279491,0.1704866648880598,100,100,100,2019-01-02,2019-10-17,2019-10-18,2019-12-31,65662,8723,565,266,135,0.5292035398230088,0.49248120300751874,0.6518518518518519,0.5704785789111119,0.5051014559211281,0.6802811294249136,0.2437540971247363,0.250124673402623,51,10000,0.025469603582978784,0.020007562652970105,0.025446821594099778,0.030591566696448254,0.0,0.011779989738021843,,1.865598031867981,51,10000,0.29845292436362963,0.44804705086704444,1.0656203615675703,-1.2152144880711186,-1.4632431467512854,-1.2148477276187584,-1.0115752289922437,1.0
price_spell_round_trips,one_tick,ofi,0.05,0.05529834607535561,0.064771294279491,0.1704866648880598,100,1000,100,2019-01-02,2019-10-17,2019-10-18,2019-12-31,65662,8723,565,68,36,0.879646017699115,0.47058823529411764,0.6666666666666666,0.5704785789111119,0.5051014559211281,0.6802811294249136,0.2437540971247363,0.250124673402623,51,10000,0.025469603582978784,0.020007562652970105,0.025446821594099778,0.030591566696448254,0.0,0.011779989738021843,,1.865598031867981,51,10000,-0.014474545424833334,0.3633164212465555,0.6976874114980277,-1.0754783781698334,-1.3852871411510461,-1.0642751855155712,-0.8176124353254606,1.0
price_spell_round_trips,one_tick,ofi,0.05,0.05529834607535561,0.064771294279491,0.1704866648880598,100,10000,100,2019-01-02,2019-10-17,2019-10-18,2019-12-31,65662,8723,565,31,16,0.9451327433628318,0.4838709677419355,0.6875,0.5704785789111119,0.5051014559211281,0.6802811294249136,0.2437540971247363,0.250124673402623,51,10000,0.025469603582978784,0.020007562652970105,0.025446821594099778,0.030591566696448254,0.0,0.011779989738021843,,1.865598031867981,51,10000,-0.2695216631885625,0.4255110730135625,0.7212449770823125,-1.4162777132848126,-2.1911241118986267,-1.3908319765327666,-0.8174460903312181,1.0
price_spell_round_trips,one_tick,ofi,0.05,0.05529834607535561,0.064771294279491,0.1704866648880598,100,0,500,2019-01-02,2019-10-17,2019-10-18,2019-12-31,65662,8723,565,565,6,0.0,0.9893805309734514,0.6666666666666666,0.5704785789111119,0.5051014559211281,0.6802811294249136,0.2437540971247363,0.250124673402623,51,10000,0.025469603582978784,0.020007562652970105,0.025446821594099778,0.030591566696448254,0.0,0.011779989738021843,,1.865598031867981,51,10000,1.0782864082163333,0.33705612388500006,1.8099525448788334,-1.068722260548,-2.0367760752033996,-1.0259794309974581,-0.36347916475633335,1.0
price_spell_round_trips,one_tick,ofi,0.05,0.05529834607535561,0.064771294279491,0.1704866648880598,100,10,500,2019-01-02,2019-10-17,2019-10-18,2019-12-31,65662,8723,565,488,6,0.13628318584070798,0.9877049180327869,0.6666666666666666,0.5704785789111119,0.5051014559211281,0.6802811294249136,0.2437540971247363,0.250124673402623,51,10000,0.025469603582978784,0.020007562652970105,0.025446821594099778,0.030591566696448254,0.0,0.011779989738021843,,1.865598031867981,51,10000,1.0782864082163333,0.33705612388500006,1.8099525448788334,-1.068722260548,-2.0367760752033996,-1.0259794309974581,-0.36347916475633335,1.0
price_spell_round_trips,one_tick,ofi,0.05,0.05529834607535561,0.064771294279491,0.1704866648880598,100,100,500,2019-01-02,2019-10-17,2019-10-18,2019-12-31,65662,8723,565,266,4,0.5292035398230088,0.9849624060150376,0.75,0.5704785789111119,0.5051014559211281,0.6802811294249136,0.2437540971247363,0.250124673402623,51,10000,0.025469603582978784,0.020007562652970105,0.025446821594099778,0.030591566696448254,0.0,0.011779989738021843,,1.865598031867981,51,10000,-0.157242919073,0.2931116995115,0.75666961131325,-1.2070242298965,-3.12683270851,-1.145195776035,-0.330368157912,1.0
price_spell_round_trips,one_tick,ofi,0.05,0.05529834607535561,0.064771294279491,0.1704866648880598,100,1000,500,2019-01-02,2019-10-17,2019-10-18,2019-12-31,65662,8723,565,68,1,0.879646017699115,0.9852941176470589,1.0,0.5704785789111119,0.5051014559211281,0.6802811294249136,0.2437540971247363,0.250124673402623,51,10000,0.025469603582978784,0.020007562652970105,0.025446821594099778,0.030591566696448254,0.0,0.011779989738021843,,1.865598031867981,51,10000,-1.23727156874,0.528562414165,1.36099872561,-3.12683270851,-3.12683270851,-3.12683270851,-3.12683270851,1.0
price_spell_round_trips,one_tick,ofi,0.05,0.05529834607535561,0.064771294279491,0.1704866648880598,100,10000,500,2019-01-02,2019-10-17,2019-10-18,2019-12-31,65662,8723,565,31,0,0.9451327433628318,1.0,,0.5704785789111119,0.5051014559211281,0.6802811294249136,0.2437540971247363,0.250124673402623,51,10000,0.025469603582978784,0.020007562652970105,0.025446821594099778,0.030591566696448254,0.0,0.011779989738021843,,1.865598031867981,51,0,,,,,,,,
price_spell_round_trips,one_tick,ofi,0.1,0.10784015107672626,0.10500974435400665,0.1208657811028212,100,0,1,2019-01-02,2019-10-17,2019-10-18,2019-12-31,65662,8723,916,916,916,0.0,0.0,0.6670305676855895,0.5704785789111119,0.5051014559211281,0.6802811294249136,0.2437540971247363,0.250124673402623,51,10000,0.025469603582978784,0.020007562652970105,0.025446821594099778,0.030591566696448254,0.0,0.011779989738021843,,1.865598031867981,51,10000,0.38181097802017966,0.1473839087009225,0.8913439145912629,-0.656916845272071,-0.7348107737906787,-0.6569573431517343,-0.5914925997667041,1.0
price_spell_round_trips,one_tick,ofi,0.1,0.10784015107672626,0.10500974435400665,0.1208657811028212,100,10,1,2019-01-02,2019-10-17,2019-10-18,2019-12-31,65662,8723,916,808,808,0.11790393013100442,0.0,0.6745049504950495,0.5704785789111119,0.5051014559211281,0.6802811294249136,0.2437540971247363,0.250124673402623,51,10000,0.025469603582978784,0.020007562652970105,0.025446821594099778,0.030591566696448254,0.0,0.011779989738021843,,1.865598031867981,51,10000,0.34707142561343396,0.14730525113281928,0.8747606782595878,-0.6749945037790136,-0.7580693098658452,-0.675167512999538,-0.6037487513286913,1.0
price_spell_round_trips,one_tick,ofi,0.1,0.10784015107672626,0.10500974435400665,0.1208657811028212,100,100,1,2019-01-02,2019-10-17,2019-10-18,2019-12-31,65662,8723,916,506,506,0.44759825327510916,0.0,0.7094861660079052,0.5704785789111119,0.5051014559211281,0.6802811294249136,0.2437540971247363,0.250124673402623,51,10000,0.025469603582978784,0.020007562652970105,0.025446821594099778,0.030591566696448254,0.0,0.011779989738021843,,1.865598031867981,51,10000,0.19129939736194743,0.14752565097914822,0.7932852263551977,-0.7495114799723676,-0.8606493512273736,-0.7493369133048693,-0.6568083981566277,1.0
price_spell_round_trips,one_tick,ofi,0.1,0.10784015107672626,0.10500974435400665,0.1208657811028212,100,1000,1,2019-01-02,2019-10-17,2019-10-18,2019-12-31,65662,8723,916,149,149,0.8373362445414847,0.0,0.7449664429530202,0.5704785789111119,0.5051014559211281,0.6802811294249136,0.2437540971247363,0.250124673402623,51,10000,0.025469603582978784,0.020007562652970105,0.025446821594099778,0.030591566696448254,0.0,0.011779989738021843,,1.865598031867981,51,10000,0.08605272761222814,0.14897788421397987,0.654506758363208,-0.7174319149647852,-0.9153922128681025,-0.7112595248110317,-0.5684431969228839,1.0
price_spell_round_trips,one_tick,ofi,0.1,0.10784015107672626,0.10500974435400665,0.1208657811028212,100,10000,1,2019-01-02,2019-10-17,2019-10-18,2019-12-31,65662,8723,916,83,83,0.9093886462882096,0.0,0.7349397590361446,0.5704785789111119,0.5051014559211281,0.6802811294249136,0.2437540971247363,0.250124673402623,51,10000,0.025469603582978784,0.020007562652970105,0.025446821594099778,0.030591566696448254,0.0,0.011779989738021843,,1.865598031867981,51,10000,-0.08457563937531326,0.14795422669940964,0.6237555075315663,-0.8562853736062529,-1.214637732687987,-0.8452781345320008,-0.6086477335544963,1.0
price_spell_round_trips,one_tick,ofi,0.1,0.10784015107672626,0.10500974435400665,0.1208657811028212,100,0,100,2019-01-02,2019-10-17,2019-10-18,2019-12-31,65662,8723,916,916,536,0.0,0.41484716157205237,0.6865671641791045,0.5704785789111119,0.5051014559211281,0.6802811294249136,0.2437540971247363,0.250124673402623,51,10000,0.025469603582978784,0.020007562652970105,0.025446821594099778,0.030591566696448254,0.0,0.011779989738021843,,1.865598031867981,51,10000,0.4129636224923433,0.5199393071927761,1.0971858890146866,-1.2041615737150353,-1.357835673383497,-1.2042021389142197,-1.057242402128617,1.0
price_spell_round_trips,one_tick,ofi,0.1,0.10784015107672626,0.10500974435400665,0.1208657811028212,100,10,100,2019-01-02,2019-10-17,2019-10-18,2019-12-31,65662,8723,916,808,479,0.11790393013100442,0.4071782178217822,0.6889352818371608,0.5704785789111119,0.5051014559211281,0.6802811294249136,0.2437540971247363,0.250124673402623,51,10000,0.025469603582978784,0.020007562652970105,0.025446821594099778,0.030591566696448254,0.0,0.011779989738021843,,1.865598031867981,51,10000,0.37458087768284964,0.4938762736840272,1.1126815794876326,-1.2319769754887286,-1.399550487219441,-1.2317210081638232,-1.078528686704512,1.0
price_spell_round_trips,one_tick,ofi,0.1,0.10784015107672626,0.10500974435400665,0.1208657811028212,100,100,100,2019-01-02,2019-10-17,2019-10-18,2019-12-31,65662,8723,916,506,297,0.44759825327510916,0.4130434782608695,0.7306397306397306,0.5704785789111119,0.5051014559211281,0.6802811294249136,0.2437540971247363,0.250124673402623,51,10000,0.025469603582978784,0.020007562652970105,0.025446821594099778,0.030591566696448254,0.0,0.011779989738021843,,1.865598031867981,51,10000,0.2246301516805258,0.3804843927420033,0.9820660848676362,-1.13792032592898,-1.3379089653682075,-1.13563069485543,-0.9805505610402128,1.0
price_spell_round_trips,one_tick,ofi,0.1,0.10784015107672626,0.10500974435400665,0.1208657811028212,100,1000,100,2019-01-02,2019-10-17,2019-10-18,2019-12-31,65662,8723,916,149,85,0.8373362445414847,0.4295302013422819,0.7411764705882353,0.5704785789111119,0.5051014559211281,0.6802811294249136,0.2437540971247363,0.250124673402623,51,10000,0.025469603582978784,0.020007562652970105,0.025446821594099778,0.030591566696448254,0.0,0.011779989738021843,,1.865598031867981,51,10000,0.0824422584336234,0.34107348593700004,0.7709793094032471,-1.0296105369066706,-1.3314973875607836,-1.019371315695075,-0.8119318116887465,1.0
price_spell_round_trips,one_tick,ofi,0.1,0.10784015107672626,0.10500974435400665,0.1208657811028212,100,10000,100,2019-01-02,2019-10-17,2019-10-18,2019-12-31,65662,8723,916,83,47,0.9093886462882096,0.4337349397590361,0.7659574468085106,0.5704785789111119,0.5051014559211281,0.6802811294249136,0.2437540971247363,0.250124673402623,51,10000,0.025469603582978784,0.020007562652970105,0.025446821594099778,0.030591566696448254,0.0,0.011779989738021843,,1.865598031867981,51,10000,-0.12960475533636168,0.39233044947387236,0.7085692306762978,-1.230504435486851,-1.7510639774532266,-1.208457580167226,-0.8619826003347164,1.0
price_spell_round_trips,one_tick,ofi,0.1,0.10784015107672626,0.10500974435400665,0.1208657811028212,100,0,500,2019-01-02,2019-10-17,2019-10-18,2019-12-31,65662,8723,916,916,15,0.0,0.9836244541484717,0.8,0.5704785789111119,0.5051014559211281,0.6802811294249136,0.2437540971247363,0.250124673402623,51,10000,0.025469603582978784,0.020007562652970105,0.025446821594099778,0.030591566696448254,0.0,0.011779989738021843,,1.865598031867981,51,10000,-0.017869501638666616,0.330760147629,1.4319192716751334,-1.7805489209436665,-3.035400202809518,-1.7225095050594326,-0.7661389447639974,1.0
price_spell_round_trips,one_tick,ofi,0.1,0.10784015107672626,0.10500974435400665,0.1208657811028212,100,10,500,2019-01-02,2019-10-17,2019-10-18,2019-12-31,65662,8723,916,808,14,0.11790393013100442,0.9826732673267327,0.7857142857142857,0.5704785789111119,0.5051014559211281,0.6802811294249136,0.2437540971247363,0.250124673402623,51,10000,0.025469603582978784,0.020007562652970105,0.025446821594099778,0.030591566696448254,0.0,0.011779989738021843,,1.865598031867981,51,10000,-0.02984504103492852,0.3394498640544286,1.5128009268077143,-1.8820958318980714,-3.155415843681017,-1.8229543232457845,-0.7910204268377997,1.0
price_spell_round_trips,one_tick,ofi,0.1,0.10784015107672626,0.10500974435400665,0.1208657811028212,100,100,500,2019-01-02,2019-10-17,2019-10-18,2019-12-31,65662,8723,916,506,11,0.44759825327510916,0.9782608695652174,0.8181818181818182,0.5704785789111119,0.5051014559211281,0.6802811294249136,0.2437540971247363,0.250124673402623,51,10000,0.025469603582978784,0.020007562652970105,0.025446821594099778,0.030591566696448254,0.0,0.011779989738021843,,1.865598031867981,51,10000,-0.6941398695145454,0.3439445715379091,1.191649129284091,-2.229733570337091,-4.005527065750065,-2.1453275577673003,-0.9378699067157501,1.0
price_spell_round_trips,one_tick,ofi,0.1,0.10784015107672626,0.10500974435400665,0.1208657811028212,100,1000,500,2019-01-02,2019-10-17,2019-10-18,2019-12-31,65662,8723,916,149,5,0.8373362445414847,0.9664429530201343,0.8,0.5704785789111119,0.5051014559211281,0.6802811294249136,0.2437540971247363,0.250124673402623,51,10000,0.025469603582978784,0.020007562652970105,0.025446821594099778,0.030591566696448254,0.0,0.011779989738021843,,1.865598031867981,51,10000,-1.6495697961171998,0.41591083439579996,1.8699780966300001,-3.9354587271442,-7.294622502316667,-3.7657271802584,-1.5521395009905001,1.0
price_spell_round_trips,one_tick,ofi,0.1,0.10784015107672626,0.10500974435400665,0.1208657811028212,100,10000,500,2019-01-02,2019-10-17,2019-10-18,2019-12-31,65662,8723,916,83,3,0.9093886462882096,0.963855421686747,0.6666666666666666,0.5704785789111119,0.5051014559211281,0.6802811294249136,0.2437540971247363,0.250124673402623,51,10000,0.025469603582978784,0.020007562652970105,0.025446821594099778,0.030591566696448254,0.0,0.011779989738021843,,1.865598031867981,51,10000,-1.9284562478319998,0.2955967854823333,2.0809898017133333,-4.305042835028,-9.83181635359,-4.305042835028,-0.846042302114,1.0
price_spell_round_trips,one_tick,ofi,0.2,0.23004172885382718,0.18697695746876075,0.06279231011322162,100,0,1,2019-01-02,2019-10-17,2019-10-18,2019-12-31,65662,8723,1631,1631,1631,0.0,0.0,0.627835683629675,0.5704785789111119,0.5051014559211281,0.6802811294249136,0.2437540971247363,0.250124673402623,51,10000,0.025469603582978784,0.020007562652970105,0.025446821594099778,0.030591566696448254,0.0,0.011779989738021843,,1.865598031867981,51,10000,0.3204603277776701,0.14765920629848006,0.8816253340553648,-0.7088242125762282,-0.7708864552361407,-0.7088231578547748,-0.6485475588238704,1.0
price_spell_round_trips,one_tick,ofi,0.2,0.23004172885382718,0.18697695746876075,0.06279231011322162,100,10,1,2019-01-02,2019-10-17,2019-10-18,2019-12-31,65662,8723,1631,1476,1476,0.0950337216431637,0.0,0.6280487804878049,0.5704785789111119,0.5051014559211281,0.6802811294249136,0.2437540971247363,0.250124673402623,51,10000,0.025469603582978784,0.020007562652970105,0.025446821594099778,0.030591566696448254,0.0,0.011779989738021843,,1.865598031867981,51,10000,0.29094998611857115,0.14768090396546749,0.8728285398646634,-0.7295594577116084,-0.7972428754455891,-0.7298404651640036,-0.6637444084716713,1.0
price_spell_round_trips,one_tick,ofi,0.2,0.23004172885382718,0.18697695746876075,0.06279231011322162,100,100,1,2019-01-02,2019-10-17,2019-10-18,2019-12-31,65662,8723,1631,1007,1007,0.38258736971183327,0.0,0.6464746772591857,0.5704785789111119,0.5051014559211281,0.6802811294249136,0.2437540971247363,0.250124673402623,51,10000,0.025469603582978784,0.020007562652970105,0.025446821594099778,0.030591566696448254,0.0,0.011779989738021843,,1.865598031867981,51,10000,0.18869600077947846,0.1476896115569295,0.8020662775985016,-0.761059888376006,-0.8330696740795139,-0.7608132312103623,-0.6944059829013127,1.0
price_spell_round_trips,one_tick,ofi,0.2,0.23004172885382718,0.18697695746876075,0.06279231011322162,100,1000,1,2019-01-02,2019-10-17,2019-10-18,2019-12-31,65662,8723,1631,310,310,0.8099325567136726,0.0,0.6645161290322581,0.5704785789111119,0.5051014559211281,0.6802811294249136,0.2437540971247363,0.250124673402623,51,10000,0.025469603582978784,0.020007562652970105,0.025446821594099778,0.030591566696448254,0.0,0.011779989738021843,,1.865598031867981,51,10000,0.13759655703252444,0.14874734941519357,0.6769614481788582,-0.6881122405615936,-0.7935761640376441,-0.6855162111435449,-0.6012130144634088,1.0
price_spell_round_trips,one_tick,ofi,0.2,0.23004172885382718,0.18697695746876075,0.06279231011322162,100,10000,1,2019-01-02,2019-10-17,2019-10-18,2019-12-31,65662,8723,1631,168,168,0.8969957081545065,0.0,0.6666666666666666,0.5704785789111119,0.5051014559211281,0.6802811294249136,0.2437540971247363,0.250124673402623,51,10000,0.025469603582978784,0.020007562652970105,0.025446821594099778,0.030591566696448254,0.0,0.011779989738021843,,1.865598031867981,51,10000,0.04835079345213692,0.14751939285567855,0.6563165157316488,-0.7554851151353512,-0.9412241951866657,-0.7500644014714948,-0.608249495452396,1.0
price_spell_round_trips,one_tick,ofi,0.2,0.23004172885382718,0.18697695746876075,0.06279231011322162,100,0,100,2019-01-02,2019-10-17,2019-10-18,2019-12-31,65662,8723,1631,1631,1034,0.0,0.3660331085223789,0.6392649903288201,0.5704785789111119,0.5051014559211281,0.6802811294249136,0.2437540971247363,0.250124673402623,51,10000,0.025469603582978784,0.020007562652970105,0.025446821594099778,0.030591566696448254,0.0,0.011779989738021843,,1.865598031867981,51,10000,0.3912424319647635,0.4445241597873588,1.0748628186690552,-1.1281445464916278,-1.2408178026754675,-1.1275139952421562,-1.0183842277753774,1.0
price_spell_round_trips,one_tick,ofi,0.2,0.23004172885382718,0.18697695746876075,0.06279231011322162,100,10,100,2019-01-02,2019-10-17,2019-10-18,2019-12-31,65662,8723,1631,1476,944,0.0950337216431637,0.3604336043360433,0.6366525423728814,0.5704785789111119,0.5051014559211281,0.6802811294249136,0.2437540971247363,0.250124673402623,51,10000,0.025469603582978784,0.020007562652970105,0.025446821594099778,0.030591566696448254,0.0,0.011779989738021843,,1.865598031867981,51,10000,0.3615106240792421,0.4197220344920582,1.0863178639650106,-1.144529274377773,-1.2639367254432161,-1.1443993289165117,-1.0325601249669416,1.0
price_spell_round_trips,one_tick,ofi,0.2,0.23004172885382718,0.18697695746876075,0.06279231011322162,100,100,100,2019-01-02,2019-10-17,2019-10-18,2019-12-31,65662,8723,1631,1007,652,0.38258736971183327,0.35253227408142995,0.6487730061349694,0.5704785789111119,0.5051014559211281,0.6802811294249136,0.2437540971247363,0.250124673402623,51,10000,0.025469603582978784,0.020007562652970105,0.025446821594099778,0.030591566696448254,0.0,0.011779989738021843,,1.865598031867981,51,10000,0.25641439307927416,0.33694609601874687,0.979718079010718,-1.0602497819501533,-1.1729670035745674,-1.0600535975093157,-0.9612043579185476,1.0
price_spell_round_trips,one_tick,ofi,0.2,0.23004172885382718,0.18697695746876075,0.06279231011322162,100,1000,100,2019-01-02,2019-10-17,2019-10-18,2019-12-31,65662,8723,1631,310,194,0.8099325567136726,0.37419354838709673,0.6597938144329897,0.5704785789111119,0.5051014559211281,0.6802811294249136,0.2437540971247363,0.250124673402623,51,10000,0.025469603582978784,0.020007562652970105,0.025446821594099778,0.030591566696448254,0.0,0.011779989738021843,,1.865598031867981,51,10000,0.18363079672535343,0.3266336758965,0.8020752505730978,-0.9450781297444175,-1.0961494263325358,-0.940654731041873,-0.8208435121122452,1.0
price_spell_round_trips,one_tick,ofi,0.2,0.23004172885382718,0.18697695746876075,0.06279231011322162,100,10000,100,2019-01-02,2019-10-17,2019-10-18,2019-12-31,65662,8723,1631,168,102,0.8969957081545065,0.3928571428571429,0.6764705882352942,0.5704785789111119,0.5051014559211281,0.6802811294249136,0.2437540971247363,0.250124673402623,51,10000,0.025469603582978784,0.020007562652970105,0.025446821594099778,0.030591566696448254,0.0,0.011779989738021843,,1.865598031867981,51,10000,0.05106073784372548,0.3829240675426471,0.758332757943196,-1.090196087642304,-1.344897867179505,-1.0804828825503252,-0.8686379748719905,1.0
price_spell_round_trips,one_tick,ofi,0.2,0.23004172885382718,0.18697695746876075,0.06279231011322162,100,0,500,2019-01-02,2019-10-17,2019-10-18,2019-12-31,65662,8723,1631,1631,35,0.0,0.9785407725321889,0.6571428571428571,0.5704785789111119,0.5051014559211281,0.6802811294249136,0.2437540971247363,0.250124673402623,51,10000,0.025469603582978784,0.020007562652970105,0.025446821594099778,0.030591566696448254,0.0,0.011779989738021843,,1.865598031867981,51,10000,0.00044171879251429276,0.37347462924937147,1.3580164937841712,-1.7310494042422855,-2.3227262929482344,-1.7100872076707698,-1.1719231655356204,1.0
price_spell_round_trips,one_tick,ofi,0.2,0.23004172885382718,0.18697695746876075,0.06279231011322162,100,10,500,2019-01-02,2019-10-17,2019-10-18,2019-12-31,65662,8723,1631,1476,32,0.0950337216431637,0.978319783197832,0.625,0.5704785789111119,0.5051014559211281,0.6802811294249136,0.2437540971247363,0.250124673402623,51,10000,0.025469603582978784,0.020007562652970105,0.025446821594099778,0.030591566696448254,0.0,0.011779989738021843,,1.865598031867981,51,10000,0.013784765669687518,0.40142310923556246,1.3821113623638126,-1.7697497059308125,-2.438066191109487,-1.7441765888054586,-1.1916056157826571,1.0
price_spell_round_trips,one_tick,ofi,0.2,0.23004172885382718,0.18697695746876075,0.06279231011322162,100,100,500,2019-01-02,2019-10-17,2019-10-18,2019-12-31,65662,8723,1631,1007,29,0.38258736971183327,0.971201588877855,0.6206896551724138,0.5704785789111119,0.5051014559211281,0.6802811294249136,0.2437540971247363,0.250124673402623,51,10000,0.025469603582978784,0.020007562652970105,0.025446821594099778,0.030591566696448254,0.0,0.011779989738021843,,1.865598031867981,51,10000,-0.2336757065083103,0.40994763948120694,1.2467755531882414,-1.8903988991786553,-2.7283433121230125,-1.8595917262865083,-1.2431673582013822,1.0
price_spell_round_trips,one_tick,ofi,0.2,0.23004172885382718,0.18697695746876075,0.06279231011322162,100,1000,500,2019-01-02,2019-10-17,2019-10-18,2019-12-31,65662,8723,1631,310,14,0.8099325567136726,0.9548387096774194,0.6428571428571429,0.5704785789111119,0.5051014559211281,0.6802811294249136,0.2437540971247363,0.250124673402623,51,10000,0.025469603582978784,0.020007562652970105,0.025446821594099778,0.030591566696448254,0.0,0.011779989738021843,,1.865598031867981,51,10000,-0.3922766627740714,0.393469491873,1.396485713554643,-2.1822318682029285,-3.7733878738338844,-2.1160332573957827,-1.0060971579534952,1.0
price_spell_round_trips,one_tick,ofi,0.2,0.23004172885382718,0.18697695746876075,0.06279231011322162,100,10000,500,2019-01-02,2019-10-17,2019-10-18,2019-12-31,65662,8723,1631,168,11,0.8969957081545065,0.9345238095238095,0.5454545454545454,0.5704785789111119,0.5051014559211281,0.6802811294249136,0.2437540971247363,0.250124673402623,51,10000,0.025469603582978784,0.020007562652970105,0.025446821594099778,0.030591566696448254,0.0,0.011779989738021843,,1.865598031867981,51,10000,-0.3349720407314545,0.2620012699736364,1.421027967995,-2.0180012787012727,-4.1951243586805,-1.9296982551224997,-0.522221550497,1.0
price_spell_round_trips,one_tick,ofi,1.0,1.0,1.0,0.0,100,0,1,2019-01-02,2019-10-17,2019-10-18,2019-12-31,65662,8723,8723,8723,8723,0.0,0.0,0.8789407313997478,0.5704785789111119,0.5051014559211281,0.6802811294249136,0.2437540971247363,0.250124673402623,51,10000,0.025469603582978784,0.020007562652970105,0.025446821594099778,0.030591566696448254,0.0,0.011779989738021843,,1.865598031867981,51,10000,0.041390560038543876,0.14700219101175063,0.7516961005005934,-0.8573077314737634,-0.9251144619928776,-0.8576070260593298,-0.7965293788363826,1.0
price_spell_round_trips,one_tick,ofi,1.0,1.0,1.0,0.0,100,10,1,2019-01-02,2019-10-17,2019-10-18,2019-12-31,65662,8723,8723,8404,8404,0.03656998738965955,0.0,0.8844597810566397,0.5704785789111119,0.5051014559211281,0.6802811294249136,0.2437540971247363,0.250124673402623,51,10000,0.025469603582978784,0.020007562652970105,0.025446821594099778,0.030591566696448254,0.0,0.011779989738021843,,1.865598031867981,51,10000,0.028491518272945115,0.14694019700671823,0.7467334316576858,-0.8651821103914189,-0.9360959938385393,-0.8652757109466913,-0.8019610027664683,1.0
price_spell_round_trips,one_tick,ofi,1.0,1.0,1.0,0.0,100,100,1,2019-01-02,2019-10-17,2019-10-18,2019-12-31,65662,8723,8723,6933,6933,0.20520463143413958,0.0,0.9029280253858358,0.5704785789111119,0.5051014559211281,0.6802811294249136,0.2437540971247363,0.250124673402623,51,10000,0.025469603582978784,0.020007562652970105,0.025446821594099778,0.030591566696448254,0.0,0.011779989738021843,,1.865598031867981,51,10000,0.0014252667790746471,0.1466944228296817,0.7149115593731421,-0.8601807154237243,-0.9275580697349864,-0.860761609575337,-0.8015071416746598,1.0
price_spell_round_trips,one_tick,ofi,1.0,1.0,1.0,0.0,100,1000,1,2019-01-02,2019-10-17,2019-10-18,2019-12-31,65662,8723,8723,3063,3063,0.6488593373839275,0.0,0.9317662422461639,0.5704785789111119,0.5051014559211281,0.6802811294249136,0.2437540971247363,0.250124673402623,51,10000,0.025469603582978784,0.020007562652970105,0.025446821594099778,0.030591566696448254,0.0,0.011779989738021843,,1.865598031867981,51,10000,-0.0043935009527321595,0.147150355962652,0.6255764865776895,-0.7771203434930968,-0.8267927207957024,-0.7772165118791943,-0.7326663522442592,1.0
price_spell_round_trips,one_tick,ofi,1.0,1.0,1.0,0.0,100,10000,1,2019-01-02,2019-10-17,2019-10-18,2019-12-31,65662,8723,8723,1990,1990,0.7718674767855096,0.0,0.9391959798994974,0.5704785789111119,0.5051014559211281,0.6802811294249136,0.2437540971247363,0.250124673402623,51,10000,0.025469603582978784,0.020007562652970105,0.025446821594099778,0.030591566696448254,0.0,0.011779989738021843,,1.865598031867981,51,10000,-0.01985651921315732,0.14713401054394976,0.6233937686037759,-0.7903842983609092,-0.8413299556273363,-0.790431421412761,-0.7433206253436704,1.0
price_spell_round_trips,one_tick,ofi,1.0,1.0,1.0,0.0,100,0,100,2019-01-02,2019-10-17,2019-10-18,2019-12-31,65662,8723,8723,8723,5645,0.0,0.3528602544995988,0.8779450841452613,0.5704785789111119,0.5051014559211281,0.6802811294249136,0.2437540971247363,0.250124673402623,51,10000,0.025469603582978784,0.020007562652970105,0.025446821594099778,0.030591566696448254,0.0,0.011779989738021843,,1.865598031867981,51,10000,0.08831157626415619,0.3094484743992294,0.964249551740415,-1.185386449875406,-1.2846181543385948,-1.1855997830537617,-1.0922874723404836,1.0
price_spell_round_trips,one_tick,ofi,1.0,1.0,1.0,0.0,100,10,100,2019-01-02,2019-10-17,2019-10-18,2019-12-31,65662,8723,8723,8404,5446,0.03656998738965955,0.35197524988100903,0.8834006610356224,0.5704785789111119,0.5051014559211281,0.6802811294249136,0.2437540971247363,0.250124673402623,51,10000,0.025469603582978784,0.020007562652970105,0.025446821594099778,0.030591566696448254,0.0,0.011779989738021843,,1.865598031867981,51,10000,0.07502703898302275,0.30459847550457786,0.9632564552875629,-1.1928278918090267,-1.2927802209920778,-1.1928983035637275,-1.098689127017835,1.0
price_spell_round_trips,one_tick,ofi,1.0,1.0,1.0,0.0,100,100,100,2019-01-02,2019-10-17,2019-10-18,2019-12-31,65662,8723,8723,6933,4513,0.20520463143413958,0.3490552430405308,0.90006647462885,0.5704785789111119,0.5051014559211281,0.6802811294249136,0.2437540971247363,0.250124673402623,51,10000,0.025469603582978784,0.020007562652970105,0.025446821594099778,0.030591566696448254,0.0,0.011779989738021843,,1.865598031867981,51,10000,0.04202141535324619,0.28541310718520585,0.9204284553142642,-1.1638201471461591,-1.2538720817573066,-1.165080372273144,-1.0782489260143102,1.0
price_spell_round_trips,one_tick,ofi,1.0,1.0,1.0,0.0,100,1000,100,2019-01-02,2019-10-17,2019-10-18,2019-12-31,65662,8723,8723,3063,2062,0.6488593373839275,0.32680378713679403,0.9287099903006789,0.5704785789111119,0.5051014559211281,0.6802811294249136,0.2437540971247363,0.250124673402623,51,10000,0.025469603582978784,0.020007562652970105,0.025446821594099778,0.030591566696448254,0.0,0.011779989738021843,,1.865598031867981,51,10000,0.01810668957589912,0.2860169657138239,0.7915149400558719,-1.0594252161938842,-1.135316751361269,-1.0609359816557522,-0.989905047662524,1.0
price_spell_round_trips,one_tick,ofi,1.0,1.0,1.0,0.0,100,10000,100,2019-01-02,2019-10-17,2019-10-18,2019-12-31,65662,8723,8723,1990,1374,0.7718674767855096,0.3095477386934673,0.9395924308588064,0.5704785789111119,0.5051014559211281,0.6802811294249136,0.2437540971247363,0.250124673402623,51,10000,0.025469603582978784,0.020007562652970105,0.025446821594099778,0.030591566696448254,0.0,0.011779989738021843,,1.865598031867981,51,10000,-0.010052466779762832,0.30154203616989667,0.7745493099025252,-1.0861438128522578,-1.167222388321613,-1.0871539223416318,-1.0133892613642892,1.0
price_spell_round_trips,one_tick,ofi,1.0,1.0,1.0,0.0,100,0,500,2019-01-02,2019-10-17,2019-10-18,2019-12-31,65662,8723,8723,8723,329,0.0,0.9622836180213229,0.8875379939209727,0.5704785789111119,0.5051014559211281,0.6802811294249136,0.2437540971247363,0.250124673402623,51,10000,0.025469603582978784,0.020007562652970105,0.025446821594099778,0.030591566696448254,0.0,0.011779989738021843,,1.865598031867981,51,10000,0.03706174934617004,0.5270249443947599,1.036243516572699,-1.526206711621401,-1.9162523732794399,-1.519703356209788,-1.2606850280981792,1.0
price_spell_round_trips,one_tick,ofi,1.0,1.0,1.0,0.0,100,10,500,2019-01-02,2019-10-17,2019-10-18,2019-12-31,65662,8723,8723,8404,319,0.03656998738965955,0.9620418848167539,0.890282131661442,0.5704785789111119,0.5051014559211281,0.6802811294249136,0.2437540971247363,0.250124673402623,51,10000,0.025469603582978784,0.020007562652970105,0.025446821594099778,0.030591566696448254,0.0,0.011779989738021843,,1.865598031867981,51,10000,0.010524722176454377,0.5148428852542885,1.0114036597185299,-1.5157218227965048,-1.9040368472027436,-1.5108309576224461,-1.2507061714609544,1.0
price_spell_round_trips,one_tick,ofi,1.0,1.0,1.0,0.0,100,100,500,2019-01-02,2019-10-17,2019-10-18,2019-12-31,65662,8723,8723,6933,300,0.20520463143413958,0.9567286888792731,0.89,0.5704785789111119,0.5051014559211281,0.6802811294249136,0.2437540971247363,0.250124673402623,51,10000,0.025469603582978784,0.020007562652970105,0.025446821594099778,0.030591566696448254,0.0,0.011779989738021843,,1.865598031867981,51,10000,-0.010943822481177628,0.5187452789835466,1.0024197961781836,-1.5321088976428667,-1.9144402941604324,-1.5277177016506276,-1.2766888131110157,1.0
price_spell_round_trips,one_tick,ofi,1.0,1.0,1.0,0.0,100,1000,500,2019-01-02,2019-10-17,2019-10-18,2019-12-31,65662,8723,8723,3063,194,0.6488593373839275,0.9366634018935684,0.9020618556701031,0.5704785789111119,0.5051014559211281,0.6802811294249136,0.2437540971247363,0.250124673402623,51,10000,0.025469603582978784,0.020007562652970105,0.025446821594099778,0.030591566696448254,0.0,0.011779989738021843,,1.865598031867981,51,10000,-0.06609769869988633,0.5303112041381804,1.0116512074486084,-1.608060110287067,-2.1480265431352508,-1.6050120029436439,-1.2726449728687366,1.0
price_spell_round_trips,one_tick,ofi,1.0,1.0,1.0,0.0,100,10000,500,2019-01-02,2019-10-17,2019-10-18,2019-12-31,65662,8723,8723,1990,150,0.7718674767855096,0.9246231155778895,0.8866666666666667,0.5704785789111119,0.5051014559211281,0.6802811294249136,0.2437540971247363,0.250124673402623,51,10000,0.025469603582978784,0.020007562652970105,0.025446821594099778,0.030591566696448254,0.0,0.011779989738021843,,1.865598031867981,51,10000,-0.09396259485405963,0.5142316639074134,1.0494450059010534,-1.65763926466234,-2.334436280421719,-1.654418406233519,-1.258587735107406,1.0
price_spell_round_trips,one_tick,queue,0.05,0.10059090493740672,0.14215292903817495,0.1726724210482216,100,0,1,2019-01-02,2019-10-17,2019-10-18,2019-12-31,65662,8723,1240,1240,1240,0.0,0.0,0.4032258064516129,0.6223821921869016,0.5931445603576752,0.6694922416576429,0.2383077094672348,0.250124673402623,51,10000,0.047244295313348506,0.03305958485909457,0.04701073042967446,0.062718149051315,0.0,0.006313563319999375,0.7508309431602468,,51,10000,0.09863794006497811,0.1478885080918855,0.6367591771397453,-0.6860097451667354,-0.7639031696269342,-0.6852669111686929,-0.6235154707738374,1.0
price_spell_round_trips,one_tick,queue,0.05,0.10059090493740672,0.14215292903817495,0.1726724210482216,100,10,1,2019-01-02,2019-10-17,2019-10-18,2019-12-31,65662,8723,1240,1199,1199,0.03306451612903227,0.0,0.40033361134278567,0.6223821921869016,0.5931445603576752,0.6694922416576429,0.2383077094672348,0.250124673402623,51,10000,0.047244295313348506,0.03305958485909457,0.04701073042967446,0.062718149051315,0.0,0.006313563319999375,0.7508309431602468,,51,10000,0.08616759472808573,0.14777220668358967,0.6327689076653995,-0.6943735196208174,-0.7749774883943021,-0.6936801495691167,-0.6298265875495255,1.0
price_spell_round_trips,one_tick,queue,0.05,0.10059090493740672,0.14215292903817495,0.1726724210482216,100,100,1,2019-01-02,2019-10-17,2019-10-18,2019-12-31,65662,8723,1240,1010,1010,0.18548387096774188,0.0,0.401980198019802,0.6223821921869016,0.5931445603576752,0.6694922416576429,0.2383077094672348,0.250124673402623,51,10000,0.047244295313348506,0.03305958485909457,0.04701073042967446,0.062718149051315,0.0,0.006313563319999375,0.7508309431602468,,51,10000,0.07214381169305005,0.1476579787420564,0.630753210844607,-0.7062673778938414,-0.7852465665481668,-0.7053643765685353,-0.6422261789557675,1.0
price_spell_round_trips,one_tick,queue,0.05,0.10059090493740672,0.14215292903817495,0.1726724210482216,100,1000,1,2019-01-02,2019-10-17,2019-10-18,2019-12-31,65662,8723,1240,536,536,0.567741935483871,0.0,0.3712686567164179,0.6223821921869016,0.5931445603576752,0.6694922416576429,0.2383077094672348,0.250124673402623,51,10000,0.047244295313348506,0.03305958485909457,0.04701073042967446,0.062718149051315,0.0,0.006313563319999375,0.7508309431602468,,51,10000,0.08801163958459339,0.14819553516852238,0.5978916262330524,-0.6580755218167126,-0.7407107977446815,-0.656516152759142,-0.587997704855222,1.0
price_spell_round_trips,one_tick,queue,0.05,0.10059090493740672,0.14215292903817495,0.1726724210482216,100,10000,1,2019-01-02,2019-10-17,2019-10-18,2019-12-31,65662,8723,1240,374,374,0.6983870967741935,0.0,0.37433155080213903,0.6223821921869016,0.5931445603576752,0.6694922416576429,0.2383077094672348,0.250124673402623,51,10000,0.047244295313348506,0.03305958485909457,0.04701073042967446,0.062718149051315,0.0,0.006313563319999375,0.7508309431602468,,51,10000,0.129717438065561,0.1482029870677594,0.6120566297861765,-0.6305421787882968,-0.7325717812957955,-0.6278710405031439,-0.5420730007235568,1.0
price_spell_round_trips,one_tick,queue,0.05,0.10059090493740672,0.14215292903817495,0.1726724210482216,100,0,100,2019-01-02,2019-10-17,2019-10-18,2019-12-31,65662,8723,1240,1240,555,0.0,0.5524193548387097,0.37657657657657656,0.6223821921869016,0.5931445603576752,0.6694922416576429,0.2383077094672348,0.250124673402623,51,10000,0.047244295313348506,0.03305958485909457,0.04701073042967446,0.062718149051315,0.0,0.006313563319999375,0.7508309431602468,,51,10000,0.20066322965400868,0.7619061252395694,0.7199463071375225,-1.2811892027228091,-1.4922975459267862,-1.2795366582567067,-1.110262864934156,1.0
price_spell_round_trips,one_tick,queue,0.05,0.10059090493740672,0.14215292903817495,0.1726724210482216,100,10,100,2019-01-02,2019-10-17,2019-10-18,2019-12-31,65662,8723,1240,1199,536,0.03306451612903227,0.5529608006672226,0.375,0.6223821921869016,0.5931445603576752,0.6694922416576429,0.2383077094672348,0.250124673402623,51,10000,0.047244295313348506,0.03305958485909457,0.04701073042967446,0.062718149051315,0.0,0.006313563319999375,0.7508309431602468,,51,10000,0.19146725858554442,0.7543970284890877,0.7227344059727724,-1.2856641758763863,-1.4983086477362613,-1.2847224973161027,-1.1160134446579186,1.0
price_spell_round_trips,one_tick,queue,0.05,0.10059090493740672,0.14215292903817495,0.1726724210482216,100,100,100,2019-01-02,2019-10-17,2019-10-18,2019-12-31,65662,8723,1240,1010,455,0.18548387096774188,0.5495049504950495,0.37362637362637363,0.6223821921869016,0.5931445603576752,0.6694922416576429,0.2383077094672348,0.250124673402623,51,10000,0.047244295313348506,0.03305958485909457,0.04701073042967446,0.062718149051315,0.0,0.006313563319999375,0.7508309431602468,,51,10000,0.19275176334725588,0.7195817334011472,0.7091149366818528,-1.2359449067362793,-1.478021253011504,-1.2323584348479606,-1.0548559274752938,1.0
price_spell_round_trips,one_tick,queue,0.05,0.10059090493740672,0.14215292903817495,0.1726724210482216,100,1000,100,2019-01-02,2019-10-17,2019-10-18,2019-12-31,65662,8723,1240,536,256,0.567741935483871,0.5223880597014925,0.34765625,0.6223821921869016,0.5931445603576752,0.6694922416576429,0.2383077094672348,0.250124673402623,51,10000,0.047244295313348506,0.03305958485909457,0.04701073042967446,0.062718149051315,0.0,0.006313563319999375,0.7508309431602468,,51,10000,0.19641666321342677,0.7166649209183281,0.6978863207901718,-1.2181345784957813,-1.5810068771383645,-1.2062872766180823,-0.9725813949379383,1.0
price_spell_round_trips,one_tick,queue,0.05,0.10059090493740672,0.14215292903817495,0.1726724210482216,100,10000,100,2019-01-02,2019-10-17,2019-10-18,2019-12-31,65662,8723,1240,374,192,0.6983870967741935,0.4866310160427807,0.34375,0.6223821921869016,0.5931445603576752,0.6694922416576429,0.2383077094672348,0.250124673402623,51,10000,0.047244295313348506,0.03305958485909457,0.04701073042967446,0.062718149051315,0.0,0.006313563319999375,0.7508309431602468,,51,10000,0.22572852826261483,0.7833208039276615,0.7165200042572812,-1.274112279921698,-1.7256986004649528,-1.256618392345823,-0.9843531398215203,1.0
price_spell_round_trips,one_tick,queue,0.05,0.10059090493740672,0.14215292903817495,0.1726724210482216,100,0,500,2019-01-02,2019-10-17,2019-10-18,2019-12-31,65662,8723,1240,1240,47,0.0,0.9620967741935484,0.40425531914893614,0.6223821921869016,0.5931445603576752,0.6694922416576429,0.2383077094672348,0.250124673402623,51,10000,0.047244295313348506,0.03305958485909457,0.04701073042967446,0.062718149051315,0.0,0.006313563319999375,0.7508309431602468,,51,10000,0.24803653780763832,1.3819966975248086,0.824616345763149,-1.9585765054818938,-3.5230565260884448,-1.8902754042009455,-1.093707558143042,1.0
price_spell_round_trips,one_tick,queue,0.05,0.10059090493740672,0.14215292903817495,0.1726724210482216,100,10,500,2019-01-02,2019-10-17,2019-10-18,2019-12-31,65662,8723,1240,1199,47,0.03306451612903227,0.9608006672226855,0.40425531914893614,0.6223821921869016,0.5931445603576752,0.6694922416576429,0.2383077094672348,0.250124673402623,51,10000,0.047244295313348506,0.03305958485909457,0.04701073042967446,0.062718149051315,0.0,0.006313563319999375,0.7508309431602468,,51,10000,0.24803653780763832,1.3819966975248086,0.824616345763149,-1.9585765054818938,-3.5230565260884448,-1.8902754042009455,-1.093707558143042,1.0
price_spell_round_trips,one_tick,queue,0.05,0.10059090493740672,0.14215292903817495,0.1726724210482216,100,100,500,2019-01-02,2019-10-17,2019-10-18,2019-12-31,65662,8723,1240,1010,45,0.18548387096774188,0.9554455445544554,0.37777777777777777,0.6223821921869016,0.5931445603576752,0.6694922416576429,0.2383077094672348,0.250124673402623,51,10000,0.047244295313348506,0.03305958485909457,0.04701073042967446,0.062718149051315,0.0,0.006313563319999375,0.7508309431602468,,51,10000,0.2397587325444889,1.3209717940143109,0.8339293961808889,-1.9151424576523555,-3.559718788226021,-1.840794899980236,-1.0262254304935867,1.0
price_spell_round_trips,one_tick,queue,0.05,0.10059090493740672,0.14215292903817495,0.1726724210482216,100,1000,500,2019-01-02,2019-10-17,2019-10-18,2019-12-31,65662,8723,1240,536,31,0.567741935483871,0.9421641791044776,0.3548387096774194,0.6223821921869016,0.5931445603576752,0.6694922416576429,0.2383077094672348,0.250124673402623,51,10000,0.047244295313348506,0.03305958485909457,0.04701073042967446,0.062718149051315,0.0,0.006313563319999375,0.7508309431602468,,51,10000,0.16790727285341936,1.4026241010605482,0.7164111429606774,-1.951127971166613,-4.170442534051392,-1.8483433685778767,-0.8287396260198606,1.0
price_spell_round_trips,one_tick,queue,0.05,0.10059090493740672,0.14215292903817495,0.1726724210482216,100,10000,500,2019-01-02,2019-10-17,2019-10-18,2019-12-31,65662,8723,1240,374,21,0.6983870967741935,0.9438502673796791,0.42857142857142855,0.6223821921869016,0.5931445603576752,0.6694922416576429,0.2383077094672348,0.250124673402623,51,10000,0.047244295313348506,0.03305958485909457,0.04701073042967446,0.062718149051315,0.0,0.006313563319999375,0.7508309431602468,,51,10000,0.15165346174123806,1.8787423821878093,0.8746532898040952,-2.601742210248476,-5.486616860130359,-2.4807480549036027,-1.0103346875238302,1.0
price_spell_round_trips,one_tick,queue,0.1,0.10059090493740672,0.14215292903817495,0.1726724210482216,100,0,1,2019-01-02,2019-10-17,2019-10-18,2019-12-31,65662,8723,1240,1240,1240,0.0,0.0,0.4032258064516129,0.6223821921869016,0.5931445603576752,0.6694922416576429,0.2383077094672348,0.250124673402623,51,10000,0.047244295313348506,0.03305958485909457,0.04701073042967446,0.062718149051315,0.0,0.006313563319999375,0.7508309431602468,,51,10000,0.09863794006497811,0.1478885080918855,0.6367591771397453,-0.6860097451667354,-0.7639031696269342,-0.6852669111686929,-0.6235154707738374,1.0
price_spell_round_trips,one_tick,queue,0.1,0.10059090493740672,0.14215292903817495,0.1726724210482216,100,10,1,2019-01-02,2019-10-17,2019-10-18,2019-12-31,65662,8723,1240,1199,1199,0.03306451612903227,0.0,0.40033361134278567,0.6223821921869016,0.5931445603576752,0.6694922416576429,0.2383077094672348,0.250124673402623,51,10000,0.047244295313348506,0.03305958485909457,0.04701073042967446,0.062718149051315,0.0,0.006313563319999375,0.7508309431602468,,51,10000,0.08616759472808573,0.14777220668358967,0.6327689076653995,-0.6943735196208174,-0.7749774883943021,-0.6936801495691167,-0.6298265875495255,1.0
price_spell_round_trips,one_tick,queue,0.1,0.10059090493740672,0.14215292903817495,0.1726724210482216,100,100,1,2019-01-02,2019-10-17,2019-10-18,2019-12-31,65662,8723,1240,1010,1010,0.18548387096774188,0.0,0.401980198019802,0.6223821921869016,0.5931445603576752,0.6694922416576429,0.2383077094672348,0.250124673402623,51,10000,0.047244295313348506,0.03305958485909457,0.04701073042967446,0.062718149051315,0.0,0.006313563319999375,0.7508309431602468,,51,10000,0.07214381169305005,0.1476579787420564,0.630753210844607,-0.7062673778938414,-0.7852465665481668,-0.7053643765685353,-0.6422261789557675,1.0
price_spell_round_trips,one_tick,queue,0.1,0.10059090493740672,0.14215292903817495,0.1726724210482216,100,1000,1,2019-01-02,2019-10-17,2019-10-18,2019-12-31,65662,8723,1240,536,536,0.567741935483871,0.0,0.3712686567164179,0.6223821921869016,0.5931445603576752,0.6694922416576429,0.2383077094672348,0.250124673402623,51,10000,0.047244295313348506,0.03305958485909457,0.04701073042967446,0.062718149051315,0.0,0.006313563319999375,0.7508309431602468,,51,10000,0.08801163958459339,0.14819553516852238,0.5978916262330524,-0.6580755218167126,-0.7407107977446815,-0.656516152759142,-0.587997704855222,1.0
price_spell_round_trips,one_tick,queue,0.1,0.10059090493740672,0.14215292903817495,0.1726724210482216,100,10000,1,2019-01-02,2019-10-17,2019-10-18,2019-12-31,65662,8723,1240,374,374,0.6983870967741935,0.0,0.37433155080213903,0.6223821921869016,0.5931445603576752,0.6694922416576429,0.2383077094672348,0.250124673402623,51,10000,0.047244295313348506,0.03305958485909457,0.04701073042967446,0.062718149051315,0.0,0.006313563319999375,0.7508309431602468,,51,10000,0.129717438065561,0.1482029870677594,0.6120566297861765,-0.6305421787882968,-0.7325717812957955,-0.6278710405031439,-0.5420730007235568,1.0
price_spell_round_trips,one_tick,queue,0.1,0.10059090493740672,0.14215292903817495,0.1726724210482216,100,0,100,2019-01-02,2019-10-17,2019-10-18,2019-12-31,65662,8723,1240,1240,555,0.0,0.5524193548387097,0.37657657657657656,0.6223821921869016,0.5931445603576752,0.6694922416576429,0.2383077094672348,0.250124673402623,51,10000,0.047244295313348506,0.03305958485909457,0.04701073042967446,0.062718149051315,0.0,0.006313563319999375,0.7508309431602468,,51,10000,0.20066322965400868,0.7619061252395694,0.7199463071375225,-1.2811892027228091,-1.4922975459267862,-1.2795366582567067,-1.110262864934156,1.0
price_spell_round_trips,one_tick,queue,0.1,0.10059090493740672,0.14215292903817495,0.1726724210482216,100,10,100,2019-01-02,2019-10-17,2019-10-18,2019-12-31,65662,8723,1240,1199,536,0.03306451612903227,0.5529608006672226,0.375,0.6223821921869016,0.5931445603576752,0.6694922416576429,0.2383077094672348,0.250124673402623,51,10000,0.047244295313348506,0.03305958485909457,0.04701073042967446,0.062718149051315,0.0,0.006313563319999375,0.7508309431602468,,51,10000,0.19146725858554442,0.7543970284890877,0.7227344059727724,-1.2856641758763863,-1.4983086477362613,-1.2847224973161027,-1.1160134446579186,1.0
price_spell_round_trips,one_tick,queue,0.1,0.10059090493740672,0.14215292903817495,0.1726724210482216,100,100,100,2019-01-02,2019-10-17,2019-10-18,2019-12-31,65662,8723,1240,1010,455,0.18548387096774188,0.5495049504950495,0.37362637362637363,0.6223821921869016,0.5931445603576752,0.6694922416576429,0.2383077094672348,0.250124673402623,51,10000,0.047244295313348506,0.03305958485909457,0.04701073042967446,0.062718149051315,0.0,0.006313563319999375,0.7508309431602468,,51,10000,0.19275176334725588,0.7195817334011472,0.7091149366818528,-1.2359449067362793,-1.478021253011504,-1.2323584348479606,-1.0548559274752938,1.0
price_spell_round_trips,one_tick,queue,0.1,0.10059090493740672,0.14215292903817495,0.1726724210482216,100,1000,100,2019-01-02,2019-10-17,2019-10-18,2019-12-31,65662,8723,1240,536,256,0.567741935483871,0.5223880597014925,0.34765625,0.6223821921869016,0.5931445603576752,0.6694922416576429,0.2383077094672348,0.250124673402623,51,10000,0.047244295313348506,0.03305958485909457,0.04701073042967446,0.062718149051315,0.0,0.006313563319999375,0.7508309431602468,,51,10000,0.19641666321342677,0.7166649209183281,0.6978863207901718,-1.2181345784957813,-1.5810068771383645,-1.2062872766180823,-0.9725813949379383,1.0
price_spell_round_trips,one_tick,queue,0.1,0.10059090493740672,0.14215292903817495,0.1726724210482216,100,10000,100,2019-01-02,2019-10-17,2019-10-18,2019-12-31,65662,8723,1240,374,192,0.6983870967741935,0.4866310160427807,0.34375,0.6223821921869016,0.5931445603576752,0.6694922416576429,0.2383077094672348,0.250124673402623,51,10000,0.047244295313348506,0.03305958485909457,0.04701073042967446,0.062718149051315,0.0,0.006313563319999375,0.7508309431602468,,51,10000,0.22572852826261483,0.7833208039276615,0.7165200042572812,-1.274112279921698,-1.7256986004649528,-1.256618392345823,-0.9843531398215203,1.0
price_spell_round_trips,one_tick,queue,0.1,0.10059090493740672,0.14215292903817495,0.1726724210482216,100,0,500,2019-01-02,2019-10-17,2019-10-18,2019-12-31,65662,8723,1240,1240,47,0.0,0.9620967741935484,0.40425531914893614,0.6223821921869016,0.5931445603576752,0.6694922416576429,0.2383077094672348,0.250124673402623,51,10000,0.047244295313348506,0.03305958485909457,0.04701073042967446,0.062718149051315,0.0,0.006313563319999375,0.7508309431602468,,51,10000,0.24803653780763832,1.3819966975248086,0.824616345763149,-1.9585765054818938,-3.5230565260884448,-1.8902754042009455,-1.093707558143042,1.0
price_spell_round_trips,one_tick,queue,0.1,0.10059090493740672,0.14215292903817495,0.1726724210482216,100,10,500,2019-01-02,2019-10-17,2019-10-18,2019-12-31,65662,8723,1240,1199,47,0.03306451612903227,0.9608006672226855,0.40425531914893614,0.6223821921869016,0.5931445603576752,0.6694922416576429,0.2383077094672348,0.250124673402623,51,10000,0.047244295313348506,0.03305958485909457,0.04701073042967446,0.062718149051315,0.0,0.006313563319999375,0.7508309431602468,,51,10000,0.24803653780763832,1.3819966975248086,0.824616345763149,-1.9585765054818938,-3.5230565260884448,-1.8902754042009455,-1.093707558143042,1.0
price_spell_round_trips,one_tick,queue,0.1,0.10059090493740672,0.14215292903817495,0.1726724210482216,100,100,500,2019-01-02,2019-10-17,2019-10-18,2019-12-31,65662,8723,1240,1010,45,0.18548387096774188,0.9554455445544554,0.37777777777777777,0.6223821921869016,0.5931445603576752,0.6694922416576429,0.2383077094672348,0.250124673402623,51,10000,0.047244295313348506,0.03305958485909457,0.04701073042967446,0.062718149051315,0.0,0.006313563319999375,0.7508309431602468,,51,10000,0.2397587325444889,1.3209717940143109,0.8339293961808889,-1.9151424576523555,-3.559718788226021,-1.840794899980236,-1.0262254304935867,1.0
price_spell_round_trips,one_tick,queue,0.1,0.10059090493740672,0.14215292903817495,0.1726724210482216,100,1000,500,2019-01-02,2019-10-17,2019-10-18,2019-12-31,65662,8723,1240,536,31,0.567741935483871,0.9421641791044776,0.3548387096774194,0.6223821921869016,0.5931445603576752,0.6694922416576429,0.2383077094672348,0.250124673402623,51,10000,0.047244295313348506,0.03305958485909457,0.04701073042967446,0.062718149051315,0.0,0.006313563319999375,0.7508309431602468,,51,10000,0.16790727285341936,1.4026241010605482,0.7164111429606774,-1.951127971166613,-4.170442534051392,-1.8483433685778767,-0.8287396260198606,1.0
price_spell_round_trips,one_tick,queue,0.1,0.10059090493740672,0.14215292903817495,0.1726724210482216,100,10000,500,2019-01-02,2019-10-17,2019-10-18,2019-12-31,65662,8723,1240,374,21,0.6983870967741935,0.9438502673796791,0.42857142857142855,0.6223821921869016,0.5931445603576752,0.6694922416576429,0.2383077094672348,0.250124673402623,51,10000,0.047244295313348506,0.03305958485909457,0.04701073042967446,0.062718149051315,0.0,0.006313563319999375,0.7508309431602468,,51,10000,0.15165346174123806,1.8787423821878093,0.8746532898040952,-2.601742210248476,-5.486616860130359,-2.4807480549036027,-1.0103346875238302,1.0
price_spell_round_trips,one_tick,queue,0.2,0.22105631872315798,0.2994382666513814,0.15099497770571746,100,0,1,2019-01-02,2019-10-17,2019-10-18,2019-12-31,65662,8723,2612,2612,2612,0.0,0.0,0.40811638591117916,0.6223821921869016,0.5931445603576752,0.6694922416576429,0.2383077094672348,0.250124673402623,51,10000,0.047244295313348506,0.03305958485909457,0.04701073042967446,0.062718149051315,0.0,0.006313563319999375,0.7508309431602468,,51,10000,0.07464716879465917,0.14814703803122856,0.6820642753557076,-0.7555641445922928,-0.8242287808285461,-0.7547556596550878,-0.6948603198432292,1.0
price_spell_round_trips,one_tick,queue,0.2,0.22105631872315798,0.2994382666513814,0.15099497770571746,100,10,1,2019-01-02,2019-10-17,2019-10-18,2019-12-31,65662,8723,2612,2515,2515,0.03713629402756513,0.0,0.4067594433399602,0.6223821921869016,0.5931445603576752,0.6694922416576429,0.2383077094672348,0.250124673402623,51,10000,0.047244295313348506,0.03305958485909457,0.04701073042967446,0.062718149051315,0.0,0.006313563319999375,0.7508309431602468,,51,10000,0.0600102275602285,0.14804646917735864,0.6748769971842027,-0.762913238801301,-0.8323244834378023,-0.7621616525635715,-0.7024486045787719,1.0
price_spell_round_trips,one_tick,queue,0.2,0.22105631872315798,0.2994382666513814,0.15099497770571746,100,100,1,2019-01-02,2019-10-17,2019-10-18,2019-12-31,65662,8723,2612,2089,2089,0.20022970903522208,0.0,0.39923408329344184,0.6223821921869016,0.5931445603576752,0.6694922416576429,0.2383077094672348,0.250124673402623,51,10000,0.047244295313348506,0.03305958485909457,0.04701073042967446,0.062718149051315,0.0,0.006313563319999375,0.7508309431602468,,51,10000,0.048347706161431483,0.14787674317703975,0.657610847018348,-0.7571398840340736,-0.8296026385247818,-0.7560727724321838,-0.6945144557476555,1.0
price_spell_round_trips,one_tick,queue,0.2,0.22105631872315798,0.2994382666513814,0.15099497770571746,100,1000,1,2019-01-02,2019-10-17,2019-10-18,2019-12-31,65662,8723,2612,1058,1058,0.5949464012251149,0.0,0.3771266540642722,0.6223821921869016,0.5931445603576752,0.6694922416576429,0.2383077094672348,0.250124673402623,51,10000,0.047244295313348506,0.03305958485909457,0.04701073042967446,0.062718149051315,0.0,0.006313563319999375,0.7508309431602468,,51,10000,0.056964247540934945,0.1480718961645548,0.6229392804168497,-0.7140469290403061,-0.786487553274384,-0.7134638455831281,-0.6527039263128319,1.0
price_spell_round_trips,one_tick,queue,0.2,0.22105631872315798,0.2994382666513814,0.15099497770571746,100,10000,1,2019-01-02,2019-10-17,2019-10-18,2019-12-31,65662,8723,2612,708,708,0.7289433384379785,0.0,0.3771186440677966,0.6223821921869016,0.5931445603576752,0.6694922416576429,0.2383077094672348,0.250124673402623,51,10000,0.047244295313348506,0.03305958485909457,0.04701073042967446,0.062718149051315,0.0,0.006313563319999375,0.7508309431602468,,51,10000,0.09733264563226092,0.14794040798534888,0.6467569041753898,-0.6973646665284899,-0.7849602630294169,-0.6959109039514508,-0.6213844879868928,1.0
price_spell_round_trips,one_tick,queue,0.2,0.22105631872315798,0.2994382666513814,0.15099497770571746,100,0,100,2019-01-02,2019-10-17,2019-10-18,2019-12-31,65662,8723,2612,2612,1296,0.0,0.5038284839203675,0.38271604938271603,0.6223821921869016,0.5931445603576752,0.6694922416576429,0.2383077094672348,0.250124673402623,51,10000,0.047244295313348506,0.03305958485909457,0.04701073042967446,0.062718149051315,0.0,0.006313563319999375,0.7508309431602468,,51,10000,0.14528955868712334,0.652554081945024,0.8160790717391605,-1.3233435949968935,-1.4611695016710025,-1.3215163699362291,-1.2069955383487128,1.0
price_spell_round_trips,one_tick,queue,0.2,0.22105631872315798,0.2994382666513814,0.15099497770571746,100,10,100,2019-01-02,2019-10-17,2019-10-18,2019-12-31,65662,8723,2612,2515,1256,0.03713629402756513,0.5005964214711729,0.3821656050955414,0.6223821921869016,0.5931445603576752,0.6694922416576429,0.2383077094672348,0.250124673402623,51,10000,0.047244295313348506,0.03305958485909457,0.04701073042967446,0.062718149051315,0.0,0.006313563319999375,0.7508309431602468,,51,10000,0.12685385806743077,0.6367591040607398,0.8148588410565095,-1.3247640870497244,-1.4699891508110017,-1.32315338100131,-1.2016227497341845,1.0
price_spell_round_trips,one_tick,queue,0.2,0.22105631872315798,0.2994382666513814,0.15099497770571746,100,100,100,2019-01-02,2019-10-17,2019-10-18,2019-12-31,65662,8723,2612,2089,1058,0.20022970903522208,0.49353757778841556,0.3714555765595463,0.6223821921869016,0.5931445603576752,0.6694922416576429,0.2383077094672348,0.250124673402623,51,10000,0.047244295313348506,0.03305958485909457,0.04701073042967446,0.062718149051315,0.0,0.006313563319999375,0.7508309431602468,,51,10000,0.1171710796422452,0.6015979454376011,0.7866762474760777,-1.2711031132715964,-1.4432166647557574,-1.2697398565124285,-1.125099024311323,1.0
price_spell_round_trips,one_tick,queue,0.2,0.22105631872315798,0.2994382666513814,0.15099497770571746,100,1000,100,2019-01-02,2019-10-17,2019-10-18,2019-12-31,65662,8723,2612,1058,563,0.5949464012251149,0.4678638941398866,0.35879218472468916,0.6223821921869016,0.5931445603576752,0.6694922416576429,0.2383077094672348,0.250124673402623,51,10000,0.047244295313348506,0.03305958485909457,0.04701073042967446,0.062718149051315,0.0,0.006313563319999375,0.7508309431602468,,51,10000,0.12387058583161656,0.6181979448260817,0.7489503800732594,-1.2432777390680625,-1.4627884021094808,-1.239401853026655,-1.0707799588742741,1.0
price_spell_round_trips,one_tick,queue,0.2,0.22105631872315798,0.2994382666513814,0.15099497770571746,100,10000,100,2019-01-02,2019-10-17,2019-10-18,2019-12-31,65662,8723,2612,708,407,0.7289433384379785,0.42514124293785316,0.36363636363636365,0.6223821921869016,0.5931445603576752,0.6694922416576429,0.2383077094672348,0.250124673402623,51,10000,0.047244295313348506,0.03305958485909457,0.04701073042967446,0.062718149051315,0.0,0.006313563319999375,0.7508309431602468,,51,10000,0.17357161940984903,0.6550259683689459,0.7564327545555382,-1.237887103514248,-1.4846068996966773,-1.2327434414464964,-1.0458491448733103,1.0
price_spell_round_trips,one_tick,queue,0.2,0.22105631872315798,0.2994382666513814,0.15099497770571746,100,0,500,2019-01-02,2019-10-17,2019-10-18,2019-12-31,65662,8723,2612,2612,86,0.0,0.9670750382848392,0.37209302325581395,0.6223821921869016,0.5931445603576752,0.6694922416576429,0.2383077094672348,0.250124673402623,51,10000,0.047244295313348506,0.03305958485909457,0.04701073042967446,0.062718149051315,0.0,0.006313563319999375,0.7508309431602468,,51,10000,0.28468811961956975,1.1707360286947208,0.7815346906392792,-1.6675825997148372,-2.5276314444632786,-1.6265585886389147,-1.1176575886970959,1.0
price_spell_round_trips,one_tick,queue,0.2,0.22105631872315798,0.2994382666513814,0.15099497770571746,100,10,500,2019-01-02,2019-10-17,2019-10-18,2019-12-31,65662,8723,2612,2515,86,0.03713629402756513,0.9658051689860835,0.37209302325581395,0.6223821921869016,0.5931445603576752,0.6694922416576429,0.2383077094672348,0.250124673402623,51,10000,0.047244295313348506,0.03305958485909457,0.04701073042967446,0.062718149051315,0.0,0.006313563319999375,0.7508309431602468,,51,10000,0.28468811961956975,1.1707360286947208,0.7815346906392792,-1.6675825997148372,-2.5276314444632786,-1.6265585886389147,-1.1176575886970959,1.0
price_spell_round_trips,one_tick,queue,0.2,0.22105631872315798,0.2994382666513814,0.15099497770571746,100,100,500,2019-01-02,2019-10-17,2019-10-18,2019-12-31,65662,8723,2612,2089,80,0.20022970903522208,0.9617041646720919,0.35,0.6223821921869016,0.5931445603576752,0.6694922416576429,0.2383077094672348,0.250124673402623,51,10000,0.047244295313348506,0.03305958485909457,0.04701073042967446,0.062718149051315,0.0,0.006313563319999375,0.7508309431602468,,51,10000,0.3052765515209,1.1583245641522126,0.7807506940049875,-1.6337987066367252,-2.547807757825802,-1.5915449620502484,-1.086694768323747,1.0
price_spell_round_trips,one_tick,queue,0.2,0.22105631872315798,0.2994382666513814,0.15099497770571746,100,1000,500,2019-01-02,2019-10-17,2019-10-18,2019-12-31,65662,8723,2612,1058,50,0.5949464012251149,0.9527410207939508,0.34,0.6223821921869016,0.5931445603576752,0.6694922416576429,0.2383077094672348,0.250124673402623,51,10000,0.047244295313348506,0.03305958485909457,0.04701073042967446,0.062718149051315,0.0,0.006313563319999375,0.7508309431602468,,51,10000,0.30337664660634,1.22109497943896,0.7433122479702802,-1.6610305808015,-3.0570368562526555,-1.5966720814885078,-0.946310063047877,1.0
price_spell_round_trips,one_tick,queue,0.2,0.22105631872315798,0.2994382666513814,0.15099497770571746,100,10000,500,2019-01-02,2019-10-17,2019-10-18,2019-12-31,65662,8723,2612,708,37,0.7289433384379785,0.9477401129943502,0.40540540540540543,0.6223821921869016,0.5931445603576752,0.6694922416576429,0.2383077094672348,0.250124673402623,51,10000,0.047244295313348506,0.03305958485909457,0.04701073042967446,0.062718149051315,0.0,0.006313563319999375,0.7508309431602468,,51,10000,0.30951949141916213,1.4795245706287026,0.8378237183563513,-2.007828797563919,-3.8488578933440722,-1.9316435487270285,-1.0830637825493168,1.0
price_spell_round_trips,one_tick,queue,1.0,1.0,1.0,0.0,100,0,1,2019-01-02,2019-10-17,2019-10-18,2019-12-31,65662,8723,8723,8723,8723,0.0,0.0,0.5038404218732088,0.6223821921869016,0.5931445603576752,0.6694922416576429,0.2383077094672348,0.250124673402623,51,10000,0.047244295313348506,0.03305958485909457,0.04701073042967446,0.062718149051315,0.0,0.006313563319999375,0.7508309431602468,,51,10000,0.06479184995698102,0.14700219101175063,0.7516961005005934,-0.8339064415553472,-0.900659010772481,-0.8337472499447824,-0.7720678544791529,1.0
price_spell_round_trips,one_tick,queue,1.0,1.0,1.0,0.0,100,10,1,2019-01-02,2019-10-17,2019-10-18,2019-12-31,65662,8723,8723,8404,8404,0.03656998738965955,0.0,0.5035697287006188,0.6223821921869016,0.5931445603576752,0.6694922416576429,0.2383077094672348,0.250124673402623,51,10000,0.047244295313348506,0.03305958485909457,0.04701073042967446,0.062718149051315,0.0,0.006313563319999375,0.7508309431602468,,51,10000,0.05485511380784627,0.14694019700671823,0.7467334316576858,-0.8388185148565481,-0.9073505726392932,-0.8387023559425562,-0.7757156454512277,1.0
price_spell_round_trips,one_tick,queue,1.0,1.0,1.0,0.0,100,100,1,2019-01-02,2019-10-17,2019-10-18,2019-12-31,65662,8723,8723,6933,6933,0.20520463143413958,0.0,0.49790855329583156,0.6223821921869016,0.5931445603576752,0.6694922416576429,0.2383077094672348,0.250124673402623,51,10000,0.047244295313348506,0.03305958485909457,0.04701073042967446,0.062718149051315,0.0,0.006313563319999375,0.7508309431602468,,51,10000,0.039835523962639494,0.1466944228296817,0.7149115593731421,-0.82177045824021,-0.8852815160786287,-0.8217524505663607,-0.7641857049635793,1.0
price_spell_round_trips,one_tick,queue,1.0,1.0,1.0,0.0,100,1000,1,2019-01-02,2019-10-17,2019-10-18,2019-12-31,65662,8723,8723,3063,3063,0.6488593373839275,0.0,0.47600391772771794,0.6223821921869016,0.5931445603576752,0.6694922416576429,0.2383077094672348,0.250124673402623,51,10000,0.047244295313348506,0.03305958485909457,0.04701073042967446,0.062718149051315,0.0,0.006313563319999375,0.7508309431602468,,51,10000,0.05738307393616771,0.147150355962652,0.6255764865776895,-0.7153437686041441,-0.7701981464065732,-0.7143196271773091,-0.6701843719949808,1.0
price_spell_round_trips,one_tick,queue,1.0,1.0,1.0,0.0,100,10000,1,2019-01-02,2019-10-17,2019-10-18,2019-12-31,65662,8723,8723,1990,1990,0.7718674767855096,0.0,0.4763819095477387,0.6223821921869016,0.5931445603576752,0.6694922416576429,0.2383077094672348,0.250124673402623,51,10000,0.047244295313348506,0.03305958485909457,0.04701073042967446,0.062718149051315,0.0,0.006313563319999375,0.7508309431602468,,51,10000,0.07481404076562496,0.14713401054394976,0.6233937686037759,-0.695713738382125,-0.7614505680302361,-0.694308820660646,-0.6447884306275946,1.0
price_spell_round_trips,one_tick,queue,1.0,1.0,1.0,0.0,100,0,100,2019-01-02,2019-10-17,2019-10-18,2019-12-31,65662,8723,8723,8723,5444,0.0,0.3759027857388513,0.5156135194709772,0.6223821921869016,0.5931445603576752,0.6694922416576429,0.2383077094672348,0.250124673402623,51,10000,0.047244295313348506,0.03305958485909457,0.04701073042967446,0.062718149051315,0.0,0.006313563319999375,0.7508309431602468,,51,10000,0.1400213986959892,0.4059578985905024,0.8989453488780913,-1.1648818487724732,-1.2595511426727648,-1.1650428457691557,-1.0679059963335649,1.0
price_spell_round_trips,one_tick,queue,1.0,1.0,1.0,0.0,100,10,100,2019-01-02,2019-10-17,2019-10-18,2019-12-31,65662,8723,8723,8404,5256,0.03656998738965955,0.3745835316515945,0.5150304414003044,0.6223821921869016,0.5931445603576752,0.6694922416576429,0.2383077094672348,0.250124673402623,51,10000,0.047244295313348506,0.03305958485909457,0.04701073042967446,0.062718149051315,0.0,0.006313563319999375,0.7508309431602468,,51,10000,0.1288807992338896,0.3999583593953639,0.8969024940758508,-1.1679800542372332,-1.2654786448334334,-1.1683672386156658,-1.0696942205445759,1.0
price_spell_round_trips,one_tick,queue,1.0,1.0,1.0,0.0,100,100,100,2019-01-02,2019-10-17,2019-10-18,2019-12-31,65662,8723,8723,6933,4349,0.20520463143413958,0.37271022645319485,0.5051736031271556,0.6223821921869016,0.5931445603576752,0.6694922416576429,0.2383077094672348,0.250124673402623,51,10000,0.047244295313348506,0.03305958485909457,0.04701073042967446,0.062718149051315,0.0,0.006313563319999375,0.7508309431602468,,51,10000,0.10839793803024611,0.382455241285982,0.8518853427824465,-1.1259426460382354,-1.2224034990045902,-1.1260914672855504,-1.0339680390145793,1.0
price_spell_round_trips,one_tick,queue,1.0,1.0,1.0,0.0,100,1000,100,2019-01-02,2019-10-17,2019-10-18,2019-12-31,65662,8723,8723,3063,1932,0.6488593373839275,0.3692458374142997,0.4891304347826087,0.6223821921869016,0.5931445603576752,0.6694922416576429,0.2383077094672348,0.250124673402623,51,10000,0.047244295313348506,0.03305958485909457,0.04701073042967446,0.062718149051315,0.0,0.006313563319999375,0.7508309431602468,,51,10000,0.09919180229617339,0.4121766628854058,0.7312468991058478,-1.0442317596951138,-1.1520204090343686,-1.0425416290936753,-0.9503550096575196,1.0
price_spell_round_trips,one_tick,queue,1.0,1.0,1.0,0.0,100,10000,100,2019-01-02,2019-10-17,2019-10-18,2019-12-31,65662,8723,8723,1990,1300,0.7718674767855096,0.3467336683417085,0.4907692307692308,0.6223821921869016,0.5931445603576752,0.6694922416576429,0.2383077094672348,0.250124673402623,51,10000,0.047244295313348506,0.03305958485909457,0.04701073042967446,0.062718149051315,0.0,0.006313563319999375,0.7508309431602468,,51,10000,0.11409430912926449,0.4362053184358292,0.7017473005587462,-1.023858309865154,-1.13941369213774,-1.0227061146865697,-0.9314422492355826,1.0
price_spell_round_trips,one_tick,queue,1.0,1.0,1.0,0.0,100,0,500,2019-01-02,2019-10-17,2019-10-18,2019-12-31,65662,8723,8723,8723,264,0.0,0.969735182849937,0.5454545454545454,0.6223821921869016,0.5931445603576752,0.6694922416576429,0.2383077094672348,0.250124673402623,51,10000,0.047244295313348506,0.03305958485909457,0.04701073042967446,0.062718149051315,0.0,0.006313563319999375,0.7508309431602468,,51,10000,0.2688433076347094,0.8216764401275454,0.8468890759591098,-1.3997222084522538,-1.88413150178623,-1.3934421430042128,-1.074922447897702,1.0
price_spell_round_trips,one_tick,queue,1.0,1.0,1.0,0.0,100,10,500,2019-01-02,2019-10-17,2019-10-18,2019-12-31,65662,8723,8723,8404,256,0.03656998738965955,0.9695383150880533,0.5390625,0.6223821921869016,0.5931445603576752,0.6694922416576429,0.2383077094672348,0.250124673402623,51,10000,0.047244295313348506,0.03305958485909457,0.04701073042967446,0.062718149051315,0.0,0.006313563319999375,0.7508309431602468,,51,10000,0.2330372184141104,0.8055733341353554,0.8169868287432382,-1.389522944464879,-1.878557802355816,-1.3832598842687056,-1.0700070433178697,1.0
price_spell_round_trips,one_tick,queue,1.0,1.0,1.0,0.0,100,100,500,2019-01-02,2019-10-17,2019-10-18,2019-12-31,65662,8723,8723,6933,238,0.20520463143413958,0.96567142651089,0.5336134453781513,0.6223821921869016,0.5931445603576752,0.6694922416576429,0.2383077094672348,0.250124673402623,51,10000,0.047244295313348506,0.03305958485909457,0.04701073042967446,0.062718149051315,0.0,0.006313563319999375,0.7508309431602468,,51,10000,0.21970250941583827,0.8143702629740419,0.8104499871087396,-1.4051177406673696,-1.8854169298229317,-1.3994205107008693,-1.0957527068278698,1.0
price_spell_round_trips,one_tick,queue,1.0,1.0,1.0,0.0,100,1000,500,2019-01-02,2019-10-17,2019-10-18,2019-12-31,65662,8723,8723,3063,151,0.6488593373839275,0.950701926216128,0.543046357615894,0.6223821921869016,0.5931445603576752,0.6694922416576429,0.2383077094672348,0.250124673402623,51,10000,0.047244295313348506,0.03305958485909457,0.04701073042967446,0.062718149051315,0.0,0.006313563319999375,0.7508309431602468,,51,10000,0.15406845479604675,0.8638630422577617,0.758555249092298,-1.4683498365538674,-2.172728599750296,-1.4568427146467542,-1.0543181478872659,1.0
price_spell_round_trips,one_tick,queue,1.0,1.0,1.0,0.0,100,10000,500,2019-01-02,2019-10-17,2019-10-18,2019-12-31,65662,8723,8723,1990,119,0.7718674767855096,0.9402010050251256,0.5546218487394958,0.6223821921869016,0.5931445603576752,0.6694922416576429,0.2383077094672348,0.250124673402623,51,10000,0.047244295313348506,0.03305958485909457,0.04701073042967446,0.062718149051315,0.0,0.006313563319999375,0.7508309431602468,,51,10000,0.11119058723516853,0.9055421688406807,0.7718897891617059,-1.5662413707663865,-2.412339130231903,-1.552784894378167,-1.0864235729706517,1.0
price_spell_round_trips,one_tick,queue_and_ofi,0.05,0.049998477049130394,0.04195804195804196,0.21928702232879937,100,0,1,2019-01-02,2019-10-17,2019-10-18,2019-12-31,65662,8723,366,366,366,0.0,0.0,0.5792349726775956,0.6495398086971383,0.6096526424395277,0.6574059256280911,0.23260740318950845,0.250124673402623,51,10000,0.07003415526671097,0.056493291573045584,0.06982921179954421,0.08446579208766244,0.0,0.009079706046262617,0.6873468140861032,1.4734161676306528,51,10000,0.4318365365438212,0.14834643634453004,0.9032712693191829,-0.6197811691200545,-0.7211740154853546,-0.6188373557199431,-0.529816502658249,1.0
price_spell_round_trips,one_tick,queue_and_ofi,0.05,0.049998477049130394,0.04195804195804196,0.21928702232879937,100,10,1,2019-01-02,2019-10-17,2019-10-18,2019-12-31,65662,8723,366,303,303,0.17213114754098358,0.0,0.5874587458745875,0.6495398086971383,0.6096526424395277,0.6574059256280911,0.23260740318950845,0.250124673402623,51,10000,0.07003415526671097,0.056493291573045584,0.06982921179954421,0.08446579208766244,0.0,0.009079706046262617,0.6873468140861032,1.4734161676306528,51,10000,0.3558332809909887,0.1478219852737888,0.8712713517986402,-0.6632600560816336,-0.7815942961913609,-0.6616943695341331,-0.5591079100274131,1.0
price_spell_round_trips,one_tick,queue_and_ofi,0.05,0.049998477049130394,0.04195804195804196,0.21928702232879937,100,100,1,2019-01-02,2019-10-17,2019-10-18,2019-12-31,65662,8723,366,164,164,0.5519125683060109,0.0,0.5914634146341463,0.6495398086971383,0.6096526424395277,0.6574059256280911,0.23260740318950845,0.250124673402623,51,10000,0.07003415526671097,0.056493291573045584,0.06982921179954421,0.08446579208766244,0.0,0.009079706046262617,0.6873468140861032,1.4734161676306528,51,10000,0.1569614436992645,0.14744411867762197,0.7107865335252317,-0.7012692085037073,-0.8369301334637359,-0.698691731213509,-0.5829049030488516,1.0
price_spell_round_trips,one_tick,queue_and_ofi,0.05,0.049998477049130394,0.04195804195804196,0.21928702232879937,100,1000,1,2019-01-02,2019-10-17,2019-10-18,2019-12-31,65662,8723,366,53,53,0.855191256830601,0.0,0.6415094339622641,0.6495398086971383,0.6096526424395277,0.6574059256280911,0.23260740318950845,0.250124673402623,51,10000,0.07003415526671097,0.056493291573045584,0.06982921179954421,0.08446579208766244,0.0,0.009079706046262617,0.6873468140861032,1.4734161676306528,51,10000,0.09094370339064149,0.14840774329437736,0.6625465604255284,-0.7200106003290566,-0.9966294285307099,-0.7100709929653733,-0.5035686463547338,1.0
price_spell_round_trips,one_tick,queue_and_ofi,0.05,0.049998477049130394,0.04195804195804196,0.21928702232879937,100,10000,1,2019-01-02,2019-10-17,2019-10-18,2019-12-31,65662,8723,366,34,34,0.907103825136612,0.0,0.5882352941176471,0.6495398086971383,0.6096526424395277,0.6574059256280911,0.23260740318950845,0.250124673402623,51,10000,0.07003415526671097,0.056493291573045584,0.06982921179954421,0.08446579208766244,0.0,0.009079706046262617,0.6873468140861032,1.4734161676306528,51,10000,0.030109393375470583,0.1455393317322647,0.6703361043574412,-0.7857660427140294,-1.1861296422530032,-0.7697992234411696,-0.4708676437817248,1.0
price_spell_round_trips,one_tick,queue_and_ofi,0.05,0.049998477049130394,0.04195804195804196,0.21928702232879937,100,0,100,2019-01-02,2019-10-17,2019-10-18,2019-12-31,65662,8723,366,366,175,0.0,0.5218579234972678,0.5714285714285714,0.6495398086971383,0.6096526424395277,0.6574059256280911,0.23260740318950845,0.250124673402623,51,10000,0.07003415526671097,0.056493291573045584,0.06982921179954421,0.08446579208766244,0.0,0.009079706046262617,0.6873468140861032,1.4734161676306528,51,10000,0.47427638591979987,1.0252684430300398,1.056826180835303,-1.6078182379454575,-1.912565552222863,-1.596239187723358,-1.2999468862827355,1.0
price_spell_round_trips,one_tick,queue_and_ofi,0.05,0.049998477049130394,0.04195804195804196,0.21928702232879937,100,10,100,2019-01-02,2019-10-17,2019-10-18,2019-12-31,65662,8723,366,303,144,0.17213114754098358,0.5247524752475248,0.5763888888888888,0.6495398086971383,0.6096526424395277,0.6574059256280911,0.23260740318950845,0.250124673402623,51,10000,0.07003415526671097,0.056493291573045584,0.06982921179954421,0.08446579208766244,0.0,0.009079706046262617,0.6873468140861032,1.4734161676306528,51,10000,0.3917226284660278,0.9922445212572707,1.0917843701840626,-1.6923062629753263,-2.043285426980114,-1.683960083689879,-1.3724711404937744,1.0
price_spell_round_trips,one_tick,queue_and_ofi,0.05,0.049998477049130394,0.04195804195804196,0.21928702232879937,100,100,100,2019-01-02,2019-10-17,2019-10-18,2019-12-31,65662,8723,366,164,74,0.5519125683060109,0.5487804878048781,0.581081081081081,0.6495398086971383,0.6096526424395277,0.6574059256280911,0.23260740318950845,0.250124673402623,51,10000,0.07003415526671097,0.056493291573045584,0.06982921179954421,0.08446579208766244,0.0,0.009079706046262617,0.6873468140861032,1.4734161676306528,51,10000,0.21592183287268915,0.711962071122473,0.7728572862862162,-1.2688975245363379,-1.5476310174972534,-1.2603030359159884,-1.0243542437780593,1.0
price_spell_round_trips,one_tick,queue_and_ofi,0.05,0.049998477049130394,0.04195804195804196,0.21928702232879937,100,1000,100,2019-01-02,2019-10-17,2019-10-18,2019-12-31,65662,8723,366,53,22,0.855191256830601,0.5849056603773585,0.6363636363636364,0.6495398086971383,0.6096526424395277,0.6574059256280911,0.23260740318950845,0.250124673402623,51,10000,0.07003415526671097,0.056493291573045584,0.06982921179954421,0.08446579208766244,0.0,0.009079706046262617,0.6873468140861032,1.4734161676306528,51,10000,0.08603657173186363,0.6706713699531364,0.631139079703,-1.2157738779246363,-1.7242031082272062,-1.1997933595317982,-0.8715654737789569,1.0
price_spell_round_trips,one_tick,queue_and_ofi,0.05,0.049998477049130394,0.04195804195804196,0.21928702232879937,100,10000,100,2019-01-02,2019-10-17,2019-10-18,2019-12-31,65662,8723,366,34,14,0.907103825136612,0.5882352941176471,0.6428571428571429,0.6495398086971383,0.6096526424395277,0.6574059256280911,0.23260740318950845,0.250124673402623,51,10000,0.07003415526671097,0.056493291573045584,0.06982921179954421,0.08446579208766244,0.0,0.009079706046262617,0.6873468140861032,1.4734161676306528,51,10000,0.1750407375457143,0.7188210035551429,0.7168373373274287,-1.2606176033375,-1.973714375879331,-1.230670106821468,-0.74330697804859,1.0
price_spell_round_trips,one_tick,queue_and_ofi,0.05,0.049998477049130394,0.04195804195804196,0.21928702232879937,100,0,500,2019-01-02,2019-10-17,2019-10-18,2019-12-31,65662,8723,366,366,2,0.0,0.994535519125683,0.0,0.6495398086971383,0.6096526424395277,0.6574059256280911,0.23260740318950845,0.250124673402623,51,10000,0.07003415526671097,0.056493291573045584,0.06982921179954421,0.08446579208766244,0.0,0.009079706046262617,0.6873468140861032,1.4734161676306528,51,10000,0.1361058150245,0.405252245649,1.790351335592,-2.0594977662175,-3.64598143986,-2.0594977662175,-0.473014092575,1.0
price_spell_round_trips,one_tick,queue_and_ofi,0.05,0.049998477049130394,0.04195804195804196,0.21928702232879937,100,10,500,2019-01-02,2019-10-17,2019-10-18,2019-12-31,65662,8723,366,303,2,0.17213114754098358,0.9933993399339934,0.0,0.6495398086971383,0.6096526424395277,0.6574059256280911,0.23260740318950845,0.250124673402623,51,10000,0.07003415526671097,0.056493291573045584,0.06982921179954421,0.08446579208766244,0.0,0.009079706046262617,0.6873468140861032,1.4734161676306528,51,10000,0.1361058150245,0.405252245649,1.790351335592,-2.0594977662175,-3.64598143986,-2.0594977662175,-0.473014092575,1.0
price_spell_round_trips,one_tick,queue_and_ofi,0.05,0.049998477049130394,0.04195804195804196,0.21928702232879937,100,100,500,2019-01-02,2019-10-17,2019-10-18,2019-12-31,65662,8723,366,164,2,0.5519125683060109,0.9878048780487805,0.0,0.6495398086971383,0.6096526424395277,0.6574059256280911,0.23260740318950845,0.250124673402623,51,10000,0.07003415526671097,0.056493291573045584,0.06982921179954421,0.08446579208766244,0.0,0.009079706046262617,0.6873468140861032,1.4734161676306528,51,10000,0.1361058150245,0.405252245649,1.790351335592,-2.0594977662175,-3.64598143986,-2.0594977662175,-0.473014092575,1.0
price_spell_round_trips,one_tick,queue_and_ofi,0.05,0.049998477049130394,0.04195804195804196,0.21928702232879937,100,1000,500,2019-01-02,2019-10-17,2019-10-18,2019-12-31,65662,8723,366,53,0,0.855191256830601,1.0,,0.6495398086971383,0.6096526424395277,0.6574059256280911,0.23260740318950845,0.250124673402623,51,10000,0.07003415526671097,0.056493291573045584,0.06982921179954421,0.08446579208766244,0.0,0.009079706046262617,0.6873468140861032,1.4734161676306528,51,0,,,,,,,,
price_spell_round_trips,one_tick,queue_and_ofi,0.05,0.049998477049130394,0.04195804195804196,0.21928702232879937,100,10000,500,2019-01-02,2019-10-17,2019-10-18,2019-12-31,65662,8723,366,34,0,0.907103825136612,1.0,,0.6495398086971383,0.6096526424395277,0.6574059256280911,0.23260740318950845,0.250124673402623,51,10000,0.07003415526671097,0.056493291573045584,0.06982921179954421,0.08446579208766244,0.0,0.009079706046262617,0.6873468140861032,1.4734161676306528,51,0,,,,,,,,
price_spell_round_trips,one_tick,queue_and_ofi,0.1,0.13543602083396789,0.12839619396996446,0.16245505500574076,100,0,1,2019-01-02,2019-10-17,2019-10-18,2019-12-31,65662,8723,1120,1120,1120,0.0,0.0,0.725,0.6495398086971383,0.6096526424395277,0.6574059256280911,0.23260740318950845,0.250124673402623,51,10000,0.07003415526671097,0.056493291573045584,0.06982921179954421,0.08446579208766244,0.0,0.009079706046262617,0.6873468140861032,1.4734161676306528,51,10000,0.25500356850951944,0.1477395542689214,0.7912879003956287,-0.684023886155134,-0.7563653327901545,-0.6833047697141517,-0.6185921026679859,1.0
price_spell_round_trips,one_tick,queue_and_ofi,0.1,0.13543602083396789,0.12839619396996446,0.16245505500574076,100,10,1,2019-01-02,2019-10-17,2019-10-18,2019-12-31,65662,8723,1120,1006,1006,0.10178571428571426,0.0,0.7415506958250497,0.6495398086971383,0.6096526424395277,0.6574059256280911,0.23260740318950845,0.250124673402623,51,10000,0.07003415526671097,0.056493291573045584,0.06982921179954421,0.08446579208766244,0.0,0.009079706046262617,0.6873468140861032,1.4734161676306528,51,10000,0.2066942842994093,0.1475328998182684,0.7724555646570098,-0.7132941801758828,-0.7941114380691844,-0.7128053242694203,-0.6409375186767645,1.0
price_spell_round_trips,one_tick,queue_and_ofi,0.1,0.13543602083396789,0.12839619396996446,0.16245505500574076,100,100,1,2019-01-02,2019-10-17,2019-10-18,2019-12-31,65662,8723,1120,689,689,0.38482142857142854,0.0,0.8011611030478955,0.6495398086971383,0.6096526424395277,0.6574059256280911,0.23260740318950845,0.250124673402623,51,10000,0.07003415526671097,0.056493291573045584,0.06982921179954421,0.08446579208766244,0.0,0.009079706046262617,0.6873468140861032,1.4734161676306528,51,10000,0.05273443415341043,0.1474032814171597,0.6949613262330928,-0.7896301734968594,-0.8916747870750024,-0.787963060973472,-0.7025528215310602,1.0
price_spell_round_trips,one_tick,queue_and_ofi,0.1,0.13543602083396789,0.12839619396996446,0.16245505500574076,100,1000,1,2019-01-02,2019-10-17,2019-10-18,2019-12-31,65662,8723,1120,289,289,0.7419642857142856,0.0,0.8546712802768166,0.6495398086971383,0.6096526424395277,0.6574059256280911,0.23260740318950845,0.250124673402623,51,10000,0.07003415526671097,0.056493291573045584,0.06982921179954421,0.08446579208766244,0.0,0.009079706046262617,0.6873468140861032,1.4734161676306528,51,10000,0.03040986326311605,0.14849795308818686,0.6037697865520866,-0.7218578763769308,-0.8357571804320992,-0.7198983225927409,-0.6234862779033058,1.0
price_spell_round_trips,one_tick,queue_and_ofi,0.1,0.13543602083396789,0.12839619396996446,0.16245505500574076,100,10000,1,2019-01-02,2019-10-17,2019-10-18,2019-12-31,65662,8723,1120,194,194,0.8267857142857142,0.0,0.8556701030927835,0.6495398086971383,0.6096526424395277,0.6574059256280911,0.23260740318950845,0.250124673402623,51,10000,0.07003415526671097,0.056493291573045584,0.06982921179954421,0.08446579208766244,0.0,0.009079706046262617,0.6873468140861032,1.4734161676306528,51,10000,0.056658262434849525,0.1493836178781907,0.6227491558195464,-0.7154745112629743,-0.868345257791744,-0.7112269560044654,-0.5841030756943494,1.0
price_spell_round_trips,one_tick,queue_and_ofi,0.1,0.13543602083396789,0.12839619396996446,0.16245505500574076,100,0,100,2019-01-02,2019-10-17,2019-10-18,2019-12-31,65662,8723,1120,1120,532,0.0,0.525,0.7105263157894737,0.6495398086971383,0.6096526424395277,0.6574059256280911,0.23260740318950845,0.250124673402623,51,10000,0.07003415526671097,0.056493291573045584,0.06982921179954421,0.08446579208766244,0.0,0.009079706046262617,0.6873468140861032,1.4734161676306528,51,10000,0.3575124104614816,0.8175846482977425,0.9382461667471692,-1.3983184045836012,-1.5460625417998608,-1.3984882632983169,-1.2592244906302805,1.0
price_spell_round_trips,one_tick,queue_and_ofi,0.1,0.13543602083396789,0.12839619396996446,0.16245505500574076,100,10,100,2019-01-02,2019-10-17,2019-10-18,2019-12-31,65662,8723,1120,1006,472,0.10178571428571426,0.5308151093439364,0.7266949152542372,0.6495398086971383,0.6096526424395277,0.6574059256280911,0.23260740318950845,0.250124673402623,51,10000,0.07003415526671097,0.056493291573045584,0.06982921179954421,0.08446579208766244,0.0,0.009079706046262617,0.6873468140861032,1.4734161676306528,51,10000,0.30609288673118046,0.7951888477532119,0.9428455773604301,-1.4319415383826846,-1.5809183130091624,-1.4321219089488837,-1.3000600930716568,1.0
price_spell_round_trips,one_tick,queue_and_ofi,0.1,0.13543602083396789,0.12839619396996446,0.16245505500574076,100,100,100,2019-01-02,2019-10-17,2019-10-18,2019-12-31,65662,8723,1120,689,308,0.38482142857142854,0.5529753265602322,0.7857142857142857,0.6495398086971383,0.6096526424395277,0.6574059256280911,0.23260740318950845,0.250124673402623,51,10000,0.07003415526671097,0.056493291573045584,0.06982921179954421,0.08446579208766244,0.0,0.009079706046262617,0.6873468140861032,1.4734161676306528,51,10000,0.11032041006614522,0.6822538504919838,0.7912471020586785,-1.3631805424847174,-1.5529798597610023,-1.360784119632954,-1.2090385620222257,1.0
price_spell_round_trips,one_tick,queue_and_ofi,0.1,0.13543602083396789,0.12839619396996446,0.16245505500574076,100,1000,100,2019-01-02,2019-10-17,2019-10-18,2019-12-31,65662,8723,1120,289,131,0.7419642857142856,0.546712802768166,0.8549618320610687,0.6495398086971383,0.6096526424395277,0.6574059256280911,0.23260740318950845,0.250124673402623,51,10000,0.07003415526671097,0.056493291573045584,0.06982921179954421,0.08446579208766244,0.0,0.009079706046262617,0.6873468140861032,1.4734161676306528,51,10000,0.08902745337775153,0.627623666948832,0.6596657568298321,-1.1982619704020612,-1.4109066747361263,-1.1928017514071807,-1.0267230122950537,1.0
price_spell_round_trips,one_tick,queue_and_ofi,0.1,0.13543602083396789,0.12839619396996446,0.16245505500574076,100,10000,100,2019-01-02,2019-10-17,2019-10-18,2019-12-31,65662,8723,1120,194,89,0.8267857142857142,0.5412371134020619,0.8876404494382022,0.6495398086971383,0.6096526424395277,0.6574059256280911,0.23260740318950845,0.250124673402623,51,10000,0.07003415526671097,0.056493291573045584,0.06982921179954421,0.08446579208766244,0.0,0.009079706046262617,0.6873468140861032,1.4734161676306528,51,10000,0.1280033976389107,0.6663397819891012,0.6818121715852696,-1.2201485559362246,-1.4941974825103126,-1.2119693903381124,-0.9962217415159563,1.0
price_spell_round_trips,one_tick,queue_and_ofi,0.1,0.13543602083396789,0.12839619396996446,0.16245505500574076,100,0,500,2019-01-02,2019-10-17,2019-10-18,2019-12-31,65662,8723,1120,1120,25,0.0,0.9776785714285714,0.88,0.6495398086971383,0.6096526424395277,0.6574059256280911,0.23260740318950845,0.250124673402623,51,10000,0.07003415526671097,0.056493291573045584,0.06982921179954421,0.08446579208766244,0.0,0.009079706046262617,0.6873468140861032,1.4734161676306528,51,10000,0.10009682939920003,0.9240083644334001,1.0669132512186401,-1.8908247862524796,-3.0966310437708082,-1.8353325466955122,-1.104449408846348,1.0
price_spell_round_trips,one_tick,queue_and_ofi,0.1,0.13543602083396789,0.12839619396996446,0.16245505500574076,100,10,500,2019-01-02,2019-10-17,2019-10-18,2019-12-31,65662,8723,1120,1006,25,0.10178571428571426,0.9751491053677932,0.88,0.6495398086971383,0.6096526424395277,0.6574059256280911,0.23260740318950845,0.250124673402623,51,10000,0.07003415526671097,0.056493291573045584,0.06982921179954421,0.08446579208766244,0.0,0.009079706046262617,0.6873468140861032,1.4734161676306528,51,10000,0.10009682939920003,0.9240083644334001,1.0669132512186401,-1.8908247862524796,-3.0966310437708082,-1.8353325466955122,-1.104449408846348,1.0
price_spell_round_trips,one_tick,queue_and_ofi,0.1,0.13543602083396789,0.12839619396996446,0.16245505500574076,100,100,500,2019-01-02,2019-10-17,2019-10-18,2019-12-31,65662,8723,1120,689,22,0.38482142857142854,0.9680696661828737,0.8636363636363636,0.6495398086971383,0.6096526424395277,0.6574059256280911,0.23260740318950845,0.250124673402623,51,10000,0.07003415526671097,0.056493291573045584,0.06982921179954421,0.08446579208766244,0.0,0.009079706046262617,0.6873468140861032,1.4734161676306528,51,10000,0.07807812674322728,0.9161062244623636,1.1480268448214999,-1.9860549425405454,-3.281685810525448,-1.9161475296656372,-1.1160518496423368,1.0
price_spell_round_trips,one_tick,queue_and_ofi,0.1,0.13543602083396789,0.12839619396996446,0.16245505500574076,100,1000,500,2019-01-02,2019-10-17,2019-10-18,2019-12-31,65662,8723,1120,289,14,0.7419642857142856,0.9515570934256056,0.9285714285714286,0.6495398086971383,0.6096526424395277,0.6574059256280911,0.23260740318950845,0.250124673402623,51,10000,0.07003415526671097,0.056493291573045584,0.06982921179954421,0.08446579208766244,0.0,0.009079706046262617,0.6873468140861032,1.4734161676306528,51,10000,-0.037718086236642856,0.7722324753156428,1.0079451656713572,-1.8178957272231426,-3.56714595976412,-1.7414757092297874,-0.9049978606301994,1.0
price_spell_round_trips,one_tick,queue_and_ofi,0.1,0.13543602083396789,0.12839619396996446,0.16245505500574076,100,10000,500,2019-01-02,2019-10-17,2019-10-18,2019-12-31,65662,8723,1120,194,10,0.8267857142857142,0.9484536082474226,1.0,0.6495398086971383,0.6096526424395277,0.6574059256280911,0.23260740318950845,0.250124673402623,51,10000,0.07003415526671097,0.056493291573045584,0.06982921179954421,0.08446579208766244,0.0,0.009079706046262617,0.6873468140861032,1.4734161676306528,51,10000,-0.05658190472479994,0.9388566058648999,1.0875300499183,-2.082968560509,-4.3975806034184,-1.996777830180364,-1.0088407838114402,1.0
price_spell_round_trips,one_tick,queue_and_ofi,0.2,0.2031768755139959,0.22985211509801673,0.15246884754945034,100,0,1,2019-01-02,2019-10-17,2019-10-18,2019-12-31,65662,8723,2005,2005,2005,0.0,0.0,0.5271820448877805,0.6495398086971383,0.6096526424395277,0.6574059256280911,0.23260740318950845,0.250124673402623,51,10000,0.07003415526671097,0.056493291573045584,0.06982921179954421,0.08446579208766244,0.0,0.009079706046262617,0.6873468140861032,1.4734161676306528,51,10000,0.20511700211588646,0.1480108843919132,0.7142926257291288,-0.657186508005224,-0.7157902956694119,-0.6570715895713273,-0.6070939257148694,1.0
price_spell_round_trips,one_tick,queue_and_ofi,0.2,0.2031768755139959,0.22985211509801673,0.15246884754945034,100,10,1,2019-01-02,2019-10-17,2019-10-18,2019-12-31,65662,8723,2005,1869,1869,0.0678304239401496,0.0,0.5254146602461209,0.6495398086971383,0.6096526424395277,0.6574059256280911,0.23260740318950845,0.250124673402623,51,10000,0.07003415526671097,0.056493291573045584,0.06982921179954421,0.08446579208766244,0.0,0.009079706046262617,0.6873468140861032,1.4734161676306528,51,10000,0.1743647330594636,0.14791559317346228,0.6998629059196654,-0.6734137660336212,-0.7363003305898712,-0.6733333452001764,-0.6203691368322469,1.0
price_spell_round_trips,one_tick,queue_and_ofi,0.2,0.2031768755139959,0.22985211509801673,0.15246884754945034,100,100,1,2019-01-02,2019-10-17,2019-10-18,2019-12-31,65662,8723,2005,1435,1435,0.28428927680798,0.0,0.5275261324041812,0.6495398086971383,0.6096526424395277,0.6574059256280911,0.23260740318950845,0.250124673402623,51,10000,0.07003415526671097,0.056493291573045584,0.06982921179954421,0.08446579208766244,0.0,0.009079706046262617,0.6873468140861032,1.4734161676306528,51,10000,0.09200143544750827,0.14789465641065436,0.6564694440957353,-0.7123626650590152,-0.7854246161120629,-0.712005206705831,-0.651136487013344,1.0
price_spell_round_trips,one_tick,queue_and_ofi,0.2,0.2031768755139959,0.22985211509801673,0.15246884754945034,100,1000,1,2019-01-02,2019-10-17,2019-10-18,2019-12-31,65662,8723,2005,691,691,0.655361596009975,0.0,0.492040520984081,0.6495398086971383,0.6096526424395277,0.6574059256280911,0.23260740318950845,0.250124673402623,51,10000,0.07003415526671097,0.056493291573045584,0.06982921179954421,0.08446579208766244,0.0,0.009079706046262617,0.6873468140861032,1.4734161676306528,51,10000,0.0715654904741915,0.14865457929069031,0.6004560797506151,-0.6775451685669639,-0.7542343489604749,-0.676866298742444,-0.6126376194424731,1.0
price_spell_round_trips,one_tick,queue_and_ofi,0.2,0.2031768755139959,0.22985211509801673,0.15246884754945034,100,10000,1,2019-01-02,2019-10-17,2019-10-18,2019-12-31,65662,8723,2005,468,468,0.7665835411471322,0.0,0.4893162393162393,0.6495398086971383,0.6096526424395277,0.6574059256280911,0.23260740318950845,0.250124673402623,51,10000,0.07003415526671097,0.056493291573045584,0.06982921179954421,0.08446579208766244,0.0,0.009079706046262617,0.6873468140861032,1.4734161676306528,51,10000,0.09025643024401242,0.14860504603872646,0.6190889739557458,-0.6774375897504572,-0.7761219916563445,-0.674915696806949,-0.5933270456895399,1.0
price_spell_round_trips,one_tick,queue_and_ofi,0.2,0.2031768755139959,0.22985211509801673,0.15246884754945034,100,0,100,2019-01-02,2019-10-17,2019-10-18,2019-12-31,65662,8723,2005,2005,979,0.0,0.5117206982543641,0.5270684371807968,0.6495398086971383,0.6096526424395277,0.6574059256280911,0.23260740318950845,0.250124673402623,51,10000,0.07003415526671097,0.056493291573045584,0.06982921179954421,0.08446579208766244,0.0,0.009079706046262617,0.6873468140861032,1.4734161676306528,51,10000,0.30420924296729884,0.7430894433343219,0.8470972631487282,-1.2859774635155934,-1.415403682974979,-1.2855609142398103,-1.1829745498034332,1.0
price_spell_round_trips,one_tick,queue_and_ofi,0.2,0.2031768755139959,0.22985211509801673,0.15246884754945034,100,10,100,2019-01-02,2019-10-17,2019-10-18,2019-12-31,65662,8723,2005,1869,907,0.0678304239401496,0.5147137506688069,0.5248070562293274,0.6495398086971383,0.6096526424395277,0.6574059256280911,0.23260740318950845,0.250124673402623,51,10000,0.07003415526671097,0.056493291573045584,0.06982921179954421,0.08446579208766244,0.0,0.009079706046262617,0.6873468140861032,1.4734161676306528,51,10000,0.27116934776183754,0.7267645242559094,0.8455904681133165,-1.3011856446074765,-1.448299076107372,-1.3006199700690217,-1.1882405148004564,1.0
price_spell_round_trips,one_tick,queue_and_ofi,0.2,0.2031768755139959,0.22985211509801673,0.15246884754945034,100,100,100,2019-01-02,2019-10-17,2019-10-18,2019-12-31,65662,8723,2005,1435,683,0.28428927680798,0.5240418118466899,0.5197657393850659,0.6495398086971383,0.6096526424395277,0.6574059256280911,0.23260740318950845,0.250124673402623,51,10000,0.07003415526671097,0.056493291573045584,0.06982921179954421,0.08446579208766244,0.0,0.009079706046262617,0.6873468140861032,1.4734161676306528,51,10000,0.17850734506470542,0.664433210993918,0.7613678310807291,-1.2472936970103619,-1.4282818173209382,-1.2467195740225219,-1.1016287296499623,1.0
price_spell_round_trips,one_tick,queue_and_ofi,0.2,0.2031768755139959,0.22985211509801673,0.15246884754945034,100,1000,100,2019-01-02,2019-10-17,2019-10-18,2019-12-31,65662,8723,2005,691,343,0.655361596009975,0.5036179450072359,0.4839650145772595,0.6495398086971383,0.6096526424395277,0.6574059256280911,0.23260740318950845,0.250124673402623,51,10000,0.07003415526671097,0.056493291573045584,0.06982921179954421,0.08446579208766244,0.0,0.009079706046262617,0.6873468140861032,1.4734161676306528,51,10000,0.13559385884307068,0.6378314551398659,0.6841572164638717,-1.1863948127612303,-1.4573664639765376,-1.178259449596466,-1.0032646348812237,1.0
price_spell_round_trips,one_tick,queue_and_ofi,0.2,0.2031768755139959,0.22985211509801673,0.15246884754945034,100,10000,100,2019-01-02,2019-10-17,2019-10-18,2019-12-31,65662,8723,2005,468,251,0.7665835411471322,0.4636752136752137,0.4900398406374502,0.6495398086971383,0.6096526424395277,0.6574059256280911,0.23260740318950845,0.250124673402623,51,10000,0.07003415526671097,0.056493291573045584,0.06982921179954421,0.08446579208766244,0.0,0.009079706046262617,0.6873468140861032,1.4734161676306528,51,10000,0.14314746369876913,0.7102758981507051,0.703189569859267,-1.270318004310769,-1.6184706700373273,-1.2562587243203482,-1.0382493043471321,1.0
price_spell_round_trips,one_tick,queue_and_ofi,0.2,0.2031768755139959,0.22985211509801673,0.15246884754945034,100,0,500,2019-01-02,2019-10-17,2019-10-18,2019-12-31,65662,8723,2005,2005,58,0.0,0.971072319201995,0.5,0.6495398086971383,0.6096526424395277,0.6574059256280911,0.23260740318950845,0.250124673402623,51,10000,0.07003415526671097,0.056493291573045584,0.06982921179954421,0.08446579208766244,0.0,0.009079706046262617,0.6873468140861032,1.4734161676306528,51,10000,0.07852345623974137,1.3124522216092758,0.8965137494318449,-2.130442514802518,-3.4588239898568514,-2.0911245834034284,-1.2668216160503045,1.0
price_spell_round_trips,one_tick,queue_and_ofi,0.2,0.2031768755139959,0.22985211509801673,0.15246884754945034,100,10,500,2019-01-02,2019-10-17,2019-10-18,2019-12-31,65662,8723,2005,1869,58,0.0678304239401496,0.9689673622257892,0.5,0.6495398086971383,0.6096526424395277,0.6574059256280911,0.23260740318950845,0.250124673402623,51,10000,0.07003415526671097,0.056493291573045584,0.06982921179954421,0.08446579208766244,0.0,0.009079706046262617,0.6873468140861032,1.4734161676306528,51,10000,0.07852345623974137,1.3124522216092758,0.8965137494318449,-2.130442514802518,-3.4588239898568514,-2.0911245834034284,-1.2668216160503045,1.0
price_spell_round_trips,one_tick,queue_and_ofi,0.2,0.2031768755139959,0.22985211509801673,0.15246884754945034,100,100,500,2019-01-02,2019-10-17,2019-10-18,2019-12-31,65662,8723,2005,1435,52,0.28428927680798,0.9637630662020906,0.4423076923076923,0.6495398086971383,0.6096526424395277,0.6574059256280911,0.23260740318950845,0.250124673402623,51,10000,0.07003415526671097,0.056493291573045584,0.06982921179954421,0.08446579208766244,0.0,0.009079706046262617,0.6873468140861032,1.4734161676306528,51,10000,0.014549605463750016,1.2056667740250768,0.8657039896596732,-2.0568211582223657,-3.53887573791488,-2.004526321200526,-1.1712335462464445,1.0
price_spell_round_trips,one_tick,queue_and_ofi,0.2,0.2031768755139959,0.22985211509801673,0.15246884754945034,100,1000,500,2019-01-02,2019-10-17,2019-10-18,2019-12-31,65662,8723,2005,691,36,0.655361596009975,0.9479015918958031,0.3888888888888889,0.6495398086971383,0.6096526424395277,0.6574059256280911,0.23260740318950845,0.250124673402623,51,10000,0.07003415526671097,0.056493291573045584,0.06982921179954421,0.08446579208766244,0.0,0.009079706046262617,0.6873468140861032,1.4734161676306528,51,10000,-0.11579620120052775,1.1577683317916665,0.7790709133929167,-2.05263544638425,-4.019235109887657,-1.9566842886220805,-0.9464088370551872,1.0
price_spell_round_trips,one_tick,queue_and_ofi,0.2,0.2031768755139959,0.22985211509801673,0.15246884754945034,100,10000,500,2019-01-02,2019-10-17,2019-10-18,2019-12-31,65662,8723,2005,468,24,0.7665835411471322,0.9487179487179487,0.4583333333333333,0.6495398086971383,0.6096526424395277,0.6574059256280911,0.23260740318950845,0.250124673402623,51,10000,0.07003415526671097,0.056493291573045584,0.06982921179954421,0.08446579208766244,0.0,0.009079706046262617,0.6873468140861032,1.4734161676306528,51,10000,-0.23235870602341666,1.5394237477446249,0.9131168259353749,-2.68489927970175,-5.379724402912193,-2.542662316717422,-1.0853671714384399,1.0
price_spell_round_trips,one_tick,queue_and_ofi,1.0,1.0,1.0,0.0,100,0,1,2019-01-02,2019-10-17,2019-10-18,2019-12-31,65662,8723,8723,8723,8723,0.0,0.0,0.5100309526539035,0.6495398086971383,0.6096526424395277,0.6574059256280911,0.23260740318950845,0.250124673402623,51,10000,0.07003415526671097,0.056493291573045584,0.06982921179954421,0.08446579208766244,0.0,0.009079706046262617,0.6873468140861032,1.4734161676306528,51,10000,0.10099949984704948,0.14700219101175063,0.7516961005005934,-0.7976987916652719,-0.858219300197679,-0.7976805591884317,-0.7430530750513562,1.0
price_spell_round_trips,one_tick,queue_and_ofi,1.0,1.0,1.0,0.0,100,10,1,2019-01-02,2019-10-17,2019-10-18,2019-12-31,65662,8723,8723,8404,8404,0.03656998738965955,0.0,0.5091623036649214,0.6495398086971383,0.6096526424395277,0.6574059256280911,0.23260740318950845,0.250124673402623,51,10000,0.07003415526671097,0.056493291573045584,0.06982921179954421,0.08446579208766244,0.0,0.009079706046262617,0.6873468140861032,1.4734161676306528,51,10000,0.0888576362855782,0.14694019700671823,0.7467334316576858,-0.804815992378808,-0.8665146664424512,-0.8048732621910188,-0.7484133446977604,1.0
price_spell_round_trips,one_tick,queue_and_ofi,1.0,1.0,1.0,0.0,100,100,1,2019-01-02,2019-10-17,2019-10-18,2019-12-31,65662,8723,8723,6933,6933,0.20520463143413958,0.0,0.50237992211164,0.6495398086971383,0.6096526424395277,0.6574059256280911,0.23260740318950845,0.250124673402623,51,10000,0.07003415526671097,0.056493291573045584,0.06982921179954421,0.08446579208766244,0.0,0.009079706046262617,0.6873468140861032,1.4734161676306528,51,10000,0.06156928573164124,0.1466944228296817,0.7149115593731421,-0.8000366964712076,-0.8605639453002122,-0.8002528936169055,-0.7465039988050263,1.0
price_spell_round_trips,one_tick,queue_and_ofi,1.0,1.0,1.0,0.0,100,1000,1,2019-01-02,2019-10-17,2019-10-18,2019-12-31,65662,8723,8723,3063,3063,0.6488593373839275,0.0,0.4773098269670258,0.6495398086971383,0.6096526424395277,0.6574059256280911,0.23260740318950845,0.250124673402623,51,10000,0.07003415526671097,0.056493291573045584,0.06982921179954421,0.08446579208766244,0.0,0.009079706046262617,0.6873468140861032,1.4734161676306528,51,10000,0.06141019730421381,0.147150355962652,0.6255764865776895,-0.711316645236109,-0.764389341660208,-0.710357128790696,-0.6676510010471285,1.0
price_spell_round_trips,one_tick,queue_and_ofi,1.0,1.0,1.0,0.0,100,10000,1,2019-01-02,2019-10-17,2019-10-18,2019-12-31,65662,8723,8723,1990,1990,0.7718674767855096,0.0,0.4758793969849246,0.6495398086971383,0.6096526424395277,0.6574059256280911,0.23260740318950845,0.250124673402623,51,10000,0.07003415526671097,0.056493291573045584,0.06982921179954421,0.08446579208766244,0.0,0.009079706046262617,0.6873468140861032,1.4734161676306528,51,10000,0.07198822146905369,0.14713401054394976,0.6233937686037759,-0.6985395576787031,-0.7628579763034675,-0.6969877859299376,-0.6489820295889445,1.0
price_spell_round_trips,one_tick,queue_and_ofi,1.0,1.0,1.0,0.0,100,0,100,2019-01-02,2019-10-17,2019-10-18,2019-12-31,65662,8723,8723,8723,5470,0.0,0.37292215980740573,0.5206581352833638,0.6495398086971383,0.6096526424395277,0.6574059256280911,0.23260740318950845,0.250124673402623,51,10000,0.07003415526671097,0.056493291573045584,0.06982921179954421,0.08446579208766244,0.0,0.009079706046262617,0.6873468140861032,1.4734161676306528,51,10000,0.1780244921078909,0.4007254931247466,0.901734247438172,-1.1244352484549016,-1.2135052232788035,-1.1249180197766138,-1.0357883629885034,1.0
price_spell_round_trips,one_tick,queue_and_ofi,1.0,1.0,1.0,0.0,100,10,100,2019-01-02,2019-10-17,2019-10-18,2019-12-31,65662,8723,8723,8404,5278,0.03656998738965955,0.371965730604474,0.5187571049640015,0.6495398086971383,0.6096526424395277,0.6574059256280911,0.23260740318950845,0.250124673402623,51,10000,0.07003415526671097,0.056493291573045584,0.06982921179954421,0.08446579208766244,0.0,0.009079706046262617,0.6873468140861032,1.4734161676306528,51,10000,0.16527265539200492,0.39620877564802315,0.8999613678407499,-1.130897488096683,-1.2227792037394918,-1.1313526143412993,-1.0406286170011694,1.0
price_spell_round_trips,one_tick,queue_and_ofi,1.0,1.0,1.0,0.0,100,100,100,2019-01-02,2019-10-17,2019-10-18,2019-12-31,65662,8723,8723,6933,4364,0.20520463143413958,0.3705466608971585,0.5087076076993584,0.6495398086971383,0.6096526424395277,0.6574059256280911,0.23260740318950845,0.250124673402623,51,10000,0.07003415526671097,0.056493291573045584,0.06982921179954421,0.08446579208766244,0.0,0.009079706046262617,0.6873468140861032,1.4734161676306528,51,10000,0.1306718121622868,0.3808029537160985,0.8557794970032198,-1.1059106385571005,-1.2016880448482605,-1.105704057069962,-1.0171808925481982,1.0
price_spell_round_trips,one_tick,queue_and_ofi,1.0,1.0,1.0,0.0,100,1000,100,2019-01-02,2019-10-17,2019-10-18,2019-12-31,65662,8723,8723,3063,1931,0.6488593373839275,0.36957231472412666,0.48524080787156915,0.6495398086971383,0.6096526424395277,0.6574059256280911,0.23260740318950845,0.250124673402623,51,10000,0.07003415526671097,0.056493291573045584,0.06982921179954421,0.08446579208766244,0.0,0.009079706046262617,0.6873468140861032,1.4734161676306528,51,10000,0.10409985363937037,0.4098492085344552,0.7334419338793299,-1.0391912887744779,-1.1439007163121808,-1.0372141397122467,-0.9480385850841065,1.0
price_spell_round_trips,one_tick,queue_and_ofi,1.0,1.0,1.0,0.0,100,10000,100,2019-01-02,2019-10-17,2019-10-18,2019-12-31,65662,8723,8723,1990,1298,0.7718674767855096,0.34773869346733666,0.48459167950693377,0.6495398086971383,0.6096526424395277,0.6574059256280911,0.23260740318950845,0.250124673402623,51,10000,0.07003415526671097,0.056493291573045584,0.06982921179954421,0.08446579208766244,0.0,0.009079706046262617,0.6873468140861032,1.4734161676306528,51,10000,0.11169659534383206,0.43461294036161785,0.7033551419365232,-1.0262714869541703,-1.1372299138881117,-1.0248011687651397,-0.9370681004378539,1.0
price_spell_round_trips,one_tick,queue_and_ofi,1.0,1.0,1.0,0.0,100,0,500,2019-01-02,2019-10-17,2019-10-18,2019-12-31,65662,8723,8723,8723,263,0.0,0.9698498223088386,0.5551330798479087,0.6495398086971383,0.6096526424395277,0.6574059256280911,0.23260740318950845,0.250124673402623,51,10000,0.07003415526671097,0.056493291573045584,0.06982921179954421,0.08446579208766244,0.0,0.009079706046262617,0.6873468140861032,1.4734161676306528,51,10000,0.27256236940499734,0.8248325068063308,0.866394184653247,-1.4186643220549353,-1.902162000582356,-1.4119963595862906,-1.0929336071466296,1.0
price_spell_round_trips,one_tick,queue_and_ofi,1.0,1.0,1.0,0.0,100,10,500,2019-01-02,2019-10-17,2019-10-18,2019-12-31,65662,8723,8723,8404,256,0.03656998738965955,0.9695383150880533,0.55078125,0.6495398086971383,0.6096526424395277,0.6574059256280911,0.23260740318950845,0.250124673402623,51,10000,0.07003415526671097,0.056493291573045584,0.06982921179954421,0.08446579208766244,0.0,0.009079706046262617,0.6873468140861032,1.4734161676306528,51,10000,0.24349017653930966,0.8061969776435312,0.8419904439557343,-1.4046972450603983,-1.888377508995675,-1.3991373923879669,-1.0874958775584422,1.0
price_spell_round_trips,one_tick,queue_and_ofi,1.0,1.0,1.0,0.0,100,100,500,2019-01-02,2019-10-17,2019-10-18,2019-12-31,65662,8723,8723,6933,236,0.20520463143413958,0.9659599019183615,0.5466101694915254,0.6495398086971383,0.6096526424395277,0.6574059256280911,0.23260740318950845,0.250124673402623,51,10000,0.07003415526671097,0.056493291573045584,0.06982921179954421,0.08446579208766244,0.0,0.009079706046262617,0.6873468140861032,1.4734161676306528,51,10000,0.20282400167555298,0.8178043987789703,0.8112499389926229,-1.4262303360964914,-1.9069992178078645,-1.420724449723474,-1.1187347139805006,1.0
price_spell_round_trips,one_tick,queue_and_ofi,1.0,1.0,1.0,0.0,100,1000,500,2019-01-02,2019-10-17,2019-10-18,2019-12-31,65662,8723,8723,3063,152,0.6488593373839275,0.950375448906301,0.5328947368421053,0.6495398086971383,0.6096526424395277,0.6574059256280911,0.23260740318950845,0.250124673402623,51,10000,0.07003415526671097,0.056493291573045584,0.06982921179954421,0.08446579208766244,0.0,0.009079706046262617,0.6873468140861032,1.4734161676306528,51,10000,0.1398323613805925,0.8779496773203949,0.7636312120940066,-1.5017485280336973,-2.204935660946636,-1.4919062336961024,-1.0899000467267432,1.0
price_spell_round_trips,one_tick,queue_and_ofi,1.0,1.0,1.0,0.0,100,10000,500,2019-01-02,2019-10-17,2019-10-18,2019-12-31,65662,8723,8723,1990,120,0.7718674767855096,0.9396984924623115,0.5333333333333333,0.6495398086971383,0.6096526424395277,0.6574059256280911,0.23260740318950845,0.250124673402623,51,10000,0.07003415526671097,0.056493291573045584,0.06982921179954421,0.08446579208766244,0.0,0.009079706046262617,0.6873468140861032,1.4734161676306528,51,10000,0.09609310972189213,0.8959758551683751,0.775741771523625,-1.5756245169693,-2.4112678497227034,-1.5598861622542868,-1.0971268088649437,1.0
