sample,spread_bucket,model,target_train_signal_fraction,achieved_train_signal_fraction,test_signal_fraction,confidence_cutoff,latency_us,train_first_date,train_last_date,test_first_date,test_last_date,train_signals,test_signals,selected_test_signals,executable_test_signals,stale_fraction,buy_fraction,direction_roc_auc,direction_accuracy,direction_log_loss,direction_brier_score,direction_baseline_brier_score,direction_clusters,direction_replicates,direction_relative_brier_reduction,direction_relative_brier_reduction_lower_95,direction_relative_brier_reduction_median,direction_relative_brier_reduction_upper_95,direction_probability_nonpositive,intercept,queue_coefficient,ofi_coefficient,clusters,replicates,gross_midpoint_markout_mean_bps,half_spread_mean_bps,net_markout_mean_bps,net_markout_lower_95_bps,net_markout_median_bps,net_markout_upper_95_bps,probability_net_nonpositive
price_spell_landmarks,all_spreads,ofi,0.05,0.05780146048492931,0.045132581934866974,0.10076249300826984,0,2019-01-02,2019-10-17,2019-10-18,2019-12-31,7649651,2198301,99215,99215,0.0,0.507574459507131,0.5229623620184224,0.5128255866689776,0.6908107686616092,0.248816985144512,0.25000198706756166,51,10000,0.0047399700176361526,0.004329787518591049,0.004747609697585364,0.005117493327120859,0.0,0.009089513697119267,,1.6187141674317413,51,10000,0.12964172377748037,1.725511679119495,-1.5958699553420155,-1.7320927411090195,-1.5954010070824203,-1.4680864410710606,1.0
price_spell_landmarks,all_spreads,ofi,0.05,0.05780146048492931,0.045132581934866974,0.10076249300826984,10,2019-01-02,2019-10-17,2019-10-18,2019-12-31,7649651,2198301,99215,96261,0.029773723731290613,0.5075887431046842,0.5229623620184224,0.5128255866689776,0.6908107686616092,0.248816985144512,0.25000198706756166,51,10000,0.0047399700176361526,0.004329787518591049,0.004747609697585364,0.005117493327120859,0.0,0.009089513697119267,,1.6187141674317413,51,10000,0.12002385390624112,1.7426327965870767,-1.622608942680836,-1.7612637925808141,-1.6219563633797218,-1.4917042779822849,1.0
price_spell_landmarks,all_spreads,ofi,0.05,0.05780146048492931,0.045132581934866974,0.10076249300826984,100,2019-01-02,2019-10-17,2019-10-18,2019-12-31,7649651,2198301,99215,84071,0.15263820994809252,0.5073568769254558,0.5229623620184224,0.5128255866689776,0.6908107686616092,0.248816985144512,0.25000198706756166,51,10000,0.0047399700176361526,0.004329787518591049,0.004747609697585364,0.005117493327120859,0.0,0.009089513697119267,,1.6187141674317413,51,10000,0.08936393044695216,1.8063613093957493,-1.7169973789487967,-1.863466397529193,-1.715947507850748,-1.5783360907527357,1.0
price_spell_landmarks,all_spreads,ofi,0.05,0.05780146048492931,0.045132581934866974,0.10076249300826984,1000,2019-01-02,2019-10-17,2019-10-18,2019-12-31,7649651,2198301,99215,57990,0.41551176737388495,0.5052077944473184,0.5229623620184224,0.5128255866689776,0.6908107686616092,0.248816985144512,0.25000198706756166,51,10000,0.0047399700176361526,0.004329787518591049,0.004747609697585364,0.005117493327120859,0.0,0.009089513697119267,,1.6187141674317413,51,10000,0.044565107194879085,1.8991914325615618,-1.8546263253666828,-2.01269585816153,-1.8533824906099015,-1.7065065699535704,1.0
price_spell_landmarks,all_spreads,ofi,0.05,0.05780146048492931,0.045132581934866974,0.10076249300826984,10000,2019-01-02,2019-10-17,2019-10-18,2019-12-31,7649651,2198301,99215,40521,0.5915839338809656,0.518447224895733,0.5229623620184224,0.5128255866689776,0.6908107686616092,0.248816985144512,0.25000198706756166,51,10000,0.0047399700176361526,0.004329787518591049,0.004747609697585364,0.005117493327120859,0.0,0.009089513697119267,,1.6187141674317413,51,10000,0.02761555121190735,1.7822829898550165,-1.7546674386431091,-1.891534307161169,-1.7539528142031284,-1.6274183776038869,1.0
price_spell_landmarks,all_spreads,ofi,0.1,0.11002162059419443,0.0713473723571067,0.05427427719956757,0,2019-01-02,2019-10-17,2019-10-18,2019-12-31,7649651,2198301,156843,156843,0.0,0.5614276697079245,0.5229623620184224,0.5128255866689776,0.6908107686616092,0.248816985144512,0.25000198706756166,51,10000,0.0047399700176361526,0.004329787518591049,0.004747609697585364,0.005117493327120859,0.0,0.009089513697119267,,1.6187141674317413,51,10000,0.11260907448454051,1.8290732883591534,-1.7164642138746127,-1.8680562408004968,-1.7160288654680826,-1.5707161908386198,1.0
price_spell_landmarks,all_spreads,ofi,0.1,0.11002162059419443,0.0713473723571067,0.05427427719956757,10,2019-01-02,2019-10-17,2019-10-18,2019-12-31,7649651,2198301,156843,152962,0.024744489712642537,0.5616296858043174,0.5229623620184224,0.5128255866689776,0.6908107686616092,0.248816985144512,0.25000198706756166,51,10000,0.0047399700176361526,0.004329787518591049,0.004747609697585364,0.005117493327120859,0.0,0.009089513697119267,,1.6187141674317413,51,10000,0.10504314528882813,1.844718124541357,-1.7396749792525297,-1.8928216243492073,-1.7388907061003411,-1.5918494211175587,1.0
price_spell_landmarks,all_spreads,ofi,0.1,0.11002162059419443,0.0713473723571067,0.05427427719956757,100,2019-01-02,2019-10-17,2019-10-18,2019-12-31,7649651,2198301,156843,136147,0.13195360966061598,0.562656540357114,0.5229623620184224,0.5128255866689776,0.6908107686616092,0.248816985144512,0.25000198706756166,51,10000,0.0047399700176361526,0.004329787518591049,0.004747609697585364,0.005117493327120859,0.0,0.009089513697119267,,1.6187141674317413,51,10000,0.07956726234054137,1.9039190142502826,-1.8243517519097414,-1.9847352503553515,-1.823289609058952,-1.6707820627070378,1.0
price_spell_landmarks,all_spreads,ofi,0.1,0.11002162059419443,0.0713473723571067,0.05427427719956757,1000,2019-01-02,2019-10-17,2019-10-18,2019-12-31,7649651,2198301,156843,96476,0.384888072786162,0.5618806749865252,0.5229623620184224,0.5128255866689776,0.6908107686616092,0.248816985144512,0.25000198706756166,51,10000,0.0047399700176361526,0.004329787518591049,0.004747609697585364,0.005117493327120859,0.0,0.009089513697119267,,1.6187141674317413,51,10000,0.042995383746044155,2.006207916897719,-1.9632125331516745,-2.1319286109132785,-1.961562610995029,-1.801200356433979,1.0
price_spell_landmarks,all_spreads,ofi,0.1,0.11002162059419443,0.0713473723571067,0.05427427719956757,10000,2019-01-02,2019-10-17,2019-10-18,2019-12-31,7649651,2198301,156843,66830,0.5739051153063892,0.5764925931467904,0.5229623620184224,0.5128255866689776,0.6908107686616092,0.248816985144512,0.25000198706756166,51,10000,0.0047399700176361526,0.004329787518591049,0.004747609697585364,0.005117493327120859,0.0,0.009089513697119267,,1.6187141674317413,51,10000,0.028950179621391976,1.8797993089321092,-1.8508491293107168,-1.9967828940649832,-1.8497299746889673,-1.7118693725266008,1.0
price_spell_landmarks,all_spreads,ofi,0.2,1.0,1.0,0.0022723627792239354,0,2019-01-02,2019-10-17,2019-10-18,2019-12-31,7649651,2198301,2198301,2198301,0.0,0.950057794633219,0.5229623620184224,0.5128255866689776,0.6908107686616092,0.248816985144512,0.25000198706756166,51,10000,0.0047399700176361526,0.004329787518591049,0.004747609697585364,0.005117493327120859,0.0,0.009089513697119267,,1.6187141674317413,51,10000,0.016281466504842527,2.1696194734286154,-2.1533380069237724,-2.3311101433945534,-2.1514038744190067,-1.9840554520427356,1.0
price_spell_landmarks,all_spreads,ofi,0.2,1.0,1.0,0.0022723627792239354,10,2019-01-02,2019-10-17,2019-10-18,2019-12-31,7649651,2198301,2198301,2175478,0.010382108728513528,0.9506706112403803,0.5229623620184224,0.5128255866689776,0.6908107686616092,0.248816985144512,0.25000198706756166,51,10000,0.0047399700176361526,0.004329787518591049,0.004747609697585364,0.005117493327120859,0.0,0.009089513697119267,,1.6187141674317413,51,10000,0.015558941433816068,2.1762612290441417,-2.1607022876103255,-2.338570048067585,-2.1588314294318565,-1.9910792012094862,1.0
price_spell_landmarks,all_spreads,ofi,0.2,1.0,1.0,0.0022723627792239354,100,2019-01-02,2019-10-17,2019-10-18,2019-12-31,7649651,2198301,2198301,2044491,0.06996767048734454,0.9529599298798577,0.5229623620184224,0.5128255866689776,0.6908107686616092,0.248816985144512,0.25000198706756166,51,10000,0.0047399700176361526,0.004329787518591049,0.004747609697585364,0.005117493327120859,0.0,0.009089513697119267,,1.6187141674317413,51,10000,0.013060521203906363,2.206684983216711,-2.193624462012804,-2.3732592650984663,-2.191711613650577,-2.022439530322513,1.0
price_spell_landmarks,all_spreads,ofi,0.2,1.0,1.0,0.0022723627792239354,1000,2019-01-02,2019-10-17,2019-10-18,2019-12-31,7649651,2198301,2198301,1564677,0.2882335039651076,0.9562938548978479,0.5229623620184224,0.5128255866689776,0.6908107686616092,0.248816985144512,0.25000198706756166,51,10000,0.0047399700176361526,0.004329787518591049,0.004747609697585364,0.005117493327120859,0.0,0.009089513697119267,,1.6187141674317413,51,10000,0.010924549727924802,2.2546825917406785,-2.243758042012754,-2.4240881543664834,-2.2415489120833243,-2.0732961029076566,1.0
price_spell_landmarks,all_spreads,ofi,0.2,1.0,1.0,0.0022723627792239354,10000,2019-01-02,2019-10-17,2019-10-18,2019-12-31,7649651,2198301,2198301,1176470,0.46482761004976114,0.9607537803768902,0.5229623620184224,0.5128255866689776,0.6908107686616092,0.248816985144512,0.25000198706756166,51,10000,0.0047399700176361526,0.004329787518591049,0.004747609697585364,0.005117493327120859,0.0,0.009089513697119267,,1.6187141674317413,51,10000,0.01536366041952599,2.1749447175332257,-2.1595810571137,-2.333079422089039,-2.1576506870950753,-1.9955714024648532,1.0
price_spell_landmarks,all_spreads,ofi,1.0,1.0,1.0,0.0,0,2019-01-02,2019-10-17,2019-10-18,2019-12-31,7649651,2198301,2198301,2198301,0.0,0.950057794633219,0.5229623620184224,0.5128255866689776,0.6908107686616092,0.248816985144512,0.25000198706756166,51,10000,0.0047399700176361526,0.004329787518591049,0.004747609697585364,0.005117493327120859,0.0,0.009089513697119267,,1.6187141674317413,51,10000,0.016281466504842527,2.1696194734286154,-2.1533380069237724,-2.3311101433945534,-2.1514038744190067,-1.9840554520427356,1.0
price_spell_landmarks,all_spreads,ofi,1.0,1.0,1.0,0.0,10,2019-01-02,2019-10-17,2019-10-18,2019-12-31,7649651,2198301,2198301,2175478,0.010382108728513528,0.9506706112403803,0.5229623620184224,0.5128255866689776,0.6908107686616092,0.248816985144512,0.25000198706756166,51,10000,0.0047399700176361526,0.004329787518591049,0.004747609697585364,0.005117493327120859,0.0,0.009089513697119267,,1.6187141674317413,51,10000,0.015558941433816068,2.1762612290441417,-2.1607022876103255,-2.338570048067585,-2.1588314294318565,-1.9910792012094862,1.0
price_spell_landmarks,all_spreads,ofi,1.0,1.0,1.0,0.0,100,2019-01-02,2019-10-17,2019-10-18,2019-12-31,7649651,2198301,2198301,2044491,0.06996767048734454,0.9529599298798577,0.5229623620184224,0.5128255866689776,0.6908107686616092,0.248816985144512,0.25000198706756166,51,10000,0.0047399700176361526,0.004329787518591049,0.004747609697585364,0.005117493327120859,0.0,0.009089513697119267,,1.6187141674317413,51,10000,0.013060521203906363,2.206684983216711,-2.193624462012804,-2.3732592650984663,-2.191711613650577,-2.022439530322513,1.0
price_spell_landmarks,all_spreads,ofi,1.0,1.0,1.0,0.0,1000,2019-01-02,2019-10-17,2019-10-18,2019-12-31,7649651,2198301,2198301,1564677,0.2882335039651076,0.9562938548978479,0.5229623620184224,0.5128255866689776,0.6908107686616092,0.248816985144512,0.25000198706756166,51,10000,0.0047399700176361526,0.004329787518591049,0.004747609697585364,0.005117493327120859,0.0,0.009089513697119267,,1.6187141674317413,51,10000,0.010924549727924802,2.2546825917406785,-2.243758042012754,-2.4240881543664834,-2.2415489120833243,-2.0732961029076566,1.0
price_spell_landmarks,all_spreads,ofi,1.0,1.0,1.0,0.0,10000,2019-01-02,2019-10-17,2019-10-18,2019-12-31,7649651,2198301,2198301,1176470,0.46482761004976114,0.9607537803768902,0.5229623620184224,0.5128255866689776,0.6908107686616092,0.248816985144512,0.25000198706756166,51,10000,0.0047399700176361526,0.004329787518591049,0.004747609697585364,0.005117493327120859,0.0,0.009089513697119267,,1.6187141674317413,51,10000,0.01536366041952599,2.1749447175332257,-2.1595810571137,-2.333079422089039,-2.1576506870950753,-1.9955714024648532,1.0
price_spell_landmarks,all_spreads,queue,0.05,0.05350623185293028,0.0594195244418303,0.08987222970807673,0,2019-01-02,2019-10-17,2019-10-18,2019-12-31,7649651,2198301,130622,130622,0.0,1.0,0.545941790611374,0.536987882915033,0.6905402916143556,0.2486932079867703,0.25000198706756166,51,10000,0.005235074713376808,0.004383361390339335,0.005243321999331141,0.006082901710072416,0.0,0.013911885649735143,0.3611761660377897,,51,10000,0.04715169840217726,2.111560301828124,-2.0644086034259463,-2.2405812164735277,-2.061634138312514,-1.8965994487212121,1.0
price_spell_landmarks,all_spreads,queue,0.05,0.05350623185293028,0.0594195244418303,0.08987222970807673,10,2019-01-02,2019-10-17,2019-10-18,2019-12-31,7649651,2198301,130622,129445,0.00901073326085955,1.0,0.545941790611374,0.536987882915033,0.6905402916143556,0.2486932079867703,0.25000198706756166,51,10000,0.005235074713376808,0.004383361390339335,0.005243321999331141,0.006082901710072416,0.0,0.013911885649735143,0.3611761660377897,,51,10000,0.04622131513875241,2.1181787413017776,-2.071957426163025,-2.248034238747911,-2.069020219336708,-1.9041275450632835,1.0
price_spell_landmarks,all_spreads,queue,0.05,0.05350623185293028,0.0594195244418303,0.08987222970807673,100,2019-01-02,2019-10-17,2019-10-18,2019-12-31,7649651,2198301,130622,122595,0.061452129044112014,1.0,0.545941790611374,0.536987882915033,0.6905402916143556,0.2486932079867703,0.25000198706756166,51,10000,0.005235074713376808,0.004383361390339335,0.005243321999331141,0.006082901710072416,0.0,0.013911885649735143,0.3611761660377897,,51,10000,0.04529819020760482,2.1458383879231633,-2.1005401977155587,-2.2759178306727263,-2.097511904741017,-1.931838950734125,1.0
price_spell_landmarks,all_spreads,queue,0.05,0.05350623185293028,0.0594195244418303,0.08987222970807673,1000,2019-01-02,2019-10-17,2019-10-18,2019-12-31,7649651,2198301,130622,97739,0.25174166679426135,1.0,0.545941790611374,0.536987882915033,0.6905402916143556,0.2486932079867703,0.25000198706756166,51,10000,0.005235074713376808,0.004383361390339335,0.005243321999331141,0.006082901710072416,0.0,0.013911885649735143,0.3611761660377897,,51,10000,0.051533989432702015,2.175472496342304,-2.123938506909602,-2.292723971780602,-2.12085847021417,-1.9606601231483227,1.0
price_spell_landmarks,all_spreads,queue,0.05,0.05350623185293028,0.0594195244418303,0.08987222970807673,10000,2019-01-02,2019-10-17,2019-10-18,2019-12-31,7649651,2198301,130622,75583,0.4213608733597709,1.0,0.545941790611374,0.536987882915033,0.6905402916143556,0.2486932079867703,0.25000198706756166,51,10000,0.005235074713376808,0.004383361390339335,0.005243321999331141,0.006082901710072416,0.0,0.013911885649735143,0.3611761660377897,,51,10000,0.06048603266810458,2.095651583716498,-2.0351655510483933,-2.19581523673931,-2.032516443346518,-1.880159101947695,1.0
price_spell_landmarks,all_spreads,queue,0.1,0.14780478220509669,0.16710268521007815,0.08312458222278962,0,2019-01-02,2019-10-17,2019-10-18,2019-12-31,7649651,2198301,367342,367342,0.0,0.5948761644462109,0.545941790611374,0.536987882915033,0.6905402916143556,0.2486932079867703,0.25000198706756166,51,10000,0.005235074713376808,0.004383361390339335,0.005243321999331141,0.006082901710072416,0.0,0.013911885649735143,0.3611761660377897,,51,10000,0.04142344738422953,2.047011818805426,-2.0055883714211964,-2.1711396138822567,-2.0037042703862116,-1.849193545807899,1.0
price_spell_landmarks,all_spreads,queue,0.1,0.14780478220509669,0.16710268521007815,0.08312458222278962,10,2019-01-02,2019-10-17,2019-10-18,2019-12-31,7649651,2198301,367342,363859,0.00948162747521386,0.594634185220099,0.545941790611374,0.536987882915033,0.6905402916143556,0.2486932079867703,0.25000198706756166,51,10000,0.005235074713376808,0.004383361390339335,0.005243321999331141,0.006082901710072416,0.0,0.013911885649735143,0.3611761660377897,,51,10000,0.0406254803994569,2.052865015000699,-2.0122395346012416,-2.1779334915416273,-2.0103642344850687,-1.8555691662364384,1.0
price_spell_landmarks,all_spreads,queue,0.1,0.14780478220509669,0.16710268521007815,0.08312458222278962,100,2019-01-02,2019-10-17,2019-10-18,2019-12-31,7649651,2198301,367342,344393,0.06247311769413788,0.5931973065654644,0.545941790611374,0.536987882915033,0.6905402916143556,0.2486932079867703,0.25000198706756166,51,10000,0.005235074713376808,0.004383361390339335,0.005243321999331141,0.006082901710072416,0.0,0.013911885649735143,0.3611761660377897,,51,10000,0.039257738789008005,2.079835341553802,-2.040577602764794,-2.206160290985563,-2.0386937406473336,-1.8824943903991138,1.0
price_spell_landmarks,all_spreads,queue,0.1,0.14780478220509669,0.16710268521007815,0.08312458222278962,1000,2019-01-02,2019-10-17,2019-10-18,2019-12-31,7649651,2198301,367342,272622,0.2578523555705582,0.5899487202059995,0.545941790611374,0.536987882915033,0.6905402916143556,0.2486932079867703,0.25000198706756166,51,10000,0.005235074713376808,0.004383361390339335,0.005243321999331141,0.006082901710072416,0.0,0.013911885649735143,0.3611761660377897,,51,10000,0.04233808145075454,2.107972458633227,-2.065634377182474,-2.225966261152148,-2.0636386617745526,-1.9122436148708224,1.0
price_spell_landmarks,all_spreads,queue,0.1,0.14780478220509669,0.16710268521007815,0.08312458222278962,10000,2019-01-02,2019-10-17,2019-10-18,2019-12-31,7649651,2198301,367342,210377,0.42729935591356283,0.5872362473084035,0.545941790611374,0.536987882915033,0.6905402916143556,0.2486932079867703,0.25000198706756166,51,10000,0.005235074713376808,0.004383361390339335,0.005243321999331141,0.006082901710072416,0.0,0.013911885649735143,0.3611761660377897,,51,10000,0.04862238281258222,2.031365897783268,-1.9827435149706858,-2.136078495309445,-1.981042132046011,-1.8360557340627675,1.0
price_spell_landmarks,all_spreads,queue,0.2,0.21844905081290636,0.25004856022901323,0.07744943211578598,0,2019-01-02,2019-10-17,2019-10-18,2019-12-31,7649651,2198301,549682,549682,0.0,0.542500936905338,0.545941790611374,0.536987882915033,0.6905402916143556,0.2486932079867703,0.25000198706756166,51,10000,0.005235074713376808,0.004383361390339335,0.005243321999331141,0.006082901710072416,0.0,0.013911885649735143,0.3611761660377897,,51,10000,0.03944967040912455,2.0203583529598714,-1.9809086825507471,-2.1428827056239474,-1.9795580159114001,-1.8289228193671043,1.0
price_spell_landmarks,all_spreads,queue,0.2,0.21844905081290636,0.25004856022901323,0.07744943211578598,10,2019-01-02,2019-10-17,2019-10-18,2019-12-31,7649651,2198301,549682,544151,0.01006218140670423,0.542505664787899,0.545941790611374,0.536987882915033,0.6905402916143556,0.2486932079867703,0.25000198706756166,51,10000,0.005235074713376808,0.004383361390339335,0.005243321999331141,0.006082901710072416,0.0,0.013911885649735143,0.3611761660377897,,51,10000,0.03866625308724218,2.026315972777002,-1.9876497196897602,-2.1499939989551233,-1.9862321545738282,-1.8352168323763796,1.0
price_spell_landmarks,all_spreads,queue,0.2,0.21844905081290636,0.25004856022901323,0.07744943211578598,100,2019-01-02,2019-10-17,2019-10-18,2019-12-31,7649651,2198301,549682,513320,0.06615097456347485,0.5420790150393516,0.545941790611374,0.536987882915033,0.6905402916143556,0.2486932079867703,0.25000198706756166,51,10000,0.005235074713376808,0.004383361390339335,0.005243321999331141,0.006082901710072416,0.0,0.013911885649735143,0.3611761660377897,,51,10000,0.03775918797135746,2.05393104782392,-2.0161718598525624,-2.179070875813907,-2.0146507143002053,-1.8629031474599842,1.0
price_spell_landmarks,all_spreads,queue,0.2,0.21844905081290636,0.25004856022901323,0.07744943211578598,1000,2019-01-02,2019-10-17,2019-10-18,2019-12-31,7649651,2198301,549682,402311,0.26810228459363783,0.5410590314458218,0.545941790611374,0.536987882915033,0.6905402916143556,0.2486932079867703,0.25000198706756166,51,10000,0.005235074713376808,0.004383361390339335,0.005243321999331141,0.006082901710072416,0.0,0.013911885649735143,0.3611761660377897,,51,10000,0.04194516940098389,2.0865268710334792,-2.044581701632495,-2.2049243201918034,-2.0428498788223557,-1.8933838238993985,1.0
price_spell_landmarks,all_spreads,queue,0.2,0.21844905081290636,0.25004856022901323,0.07744943211578598,10000,2019-01-02,2019-10-17,2019-10-18,2019-12-31,7649651,2198301,549682,308832,0.43816242845863607,0.5400314734224433,0.545941790611374,0.536987882915033,0.6905402916143556,0.2486932079867703,0.25000198706756166,51,10000,0.005235074713376808,0.004383361390339335,0.005243321999331141,0.006082901710072416,0.0,0.013911885649735143,0.3611761660377897,,51,10000,0.04871185280856579,2.0116046468913518,-1.9628927940827863,-2.115518150992164,-1.9614152158945035,-1.8201536178079445,1.0
price_spell_landmarks,all_spreads,queue,1.0,1.0,1.0,0.0,0,2019-01-02,2019-10-17,2019-10-18,2019-12-31,7649651,2198301,2198301,2198301,0.0,0.5526590762593475,0.545941790611374,0.536987882915033,0.6905402916143556,0.2486932079867703,0.25000198706756166,51,10000,0.005235074713376808,0.004383361390339335,0.005243321999331141,0.006082901710072416,0.0,0.013911885649735143,0.3611761660377897,,51,10000,0.04150499639030649,2.1696194734286154,-2.128114477038308,-2.3004896569960143,-2.1259747321870055,-1.963152644466913,1.0
price_spell_landmarks,all_spreads,queue,1.0,1.0,1.0,0.0,10,2019-01-02,2019-10-17,2019-10-18,2019-12-31,7649651,2198301,2198301,2175478,0.010382108728513528,0.5528872275426366,0.545941790611374,0.536987882915033,0.6905402916143556,0.2486932079867703,0.25000198706756166,51,10000,0.005235074713376808,0.004383361390339335,0.005243321999331141,0.006082901710072416,0.0,0.013911885649735143,0.3611761660377897,,51,10000,0.04108780918541541,2.1762612290441417,-2.135173419858727,-2.3077850472727786,-2.132953988447187,-1.9700661661595258,1.0
price_spell_landmarks,all_spreads,queue,1.0,1.0,1.0,0.0,100,2019-01-02,2019-10-17,2019-10-18,2019-12-31,7649651,2198301,2198301,2044491,0.06996767048734454,0.5535950023746742,0.545941790611374,0.536987882915033,0.6905402916143556,0.2486932079867703,0.25000198706756166,51,10000,0.005235074713376808,0.004383361390339335,0.005243321999331141,0.006082901710072416,0.0,0.013911885649735143,0.3611761660377897,,51,10000,0.04078060724134359,2.206684983216711,-2.1659043759753667,-2.340441420330498,-2.16358191022491,-1.999149318262116,1.0
price_spell_landmarks,all_spreads,queue,1.0,1.0,1.0,0.0,1000,2019-01-02,2019-10-17,2019-10-18,2019-12-31,7649651,2198301,2198301,1564677,0.2882335039651076,0.5543904588614775,0.545941790611374,0.536987882915033,0.6905402916143556,0.2486932079867703,0.25000198706756166,51,10000,0.005235074713376808,0.004383361390339335,0.005243321999331141,0.006082901710072416,0.0,0.013911885649735143,0.3611761660377897,,51,10000,0.04721255204846487,2.2546825917406785,-2.207470039692214,-2.3802831171909915,-2.205272521241315,-2.04349915035626,1.0
price_spell_landmarks,all_spreads,queue,1.0,1.0,1.0,0.0,10000,2019-01-02,2019-10-17,2019-10-18,2019-12-31,7649651,2198301,2198301,1176470,0.46482761004976114,0.5535109267554634,0.545941790611374,0.536987882915033,0.6905402916143556,0.2486932079867703,0.25000198706756166,51,10000,0.005235074713376808,0.004383361390339335,0.005243321999331141,0.006082901710072416,0.0,0.013911885649735143,0.3611761660377897,,51,10000,0.060007281803806496,2.1749447175332257,-2.1149374357294195,-2.2794784780265385,-2.112888288134008,-1.9587732048401758,1.0
price_spell_landmarks,all_spreads,queue_and_ofi,0.05,0.050152353355728256,0.038604358547805785,0.1153665131127431,0,2019-01-02,2019-10-17,2019-10-18,2019-12-31,7649651,2198301,84864,84864,0.0,0.5154364630467572,0.5552904807510204,0.5417724870252072,0.6886355825331553,0.24773821578442354,0.25000198706756166,51,10000,0.009055013160860548,0.00832903774566198,0.009061903501071833,0.009778901481176671,0.0,0.013929953747063763,0.32566476898113866,1.3074067697962868,51,10000,0.13303592043987295,1.7504964904153704,-1.6174605699754976,-1.757061018490298,-1.616860517710378,-1.4872671663911283,1.0
price_spell_landmarks,all_spreads,queue_and_ofi,0.05,0.050152353355728256,0.038604358547805785,0.1153665131127431,10,2019-01-02,2019-10-17,2019-10-18,2019-12-31,7649651,2198301,84864,82367,0.02942354826546001,0.5151092063569148,0.5552904807510204,0.5417724870252072,0.6886355825331553,0.24773821578442354,0.25000198706756166,51,10000,0.009055013160860548,0.00832903774566198,0.009061903501071833,0.009778901481176671,0.0,0.013929953747063763,0.32566476898113866,1.3074067697962868,51,10000,0.1227485882468902,1.7681818355442764,-1.6454332472973865,-1.787783183630712,-1.6447359369567587,-1.5121891424513223,1.0
price_spell_landmarks,all_spreads,queue_and_ofi,0.05,0.050152353355728256,0.038604358547805785,0.1153665131127431,100,2019-01-02,2019-10-17,2019-10-18,2019-12-31,7649651,2198301,84864,72640,0.14404223227752644,0.5146613436123348,0.5552904807510204,0.5417724870252072,0.6886355825331553,0.24773821578442354,0.25000198706756166,51,10000,0.009055013160860548,0.00832903774566198,0.009061903501071833,0.009778901481176671,0.0,0.013929953747063763,0.32566476898113866,1.3074067697962868,51,10000,0.09470825708378454,1.8313494863752222,-1.7366412292914375,-1.8868192360339537,-1.7357060247964888,-1.5965023341159925,1.0
price_spell_landmarks,all_spreads,queue_and_ofi,0.05,0.050152353355728256,0.038604358547805785,0.1153665131127431,1000,2019-01-02,2019-10-17,2019-10-18,2019-12-31,7649651,2198301,84864,51567,0.3923571832579186,0.5100936645529117,0.5552904807510204,0.5417724870252072,0.6886355825331553,0.24773821578442354,0.25000198706756166,51,10000,0.009055013160860548,0.00832903774566198,0.009061903501071833,0.009778901481176671,0.0,0.013929953747063763,0.32566476898113866,1.3074067697962868,51,10000,0.06153961188984779,1.9188165932562113,-1.8572769813663634,-2.0161503955074966,-1.8559574219397101,-1.7091573703774892,1.0
price_spell_landmarks,all_spreads,queue_and_ofi,0.05,0.050152353355728256,0.038604358547805785,0.1153665131127431,10000,2019-01-02,2019-10-17,2019-10-18,2019-12-31,7649651,2198301,84864,35968,0.5761689291101055,0.5240769572953736,0.5552904807510204,0.5417724870252072,0.6886355825331553,0.24773821578442354,0.25000198706756166,51,10000,0.009055013160860548,0.00832903774566198,0.009061903501071833,0.009778901481176671,0.0,0.013929953747063763,0.32566476898113866,1.3074067697962868,51,10000,0.05527447675891701,1.7963789401258752,-1.7411044633669583,-1.8766881198910481,-1.7398982390365207,-1.6167064113518808,1.0
price_spell_landmarks,all_spreads,queue_and_ofi,0.1,0.13316071543656044,0.11317831361583332,0.08153779920280901,0,2019-01-02,2019-10-17,2019-10-18,2019-12-31,7649651,2198301,248800,248800,0.0,0.7510811897106109,0.5552904807510204,0.5417724870252072,0.6886355825331553,0.24773821578442354,0.25000198706756166,51,10000,0.009055013160860548,0.00832903774566198,0.009061903501071833,0.009778901481176671,0.0,0.013929953747063763,0.32566476898113866,1.3074067697962868,51,10000,0.08829248709491934,1.9973072227627677,-1.9090147356678486,-2.0736996027826486,-1.906703745893916,-1.7524822499707402,1.0
price_spell_landmarks,all_spreads,queue_and_ofi,0.1,0.13316071543656044,0.11317831361583332,0.08153779920280901,10,2019-01-02,2019-10-17,2019-10-18,2019-12-31,7649651,2198301,248800,244528,0.01717041800643082,0.7532102663089707,0.5552904807510204,0.5417724870252072,0.6886355825331553,0.24773821578442354,0.25000198706756166,51,10000,0.009055013160860548,0.00832903774566198,0.009061903501071833,0.009778901481176671,0.0,0.013929953747063763,0.32566476898113866,1.3074067697962868,51,10000,0.08321849938662416,2.0101328005763794,-1.9269143011897554,-2.0927234791209464,-1.9245529337492489,-1.7690959400475779,1.0
price_spell_landmarks,all_spreads,queue_and_ofi,0.1,0.13316071543656044,0.11317831361583332,0.08153779920280901,100,2019-01-02,2019-10-17,2019-10-18,2019-12-31,7649651,2198301,248800,224971,0.09577572347266883,0.7606669304043633,0.5552904807510204,0.5417724870252072,0.6886355825331553,0.24773821578442354,0.25000198706756166,51,10000,0.009055013160860548,0.00832903774566198,0.009061903501071833,0.009778901481176671,0.0,0.013929953747063763,0.32566476898113866,1.3074067697962868,51,10000,0.06919617177002745,2.058201727702647,-1.9890055559326196,-2.1577218869633406,-1.9866686854642048,-1.8282602634790417,1.0
price_spell_landmarks,all_spreads,queue_and_ofi,0.1,0.13316071543656044,0.11317831361583332,0.08153779920280901,1000,2019-01-02,2019-10-17,2019-10-18,2019-12-31,7649651,2198301,248800,170956,0.31287781350482313,0.773181403402045,0.5552904807510204,0.5417724870252072,0.6886355825331553,0.24773821578442354,0.25000198706756166,51,10000,0.009055013160860548,0.00832903774566198,0.009061903501071833,0.009778901481176671,0.0,0.013929953747063763,0.32566476898113866,1.3074067697962868,51,10000,0.056542699432499,2.1204509681094375,-2.0639082686769386,-2.2317538103568544,-2.0613668883850744,-1.903028810789735,1.0
price_spell_landmarks,all_spreads,queue_and_ofi,0.1,0.13316071543656044,0.11317831361583332,0.08153779920280901,10000,2019-01-02,2019-10-17,2019-10-18,2019-12-31,7649651,2198301,248800,125973,0.4936776527331189,0.7925507846919578,0.5552904807510204,0.5417724870252072,0.6886355825331553,0.24773821578442354,0.25000198706756166,51,10000,0.009055013160860548,0.00832903774566198,0.009061903501071833,0.009778901481176671,0.0,0.013929953747063763,0.32566476898113866,1.3074067697962868,51,10000,0.05928894894841806,2.0224805236512333,-1.963191574702815,-2.1173371219200976,-1.9608581479606788,-1.8174116924378916,1.0
price_spell_landmarks,all_spreads,queue_and_ofi,0.2,0.22254649264391277,0.21582667705650865,0.07474305078686339,0,2019-01-02,2019-10-17,2019-10-18,2019-12-31,7649651,2198301,474452,474452,0.0,0.5671132169323767,0.5552904807510204,0.5417724870252072,0.6886355825331553,0.24773821578442354,0.25000198706756166,51,10000,0.009055013160860548,0.00832903774566198,0.009061903501071833,0.009778901481176671,0.0,0.013929953747063763,0.32566476898113866,1.3074067697962868,51,10000,0.06497455882624532,2.0139301766502156,-1.9489556178239695,-2.1108336188742793,-1.9470872602417495,-1.793364612959973,1.0
price_spell_landmarks,all_spreads,queue_and_ofi,0.2,0.22254649264391277,0.21582667705650865,0.07474305078686339,10,2019-01-02,2019-10-17,2019-10-18,2019-12-31,7649651,2198301,474452,468082,0.013426015698110638,0.5672595827226854,0.5552904807510204,0.5417724870252072,0.6886355825331553,0.24773821578442354,0.25000198706756166,51,10000,0.009055013160860548,0.00832903774566198,0.009061903501071833,0.009778901481176671,0.0,0.013929953747063763,0.32566476898113866,1.3074067697962868,51,10000,0.06185185562054107,2.0231623368200706,-1.9613104811995299,-2.124061566488992,-1.959382747320943,-1.8050648731821435,1.0
price_spell_landmarks,all_spreads,queue_and_ofi,0.2,0.22254649264391277,0.21582667705650865,0.07474305078686339,100,2019-01-02,2019-10-17,2019-10-18,2019-12-31,7649651,2198301,474452,436837,0.07928093885155929,0.5673397628863855,0.5552904807510204,0.5417724870252072,0.6886355825331553,0.24773821578442354,0.25000198706756166,51,10000,0.009055013160860548,0.00832903774566198,0.009061903501071833,0.009778901481176671,0.0,0.013929953747063763,0.32566476898113866,1.3074067697962868,51,10000,0.05324287132274516,2.0602834277617728,-2.0070405564390277,-2.1719351834788134,-2.0048289068994585,-1.849291188497451,1.0
price_spell_landmarks,all_spreads,queue_and_ofi,0.2,0.22254649264391277,0.21582667705650865,0.07474305078686339,1000,2019-01-02,2019-10-17,2019-10-18,2019-12-31,7649651,2198301,474452,338290,0.2869879355551247,0.5661119158118774,0.5552904807510204,0.5417724870252072,0.6886355825331553,0.24773821578442354,0.25000198706756166,51,10000,0.009055013160860548,0.00832903774566198,0.009061903501071833,0.009778901481176671,0.0,0.013929953747063763,0.32566476898113866,1.3074067697962868,51,10000,0.04685720915306124,2.1039834419588,-2.057126232805739,-2.2197515577812075,-2.0551167659761576,-1.9020196017392796,1.0
price_spell_landmarks,all_spreads,queue_and_ofi,0.2,0.22254649264391277,0.21582667705650865,0.07474305078686339,10000,2019-01-02,2019-10-17,2019-10-18,2019-12-31,7649651,2198301,474452,255243,0.4620256632915448,0.5683995251583784,0.5552904807510204,0.5417724870252072,0.6886355825331553,0.24773821578442354,0.25000198706756166,51,10000,0.009055013160860548,0.00832903774566198,0.009061903501071833,0.009778901481176671,0.0,0.013929953747063763,0.32566476898113866,1.3074067697962868,51,10000,0.050098438900955354,2.016217327381705,-1.96611888848075,-2.1187652861135726,-1.9643530674166554,-1.820638314040953,1.0
price_spell_landmarks,all_spreads,queue_and_ofi,1.0,1.0,1.0,0.0,0,2019-01-02,2019-10-17,2019-10-18,2019-12-31,7649651,2198301,2198301,2198301,0.0,0.5510369144170885,0.5552904807510204,0.5417724870252072,0.6886355825331553,0.24773821578442354,0.25000198706756166,51,10000,0.009055013160860548,0.00832903774566198,0.009061903501071833,0.009778901481176671,0.0,0.013929953747063763,0.32566476898113866,1.3074067697962868,51,10000,0.046400738706611135,2.1696194734286154,-2.123218734722004,-2.295277322832633,-2.1210722885723436,-1.958537988610161,1.0
price_spell_landmarks,all_spreads,queue_and_ofi,1.0,1.0,1.0,0.0,10,2019-01-02,2019-10-17,2019-10-18,2019-12-31,7649651,2198301,2198301,2175478,0.010382108728513528,0.5512687326647293,0.5552904807510204,0.5417724870252072,0.6886355825331553,0.24773821578442354,0.25000198706756166,51,10000,0.009055013160860548,0.00832903774566198,0.009061903501071833,0.009778901481176671,0.0,0.013929953747063763,0.32566476898113866,1.3074067697962868,51,10000,0.04555917222399353,2.1762612290441417,-2.130702056820148,-2.303128464689907,-2.1285573330950984,-1.96563275400634,1.0
price_spell_landmarks,all_spreads,queue_and_ofi,1.0,1.0,1.0,0.0,100,2019-01-02,2019-10-17,2019-10-18,2019-12-31,7649651,2198301,2198301,2044491,0.06996767048734454,0.5519486268220305,0.5552904807510204,0.5417724870252072,0.6886355825331553,0.24773821578442354,0.25000198706756166,51,10000,0.009055013160860548,0.00832903774566198,0.009061903501071833,0.009778901481176671,0.0,0.013929953747063763,0.32566476898113866,1.3074067697962868,51,10000,0.04334956430061091,2.206684983216711,-2.1633354189160996,-2.3378627518926174,-2.161050210263247,-1.9966046928278356,1.0
price_spell_landmarks,all_spreads,queue_and_ofi,1.0,1.0,1.0,0.0,1000,2019-01-02,2019-10-17,2019-10-18,2019-12-31,7649651,2198301,2198301,1564677,0.2882335039651076,0.5527511428876375,0.5552904807510204,0.5417724870252072,0.6886355825331553,0.24773821578442354,0.25000198706756166,51,10000,0.009055013160860548,0.00832903774566198,0.009061903501071833,0.009778901481176671,0.0,0.013929953747063763,0.32566476898113866,1.3074067697962868,51,10000,0.0470752227543066,2.2546825917406785,-2.207607368986372,-2.380563520534653,-2.205566583222121,-2.0432160025354777,1.0
price_spell_landmarks,all_spreads,queue_and_ofi,1.0,1.0,1.0,0.0,10000,2019-01-02,2019-10-17,2019-10-18,2019-12-31,7649651,2198301,2198301,1176470,0.46482761004976114,0.552366826183413,0.5552904807510204,0.5417724870252072,0.6886355825331553,0.24773821578442354,0.25000198706756166,51,10000,0.009055013160860548,0.00832903774566198,0.009061903501071833,0.009778901481176671,0.0,0.013929953747063763,0.32566476898113866,1.3074067697962868,51,10000,0.05850298065691777,2.1749447175332257,-2.1164417368763084,-2.281172746427616,-2.1143760534659624,-1.960204701977025,1.0
price_spell_landmarks,one_tick,ofi,0.05,0.05529834607535561,0.064771294279491,0.1704866648880598,0,2019-01-02,2019-10-17,2019-10-18,2019-12-31,65662,8723,565,565,0.0,0.6106194690265486,0.5704785789111119,0.5051014559211281,0.6802811294249136,0.2437540971247363,0.250124673402623,51,10000,0.025469603582978784,0.020007562652970105,0.025446821594099778,0.030591566696448254,0.0,0.011779989738021843,,1.865598031867981,51,10000,0.44795448863573273,0.14716884123859114,0.30078564739714153,0.19571813671169322,0.29749669081077834,0.41494390950289944,0.0
price_spell_landmarks,one_tick,ofi,0.05,0.05529834607535561,0.064771294279491,0.1704866648880598,10,2019-01-02,2019-10-17,2019-10-18,2019-12-31,65662,8723,565,488,0.13628318584070798,0.6209016393442623,0.5704785789111119,0.5051014559211281,0.6802811294249136,0.2437540971247363,0.250124673402623,51,10000,0.025469603582978784,0.020007562652970105,0.025446821594099778,0.030591566696448254,0.0,0.011779989738021843,,1.865598031867981,51,10000,0.41418041661184424,0.14691707425923156,0.2672633423526127,0.15723122175832377,0.2644077706623118,0.38273189319541856,0.0
price_spell_landmarks,one_tick,ofi,0.05,0.05529834607535561,0.064771294279491,0.1704866648880598,100,2019-01-02,2019-10-17,2019-10-18,2019-12-31,65662,8723,565,266,0.5292035398230088,0.650375939849624,0.5704785789111119,0.5051014559211281,0.6802811294249136,0.2437540971247363,0.250124673402623,51,10000,0.025469603582978784,0.020007562652970105,0.025446821594099778,0.030591566696448254,0.0,0.011779989738021843,,1.865598031867981,51,10000,0.24245644954938347,0.14714545336416163,0.09531099618522182,-0.016326695899696306,0.09218005434857193,0.2072189760892645,0.0498
price_spell_landmarks,one_tick,ofi,0.05,0.05529834607535561,0.064771294279491,0.1704866648880598,1000,2019-01-02,2019-10-17,2019-10-18,2019-12-31,65662,8723,565,68,0.879646017699115,0.7058823529411765,0.5704785789111119,0.5051014559211281,0.6802811294249136,0.2437540971247363,0.250124673402623,51,10000,0.025469603582978784,0.020007562652970105,0.025446821594099778,0.030591566696448254,0.0,0.011779989738021843,,1.865598031867981,51,10000,0.003691973420529404,0.14909917255107355,-0.14540719913054412,-0.30110172320158085,-0.14276499017254884,-0.007464381508986294,0.9803
price_spell_landmarks,one_tick,ofi,0.05,0.05529834607535561,0.064771294279491,0.1704866648880598,10000,2019-01-02,2019-10-17,2019-10-18,2019-12-31,65662,8723,565,31,0.9451327433628318,0.6451612903225806,0.5704785789111119,0.5051014559211281,0.6802811294249136,0.2437540971247363,0.250124673402623,51,10000,0.025469603582978784,0.020007562652970105,0.025446821594099778,0.030591566696448254,0.0,0.011779989738021843,,1.865598031867981,51,10000,-0.3099071525233549,0.14673932889232258,-0.45664648141567743,-0.723362870366219,-0.44915600881112133,-0.2467996793983075,1.0
price_spell_landmarks,one_tick,ofi,0.1,0.10784015107672626,0.10500974435400665,0.1208657811028212,0,2019-01-02,2019-10-17,2019-10-18,2019-12-31,65662,8723,916,916,0.0,0.6670305676855895,0.5704785789111119,0.5051014559211281,0.6802811294249136,0.2437540971247363,0.250124673402623,51,10000,0.025469603582978784,0.020007562652970105,0.025446821594099778,0.030591566696448254,0.0,0.011779989738021843,,1.865598031867981,51,10000,0.38181097802017966,0.1473839087009225,0.23442706931925728,0.1575658517121784,0.23257623343385758,0.3172290890131586,0.0
price_spell_landmarks,one_tick,ofi,0.1,0.10784015107672626,0.10500974435400665,0.1208657811028212,10,2019-01-02,2019-10-17,2019-10-18,2019-12-31,65662,8723,916,808,0.11790393013100442,0.6745049504950495,0.5704785789111119,0.5051014559211281,0.6802811294249136,0.2437540971247363,0.250124673402623,51,10000,0.025469603582978784,0.020007562652970105,0.025446821594099778,0.030591566696448254,0.0,0.011779989738021843,,1.865598031867981,51,10000,0.34707142561343396,0.14730525113281928,0.19976617448061465,0.1220947418994715,0.1970234074855592,0.2856257784474839,0.0
price_spell_landmarks,one_tick,ofi,0.1,0.10784015107672626,0.10500974435400665,0.1208657811028212,100,2019-01-02,2019-10-17,2019-10-18,2019-12-31,65662,8723,916,506,0.44759825327510916,0.7094861660079052,0.5704785789111119,0.5051014559211281,0.6802811294249136,0.2437540971247363,0.250124673402623,51,10000,0.025469603582978784,0.020007562652970105,0.025446821594099778,0.030591566696448254,0.0,0.011779989738021843,,1.865598031867981,51,10000,0.19129939736194743,0.14752565097914822,0.04377374638279917,-0.039686791232468495,0.04105583870151017,0.1250920476289965,0.1614
price_spell_landmarks,one_tick,ofi,0.1,0.10784015107672626,0.10500974435400665,0.1208657811028212,1000,2019-01-02,2019-10-17,2019-10-18,2019-12-31,65662,8723,916,149,0.8373362445414847,0.7449664429530202,0.5704785789111119,0.5051014559211281,0.6802811294249136,0.2437540971247363,0.250124673402623,51,10000,0.025469603582978784,0.020007562652970105,0.025446821594099778,0.030591566696448254,0.0,0.011779989738021843,,1.865598031867981,51,10000,0.08605272761222814,0.14897788421397987,-0.06292515660175176,-0.20691604300914274,-0.06146268076480076,0.05465540705019746,0.8411
price_spell_landmarks,one_tick,ofi,0.1,0.10784015107672626,0.10500974435400665,0.1208657811028212,10000,2019-01-02,2019-10-17,2019-10-18,2019-12-31,65662,8723,916,83,0.9093886462882096,0.7349397590361446,0.5704785789111119,0.5051014559211281,0.6802811294249136,0.2437540971247363,0.250124673402623,51,10000,0.025469603582978784,0.020007562652970105,0.025446821594099778,0.030591566696448254,0.0,0.011779989738021843,,1.865598031867981,51,10000,-0.08457563937531326,0.14795422669940964,-0.23252986607472287,-0.4468679089363031,-0.22957068735762431,-0.06399125424783562,0.9986
price_spell_landmarks,one_tick,ofi,0.2,0.23004172885382718,0.18697695746876075,0.06279231011322162,0,2019-01-02,2019-10-17,2019-10-18,2019-12-31,65662,8723,1631,1631,0.0,0.627835683629675,0.5704785789111119,0.5051014559211281,0.6802811294249136,0.2437540971247363,0.250124673402623,51,10000,0.025469603582978784,0.020007562652970105,0.025446821594099778,0.030591566696448254,0.0,0.011779989738021843,,1.865598031867981,51,10000,0.3204603277776701,0.14765920629848006,0.17280112147919002,0.11116344627558876,0.1716713431917762,0.23971199860144854,0.0
price_spell_landmarks,one_tick,ofi,0.2,0.23004172885382718,0.18697695746876075,0.06279231011322162,10,2019-01-02,2019-10-17,2019-10-18,2019-12-31,65662,8723,1631,1476,0.0950337216431637,0.6280487804878049,0.5704785789111119,0.5051014559211281,0.6802811294249136,0.2437540971247363,0.250124673402623,51,10000,0.025469603582978784,0.020007562652970105,0.025446821594099778,0.030591566696448254,0.0,0.011779989738021843,,1.865598031867981,51,10000,0.29094998611857115,0.14768090396546749,0.1432690821531037,0.08190142506344832,0.14222427167874324,0.21000671686346384,0.0
price_spell_landmarks,one_tick,ofi,0.2,0.23004172885382718,0.18697695746876075,0.06279231011322162,100,2019-01-02,2019-10-17,2019-10-18,2019-12-31,65662,8723,1631,1007,0.38258736971183327,0.6464746772591857,0.5704785789111119,0.5051014559211281,0.6802811294249136,0.2437540971247363,0.250124673402623,51,10000,0.025469603582978784,0.020007562652970105,0.025446821594099778,0.030591566696448254,0.0,0.011779989738021843,,1.865598031867981,51,10000,0.18869600077947846,0.1476896115569295,0.04100638922254901,-0.016052670091948072,0.040634713397603744,0.09906091790203926,0.084
price_spell_landmarks,one_tick,ofi,0.2,0.23004172885382718,0.18697695746876075,0.06279231011322162,1000,2019-01-02,2019-10-17,2019-10-18,2019-12-31,65662,8723,1631,310,0.8099325567136726,0.6645161290322581,0.5704785789111119,0.5051014559211281,0.6802811294249136,0.2437540971247363,0.250124673402623,51,10000,0.025469603582978784,0.020007562652970105,0.025446821594099778,0.030591566696448254,0.0,0.011779989738021843,,1.865598031867981,51,10000,0.13759655703252444,0.14874734941519357,-0.011150792382669146,-0.09675789334818591,-0.009959735255686806,0.0743938937144557,0.5968
price_spell_landmarks,one_tick,ofi,0.2,0.23004172885382718,0.18697695746876075,0.06279231011322162,10000,2019-01-02,2019-10-17,2019-10-18,2019-12-31,65662,8723,1631,168,0.8969957081545065,0.6666666666666666,0.5704785789111119,0.5051014559211281,0.6802811294249136,0.2437540971247363,0.250124673402623,51,10000,0.025469603582978784,0.020007562652970105,0.025446821594099778,0.030591566696448254,0.0,0.011779989738021843,,1.865598031867981,51,10000,0.04835079345213692,0.14751939285567855,-0.09916859940354168,-0.2259949448141849,-0.0981861624269041,0.03443477300389465,0.9285
price_spell_landmarks,one_tick,ofi,1.0,1.0,1.0,0.0,0,2019-01-02,2019-10-17,2019-10-18,2019-12-31,65662,8723,8723,8723,0.0,0.8789407313997478,0.5704785789111119,0.5051014559211281,0.6802811294249136,0.2437540971247363,0.250124673402623,51,10000,0.025469603582978784,0.020007562652970105,0.025446821594099778,0.030591566696448254,0.0,0.011779989738021843,,1.865598031867981,51,10000,0.041390560038543876,0.14700219101175063,-0.10561163097320679,-0.131537911720002,-0.1058564693900759,-0.08200571469668616,1.0
price_spell_landmarks,one_tick,ofi,1.0,1.0,1.0,0.0,10,2019-01-02,2019-10-17,2019-10-18,2019-12-31,65662,8723,8723,8404,0.03656998738965955,0.8844597810566397,0.5704785789111119,0.5051014559211281,0.6802811294249136,0.2437540971247363,0.250124673402623,51,10000,0.025469603582978784,0.020007562652970105,0.025446821594099778,0.030591566696448254,0.0,0.011779989738021843,,1.865598031867981,51,10000,0.028491518272945115,0.14694019700671823,-0.11844867873377311,-0.14378176632065176,-0.11861647269332451,-0.09549644267015941,1.0
price_spell_landmarks,one_tick,ofi,1.0,1.0,1.0,0.0,100,2019-01-02,2019-10-17,2019-10-18,2019-12-31,65662,8723,8723,6933,0.20520463143413958,0.9029280253858358,0.5704785789111119,0.5051014559211281,0.6802811294249136,0.2437540971247363,0.250124673402623,51,10000,0.025469603582978784,0.020007562652970105,0.025446821594099778,0.030591566696448254,0.0,0.011779989738021843,,1.865598031867981,51,10000,0.0014252667790746452,0.1466944228296817,-0.14526915605060706,-0.1722149242368175,-0.14544937659876683,-0.12035968997054049,1.0
price_spell_landmarks,one_tick,ofi,1.0,1.0,1.0,0.0,1000,2019-01-02,2019-10-17,2019-10-18,2019-12-31,65662,8723,8723,3063,0.6488593373839275,0.9317662422461639,0.5704785789111119,0.5051014559211281,0.6802811294249136,0.2437540971247363,0.250124673402623,51,10000,0.025469603582978784,0.020007562652970105,0.025446821594099778,0.030591566696448254,0.0,0.011779989738021843,,1.865598031867981,51,10000,-0.0043935009527321595,0.147150355962652,-0.15154385691538413,-0.18231644597843488,-0.1513922793815843,-0.12155345980387643,1.0
price_spell_landmarks,one_tick,ofi,1.0,1.0,1.0,0.0,10000,2019-01-02,2019-10-17,2019-10-18,2019-12-31,65662,8723,8723,1990,0.7718674767855096,0.9391959798994974,0.5704785789111119,0.5051014559211281,0.6802811294249136,0.2437540971247363,0.250124673402623,51,10000,0.025469603582978784,0.020007562652970105,0.025446821594099778,0.030591566696448254,0.0,0.011779989738021843,,1.865598031867981,51,10000,-0.01985651921315732,0.14713401054394976,-0.16699052975710704,-0.19586674973318952,-0.1669964022492014,-0.13649205489185764,1.0
price_spell_landmarks,one_tick,queue,0.05,0.10059090493740672,0.14215292903817495,0.1726724210482216,0,2019-01-02,2019-10-17,2019-10-18,2019-12-31,65662,8723,1240,1240,0.0,0.4032258064516129,0.6223821921869016,0.5931445603576752,0.6694922416576429,0.2383077094672348,0.250124673402623,51,10000,0.047244295313348506,0.03305958485909457,0.04701073042967446,0.062718149051315,0.0,0.006313563319999375,0.7508309431602468,,51,10000,0.09863794006497811,0.1478885080918855,-0.04925056802690737,-0.10745644485548314,-0.051022371763851104,0.01968607642726139,0.9273
price_spell_landmarks,one_tick,queue,0.05,0.10059090493740672,0.14215292903817495,0.1726724210482216,10,2019-01-02,2019-10-17,2019-10-18,2019-12-31,65662,8723,1240,1199,0.03306451612903227,0.40033361134278567,0.6223821921869016,0.5931445603576752,0.6694922416576429,0.2383077094672348,0.250124673402623,51,10000,0.047244295313348506,0.03305958485909457,0.04701073042967446,0.062718149051315,0.0,0.006313563319999375,0.7508309431602468,,51,10000,0.08616759472808573,0.14777220668358967,-0.06160461195550395,-0.1214047462109893,-0.06382763203088948,0.008936405374927209,0.9587
price_spell_landmarks,one_tick,queue,0.05,0.10059090493740672,0.14215292903817495,0.1726724210482216,100,2019-01-02,2019-10-17,2019-10-18,2019-12-31,65662,8723,1240,1010,0.18548387096774188,0.401980198019802,0.6223821921869016,0.5931445603576752,0.6694922416576429,0.2383077094672348,0.250124673402623,51,10000,0.047244295313348506,0.03305958485909457,0.04701073042967446,0.062718149051315,0.0,0.006313563319999375,0.7508309431602468,,51,10000,0.07214381169305005,0.1476579787420564,-0.07551416704900638,-0.14082323166406197,-0.07789024864695822,0.0022096259002306164,0.9723
price_spell_landmarks,one_tick,queue,0.05,0.10059090493740672,0.14215292903817495,0.1726724210482216,1000,2019-01-02,2019-10-17,2019-10-18,2019-12-31,65662,8723,1240,536,0.567741935483871,0.3712686567164179,0.6223821921869016,0.5931445603576752,0.6694922416576429,0.2383077094672348,0.250124673402623,51,10000,0.047244295313348506,0.03305958485909457,0.04701073042967446,0.062718149051315,0.0,0.006313563319999375,0.7508309431602468,,51,10000,0.08801163958459339,0.14819553516852238,-0.06018389558392901,-0.14713642225247647,-0.06280980024653954,0.040931711774644025,0.8944
price_spell_landmarks,one_tick,queue,0.05,0.10059090493740672,0.14215292903817495,0.1726724210482216,10000,2019-01-02,2019-10-17,2019-10-18,2019-12-31,65662,8723,1240,374,0.6983870967741935,0.37433155080213903,0.6223821921869016,0.5931445603576752,0.6694922416576429,0.2383077094672348,0.250124673402623,51,10000,0.047244295313348506,0.03305958485909457,0.04701073042967446,0.062718149051315,0.0,0.006313563319999375,0.7508309431602468,,51,10000,0.129717438065561,0.1482029870677594,-0.01848554900219837,-0.1086598126155225,-0.020333435732148943,0.08875436448300272,0.6549
price_spell_landmarks,one_tick,queue,0.1,0.10059090493740672,0.14215292903817495,0.1726724210482216,0,2019-01-02,2019-10-17,2019-10-18,2019-12-31,65662,8723,1240,1240,0.0,0.4032258064516129,0.6223821921869016,0.5931445603576752,0.6694922416576429,0.2383077094672348,0.250124673402623,51,10000,0.047244295313348506,0.03305958485909457,0.04701073042967446,0.062718149051315,0.0,0.006313563319999375,0.7508309431602468,,51,10000,0.09863794006497811,0.1478885080918855,-0.04925056802690737,-0.10745644485548314,-0.051022371763851104,0.01968607642726139,0.9273
price_spell_landmarks,one_tick,queue,0.1,0.10059090493740672,0.14215292903817495,0.1726724210482216,10,2019-01-02,2019-10-17,2019-10-18,2019-12-31,65662,8723,1240,1199,0.03306451612903227,0.40033361134278567,0.6223821921869016,0.5931445603576752,0.6694922416576429,0.2383077094672348,0.250124673402623,51,10000,0.047244295313348506,0.03305958485909457,0.04701073042967446,0.062718149051315,0.0,0.006313563319999375,0.7508309431602468,,51,10000,0.08616759472808573,0.14777220668358967,-0.06160461195550395,-0.1214047462109893,-0.06382763203088948,0.008936405374927209,0.9587
price_spell_landmarks,one_tick,queue,0.1,0.10059090493740672,0.14215292903817495,0.1726724210482216,100,2019-01-02,2019-10-17,2019-10-18,2019-12-31,65662,8723,1240,1010,0.18548387096774188,0.401980198019802,0.6223821921869016,0.5931445603576752,0.6694922416576429,0.2383077094672348,0.250124673402623,51,10000,0.047244295313348506,0.03305958485909457,0.04701073042967446,0.062718149051315,0.0,0.006313563319999375,0.7508309431602468,,51,10000,0.07214381169305005,0.1476579787420564,-0.07551416704900638,-0.14082323166406197,-0.07789024864695822,0.0022096259002306164,0.9723
price_spell_landmarks,one_tick,queue,0.1,0.10059090493740672,0.14215292903817495,0.1726724210482216,1000,2019-01-02,2019-10-17,2019-10-18,2019-12-31,65662,8723,1240,536,0.567741935483871,0.3712686567164179,0.6223821921869016,0.5931445603576752,0.6694922416576429,0.2383077094672348,0.250124673402623,51,10000,0.047244295313348506,0.03305958485909457,0.04701073042967446,0.062718149051315,0.0,0.006313563319999375,0.7508309431602468,,51,10000,0.08801163958459339,0.14819553516852238,-0.06018389558392901,-0.14713642225247647,-0.06280980024653954,0.040931711774644025,0.8944
price_spell_landmarks,one_tick,queue,0.1,0.10059090493740672,0.14215292903817495,0.1726724210482216,10000,2019-01-02,2019-10-17,2019-10-18,2019-12-31,65662,8723,1240,374,0.6983870967741935,0.37433155080213903,0.6223821921869016,0.5931445603576752,0.6694922416576429,0.2383077094672348,0.250124673402623,51,10000,0.047244295313348506,0.03305958485909457,0.04701073042967446,0.062718149051315,0.0,0.006313563319999375,0.7508309431602468,,51,10000,0.129717438065561,0.1482029870677594,-0.01848554900219837,-0.1086598126155225,-0.020333435732148943,0.08875436448300272,0.6549
price_spell_landmarks,one_tick,queue,0.2,0.22105631872315798,0.2994382666513814,0.15099497770571746,0,2019-01-02,2019-10-17,2019-10-18,2019-12-31,65662,8723,2612,2612,0.0,0.40811638591117916,0.6223821921869016,0.5931445603576752,0.6694922416576429,0.2383077094672348,0.250124673402623,51,10000,0.047244295313348506,0.03305958485909457,0.04701073042967446,0.062718149051315,0.0,0.006313563319999375,0.7508309431602468,,51,10000,0.07464716879465917,0.14814703803122856,-0.07349986923656941,-0.11565272652964569,-0.07448868721167665,-0.022864494675385347,0.9969
price_spell_landmarks,one_tick,queue,0.2,0.22105631872315798,0.2994382666513814,0.15099497770571746,10,2019-01-02,2019-10-17,2019-10-18,2019-12-31,65662,8723,2612,2515,0.03713629402756513,0.4067594433399602,0.6223821921869016,0.5931445603576752,0.6694922416576429,0.2383077094672348,0.250124673402623,51,10000,0.047244295313348506,0.03305958485909457,0.04701073042967446,0.062718149051315,0.0,0.006313563319999375,0.7508309431602468,,51,10000,0.0600102275602285,0.14804646917735864,-0.08803624161713018,-0.1274212589402496,-0.08867915235597948,-0.042934910841644705,1.0
price_spell_landmarks,one_tick,queue,0.2,0.22105631872315798,0.2994382666513814,0.15099497770571746,100,2019-01-02,2019-10-17,2019-10-18,2019-12-31,65662,8723,2612,2089,0.20022970903522208,0.39923408329344184,0.6223821921869016,0.5931445603576752,0.6694922416576429,0.2383077094672348,0.250124673402623,51,10000,0.047244295313348506,0.03305958485909457,0.04701073042967446,0.062718149051315,0.0,0.006313563319999375,0.7508309431602468,,51,10000,0.048347706161431483,0.14787674317703975,-0.09952903701560825,-0.14358276873451004,-0.09998149097946968,-0.0510896196327297,1.0
price_spell_landmarks,one_tick,queue,0.2,0.22105631872315798,0.2994382666513814,0.15099497770571746,1000,2019-01-02,2019-10-17,2019-10-18,2019-12-31,65662,8723,2612,1058,0.5949464012251149,0.3771266540642722,0.6223821921869016,0.5931445603576752,0.6694922416576429,0.2383077094672348,0.250124673402623,51,10000,0.047244295313348506,0.03305958485909457,0.04701073042967446,0.062718149051315,0.0,0.006313563319999375,0.7508309431602468,,51,10000,0.056964247540934945,0.1480718961645548,-0.09110764862361988,-0.14257849370697853,-0.09195674628651657,-0.034286707909392665,0.9995
price_spell_landmarks,one_tick,queue,0.2,0.22105631872315798,0.2994382666513814,0.15099497770571746,10000,2019-01-02,2019-10-17,2019-10-18,2019-12-31,65662,8723,2612,708,0.7289433384379785,0.3771186440677966,0.6223821921869016,0.5931445603576752,0.6694922416576429,0.2383077094672348,0.250124673402623,51,10000,0.047244295313348506,0.03305958485909457,0.04701073042967446,0.062718149051315,0.0,0.006313563319999375,0.7508309431602468,,51,10000,0.09733264563226092,0.14794040798534888,-0.05060776235308797,-0.11571084456342103,-0.05160291262173532,0.02263204920045306,0.9171
price_spell_landmarks,one_tick,queue,1.0,1.0,1.0,0.0,0,2019-01-02,2019-10-17,2019-10-18,2019-12-31,65662,8723,8723,8723,0.0,0.5038404218732088,0.6223821921869016,0.5931445603576752,0.6694922416576429,0.2383077094672348,0.250124673402623,51,10000,0.047244295313348506,0.03305958485909457,0.04701073042967446,0.062718149051315,0.0,0.006313563319999375,0.7508309431602468,,51,10000,0.06479184995698102,0.14700219101175063,-0.08221034105476963,-0.10977241514348016,-0.08235636077091457,-0.05332119664751048,1.0
price_spell_landmarks,one_tick,queue,1.0,1.0,1.0,0.0,10,2019-01-02,2019-10-17,2019-10-18,2019-12-31,65662,8723,8723,8404,0.03656998738965955,0.5035697287006188,0.6223821921869016,0.5931445603576752,0.6694922416576429,0.2383077094672348,0.250124673402623,51,10000,0.047244295313348506,0.03305958485909457,0.04701073042967446,0.062718149051315,0.0,0.006313563319999375,0.7508309431602468,,51,10000,0.05485511380784627,0.14694019700671823,-0.09208508319887194,-0.11837868286366629,-0.09195406479021508,-0.06443297174475729,1.0
price_spell_landmarks,one_tick,queue,1.0,1.0,1.0,0.0,100,2019-01-02,2019-10-17,2019-10-18,2019-12-31,65662,8723,8723,6933,0.20520463143413958,0.49790855329583156,0.6223821921869016,0.5931445603576752,0.6694922416576429,0.2383077094672348,0.250124673402623,51,10000,0.047244295313348506,0.03305958485909457,0.04701073042967446,0.062718149051315,0.0,0.006313563319999375,0.7508309431602468,,51,10000,0.039835523962639494,0.1466944228296817,-0.10685889886704217,-0.13450960725363867,-0.10685356736457871,-0.0782713590150847,1.0
price_spell_landmarks,one_tick,queue,1.0,1.0,1.0,0.0,1000,2019-01-02,2019-10-17,2019-10-18,2019-12-31,65662,8723,8723,3063,0.6488593373839275,0.47600391772771794,0.6223821921869016,0.5931445603576752,0.6694922416576429,0.2383077094672348,0.250124673402623,51,10000,0.047244295313348506,0.03305958485909457,0.04701073042967446,0.062718149051315,0.0,0.006313563319999375,0.7508309431602468,,51,10000,0.05738307393616771,0.147150355962652,-0.08976728202648426,-0.1199537453461793,-0.08998903592300136,-0.05764929674015192,1.0
price_spell_landmarks,one_tick,queue,1.0,1.0,1.0,0.0,10000,2019-01-02,2019-10-17,2019-10-18,2019-12-31,65662,8723,8723,1990,0.7718674767855096,0.4763819095477387,0.6223821921869016,0.5931445603576752,0.6694922416576429,0.2383077094672348,0.250124673402623,51,10000,0.047244295313348506,0.03305958485909457,0.04701073042967446,0.062718149051315,0.0,0.006313563319999375,0.7508309431602468,,51,10000,0.07481404076562496,0.14713401054394976,-0.0723199697783248,-0.10745637371439415,-0.07255237667280773,-0.03669010422817429,1.0
price_spell_landmarks,one_tick,queue_and_ofi,0.05,0.049998477049130394,0.04195804195804196,0.21928702232879937,0,2019-01-02,2019-10-17,2019-10-18,2019-12-31,65662,8723,366,366,0.0,0.5792349726775956,0.6495398086971383,0.6096526424395277,0.6574059256280911,0.23260740318950845,0.250124673402623,51,10000,0.07003415526671097,0.056493291573045584,0.06982921179954421,0.08446579208766244,0.0,0.009079706046262617,0.6873468140861032,1.4734161676306528,51,10000,0.4318365365438212,0.14834643634453004,0.2834901001992912,0.1686828344872412,0.28260654711298505,0.4032246619351731,0.0
price_spell_landmarks,one_tick,queue_and_ofi,0.05,0.049998477049130394,0.04195804195804196,0.21928702232879937,10,2019-01-02,2019-10-17,2019-10-18,2019-12-31,65662,8723,366,303,0.17213114754098358,0.5874587458745875,0.6495398086971383,0.6096526424395277,0.6574059256280911,0.23260740318950845,0.250124673402623,51,10000,0.07003415526671097,0.056493291573045584,0.06982921179954421,0.08446579208766244,0.0,0.009079706046262617,0.6873468140861032,1.4734161676306528,51,10000,0.3558332809909887,0.1478219852737888,0.20801129571719992,0.09243029721856398,0.20690196756651852,0.3396178784106525,0.0001
price_spell_landmarks,one_tick,queue_and_ofi,0.05,0.049998477049130394,0.04195804195804196,0.21928702232879937,100,2019-01-02,2019-10-17,2019-10-18,2019-12-31,65662,8723,366,164,0.5519125683060109,0.5914634146341463,0.6495398086971383,0.6096526424395277,0.6574059256280911,0.23260740318950845,0.250124673402623,51,10000,0.07003415526671097,0.056493291573045584,0.06982921179954421,0.08446579208766244,0.0,0.009079706046262617,0.6873468140861032,1.4734161676306528,51,10000,0.1569614436992645,0.14744411867762197,0.009517325021642563,-0.10612401226810049,0.00922732414361738,0.13198501138925,0.4416
price_spell_landmarks,one_tick,queue_and_ofi,0.05,0.049998477049130394,0.04195804195804196,0.21928702232879937,1000,2019-01-02,2019-10-17,2019-10-18,2019-12-31,65662,8723,366,53,0.855191256830601,0.6415094339622641,0.6495398086971383,0.6096526424395277,0.6574059256280911,0.23260740318950845,0.250124673402623,51,10000,0.07003415526671097,0.056493291573045584,0.06982921179954421,0.08446579208766244,0.0,0.009079706046262617,0.6873468140861032,1.4734161676306528,51,10000,0.09094370339064149,0.14840774329437736,-0.05746403990373586,-0.25957149336704327,-0.05784358679741029,0.15236392815074784,0.7132
price_spell_landmarks,one_tick,queue_and_ofi,0.05,0.049998477049130394,0.04195804195804196,0.21928702232879937,10000,2019-01-02,2019-10-17,2019-10-18,2019-12-31,65662,8723,366,34,0.907103825136612,0.5882352941176471,0.6495398086971383,0.6096526424395277,0.6574059256280911,0.23260740318950845,0.250124673402623,51,10000,0.07003415526671097,0.056493291573045584,0.06982921179954421,0.08446579208766244,0.0,0.009079706046262617,0.6873468140861032,1.4734161676306528,51,10000,0.030109393375470583,0.1455393317322647,-0.11542993835679413,-0.37404662971671016,-0.11077947408419273,0.13269240569841256,0.8172
price_spell_landmarks,one_tick,queue_and_ofi,0.1,0.13543602083396789,0.12839619396996446,0.16245505500574076,0,2019-01-02,2019-10-17,2019-10-18,2019-12-31,65662,8723,1120,1120,0.0,0.725,0.6495398086971383,0.6096526424395277,0.6574059256280911,0.23260740318950845,0.250124673402623,51,10000,0.07003415526671097,0.056493291573045584,0.06982921179954421,0.08446579208766244,0.0,0.009079706046262617,0.6873468140861032,1.4734161676306528,51,10000,0.25500356850951944,0.1477395542689214,0.10726401424059802,0.04453022179452331,0.10574909712821426,0.17862657217614308,0.0002
price_spell_landmarks,one_tick,queue_and_ofi,0.1,0.13543602083396789,0.12839619396996446,0.16245505500574076,10,2019-01-02,2019-10-17,2019-10-18,2019-12-31,65662,8723,1120,1006,0.10178571428571426,0.7415506958250497,0.6495398086971383,0.6096526424395277,0.6574059256280911,0.23260740318950845,0.250124673402623,51,10000,0.07003415526671097,0.056493291573045584,0.06982921179954421,0.08446579208766244,0.0,0.009079706046262617,0.6873468140861032,1.4734161676306528,51,10000,0.2066942842994093,0.1475328998182684,0.05916138448114094,0.0012351842624840625,0.05840898978263771,0.12545554343714285,0.0223
price_spell_landmarks,one_tick,queue_and_ofi,0.1,0.13543602083396789,0.12839619396996446,0.16245505500574076,100,2019-01-02,2019-10-17,2019-10-18,2019-12-31,65662,8723,1120,689,0.38482142857142854,0.8011611030478955,0.6495398086971383,0.6096526424395277,0.6574059256280911,0.23260740318950845,0.250124673402623,51,10000,0.07003415526671097,0.056493291573045584,0.06982921179954421,0.08446579208766244,0.0,0.009079706046262617,0.6873468140861032,1.4734161676306528,51,10000,0.05273443415341043,0.1474032814171597,-0.09466884726374923,-0.1554366442984095,-0.0942219807282067,-0.035162741571046235,0.9986
price_spell_landmarks,one_tick,queue_and_ofi,0.1,0.13543602083396789,0.12839619396996446,0.16245505500574076,1000,2019-01-02,2019-10-17,2019-10-18,2019-12-31,65662,8723,1120,289,0.7419642857142856,0.8546712802768166,0.6495398086971383,0.6096526424395277,0.6574059256280911,0.23260740318950845,0.250124673402623,51,10000,0.07003415526671097,0.056493291573045584,0.06982921179954421,0.08446579208766244,0.0,0.009079706046262617,0.6873468140861032,1.4734161676306528,51,10000,0.03040986326311605,0.14849795308818686,-0.11808808982507081,-0.18281982762550592,-0.11750960516607264,-0.05754055389906062,0.9999
price_spell_landmarks,one_tick,queue_and_ofi,0.1,0.13543602083396789,0.12839619396996446,0.16245505500574076,10000,2019-01-02,2019-10-17,2019-10-18,2019-12-31,65662,8723,1120,194,0.8267857142857142,0.8556701030927835,0.6495398086971383,0.6096526424395277,0.6574059256280911,0.23260740318950845,0.250124673402623,51,10000,0.07003415526671097,0.056493291573045584,0.06982921179954421,0.08446579208766244,0.0,0.009079706046262617,0.6873468140861032,1.4734161676306528,51,10000,0.056658262434849525,0.1493836178781907,-0.09272535544334119,-0.1754540068539238,-0.09113090448376393,-0.009632147303075659,0.9868
price_spell_landmarks,one_tick,queue_and_ofi,0.2,0.2031768755139959,0.22985211509801673,0.15246884754945034,0,2019-01-02,2019-10-17,2019-10-18,2019-12-31,65662,8723,2005,2005,0.0,0.5271820448877805,0.6495398086971383,0.6096526424395277,0.6574059256280911,0.23260740318950845,0.250124673402623,51,10000,0.07003415526671097,0.056493291573045584,0.06982921179954421,0.08446579208766244,0.0,0.009079706046262617,0.6873468140861032,1.4734161676306528,51,10000,0.20511700211588646,0.1480108843919132,0.05710611772397325,-0.003280442649859584,0.054560952306476854,0.13083474659198338,0.0334
price_spell_landmarks,one_tick,queue_and_ofi,0.2,0.2031768755139959,0.22985211509801673,0.15246884754945034,10,2019-01-02,2019-10-17,2019-10-18,2019-12-31,65662,8723,2005,1869,0.0678304239401496,0.5254146602461209,0.6495398086971383,0.6096526424395277,0.6574059256280911,0.23260740318950845,0.250124673402623,51,10000,0.07003415526671097,0.056493291573045584,0.06982921179954421,0.08446579208766244,0.0,0.009079706046262617,0.6873468140861032,1.4734161676306528,51,10000,0.1743647330594636,0.14791559317346228,0.026449139886001283,-0.030404623460469387,0.02404559146394078,0.09592485396032517,0.2181
price_spell_landmarks,one_tick,queue_and_ofi,0.2,0.2031768755139959,0.22985211509801673,0.15246884754945034,100,2019-01-02,2019-10-17,2019-10-18,2019-12-31,65662,8723,2005,1435,0.28428927680798,0.5275261324041812,0.6495398086971383,0.6096526424395277,0.6574059256280911,0.23260740318950845,0.250124673402623,51,10000,0.07003415526671097,0.056493291573045584,0.06982921179954421,0.08446579208766244,0.0,0.009079706046262617,0.6873468140861032,1.4734161676306528,51,10000,0.09200143544750827,0.14789465641065436,-0.05589322096314609,-0.11312836047556693,-0.057434874114151914,0.005754966268296979,0.963
price_spell_landmarks,one_tick,queue_and_ofi,0.2,0.2031768755139959,0.22985211509801673,0.15246884754945034,1000,2019-01-02,2019-10-17,2019-10-18,2019-12-31,65662,8723,2005,691,0.655361596009975,0.492040520984081,0.6495398086971383,0.6096526424395277,0.6574059256280911,0.23260740318950845,0.250124673402623,51,10000,0.07003415526671097,0.056493291573045584,0.06982921179954421,0.08446579208766244,0.0,0.009079706046262617,0.6873468140861032,1.4734161676306528,51,10000,0.0715654904741915,0.14865457929069031,-0.07708908881649881,-0.14887256303489574,-0.07888892343913176,0.0026656670894194337,0.9711
price_spell_landmarks,one_tick,queue_and_ofi,0.2,0.2031768755139959,0.22985211509801673,0.15246884754945034,10000,2019-01-02,2019-10-17,2019-10-18,2019-12-31,65662,8723,2005,468,0.7665835411471322,0.4893162393162393,0.6495398086971383,0.6096526424395277,0.6574059256280911,0.23260740318950845,0.250124673402623,51,10000,0.07003415526671097,0.056493291573045584,0.06982921179954421,0.08446579208766244,0.0,0.009079706046262617,0.6873468140861032,1.4734161676306528,51,10000,0.09025643024401242,0.14860504603872646,-0.05834861579471408,-0.13573536703052666,-0.05884107209716853,0.021084844272627,0.925
price_spell_landmarks,one_tick,queue_and_ofi,1.0,1.0,1.0,0.0,0,2019-01-02,2019-10-17,2019-10-18,2019-12-31,65662,8723,8723,8723,0.0,0.5100309526539035,0.6495398086971383,0.6096526424395277,0.6574059256280911,0.23260740318950845,0.250124673402623,51,10000,0.07003415526671097,0.056493291573045584,0.06982921179954421,0.08446579208766244,0.0,0.009079706046262617,0.6873468140861032,1.4734161676306528,51,10000,0.10099949984704948,0.14700219101175063,-0.04600269116470119,-0.07599806440649903,-0.046688324956999455,-0.011269415887352351,0.995
price_spell_landmarks,one_tick,queue_and_ofi,1.0,1.0,1.0,0.0,10,2019-01-02,2019-10-17,2019-10-18,2019-12-31,65662,8723,8723,8404,0.03656998738965955,0.5091623036649214,0.6495398086971383,0.6096526424395277,0.6574059256280911,0.23260740318950845,0.250124673402623,51,10000,0.07003415526671097,0.056493291573045584,0.06982921179954421,0.08446579208766244,0.0,0.009079706046262617,0.6873468140861032,1.4734161676306528,51,10000,0.0888576362855782,0.14694019700671823,-0.05808256072114002,-0.08711140794371769,-0.05852141068335413,-0.025974389631050587,0.9997
price_spell_landmarks,one_tick,queue_and_ofi,1.0,1.0,1.0,0.0,100,2019-01-02,2019-10-17,2019-10-18,2019-12-31,65662,8723,8723,6933,0.20520463143413958,0.50237992211164,0.6495398086971383,0.6096526424395277,0.6574059256280911,0.23260740318950845,0.250124673402623,51,10000,0.07003415526671097,0.056493291573045584,0.06982921179954421,0.08446579208766244,0.0,0.009079706046262617,0.6873468140861032,1.4734161676306528,51,10000,0.06156928573164124,0.1466944228296817,-0.08512513709804043,-0.1150556616625297,-0.08569356173532186,-0.052296210621503386,1.0
price_spell_landmarks,one_tick,queue_and_ofi,1.0,1.0,1.0,0.0,1000,2019-01-02,2019-10-17,2019-10-18,2019-12-31,65662,8723,8723,3063,0.6488593373839275,0.4773098269670258,0.6495398086971383,0.6096526424395277,0.6574059256280911,0.23260740318950845,0.250124673402623,51,10000,0.07003415526671097,0.056493291573045584,0.06982921179954421,0.08446579208766244,0.0,0.009079706046262617,0.6873468140861032,1.4734161676306528,51,10000,0.06141019730421381,0.147150355962652,-0.08574015865843816,-0.11587458636019304,-0.0858419213617447,-0.054146402640011845,1.0
price_spell_landmarks,one_tick,queue_and_ofi,1.0,1.0,1.0,0.0,10000,2019-01-02,2019-10-17,2019-10-18,2019-12-31,65662,8723,8723,1990,0.7718674767855096,0.4758793969849246,0.6495398086971383,0.6096526424395277,0.6574059256280911,0.23260740318950845,0.250124673402623,51,10000,0.07003415526671097,0.056493291573045584,0.06982921179954421,0.08446579208766244,0.0,0.009079706046262617,0.6873468140861032,1.4734161676306528,51,10000,0.07198822146905369,0.14713401054394976,-0.07514578907489607,-0.10863396311253856,-0.07519037354302321,-0.04226625329697698,1.0
price_spell_landmarks,over_ten_ticks,ofi,0.05,0.06477855904343727,0.043130393693748346,0.07359233261538489,0,2019-01-02,2019-10-17,2019-10-18,2019-12-31,3896953,1252852,54036,54036,0.0,0.5943074987045673,0.5171998519380403,0.5104210233930264,0.6918110740588062,0.24931459041266582,0.24999803621662567,51,10000,0.0027338046902399826,0.002282682450151602,0.0027438575632565687,0.0031368281094807187,0.0,0.005499051547534533,,1.5036240834881816,51,10000,0.0995852432188474,2.7740262379049616,-2.6744409946861136,-2.83013096690875,-2.6722994544396785,-2.5205330242989326,1.0
price_spell_landmarks,over_ten_ticks,ofi,0.05,0.06477855904343727,0.043130393693748346,0.07359233261538489,10,2019-01-02,2019-10-17,2019-10-18,2019-12-31,3896953,1252852,54036,53252,0.014508845954548821,0.5944377675955833,0.5171998519380403,0.5104210233930264,0.6918110740588062,0.24931459041266582,0.24999803621662567,51,10000,0.0027338046902399826,0.002282682450151602,0.0027438575632565687,0.0031368281094807187,0.0,0.005499051547534533,,1.5036240834881816,51,10000,0.09471583638747187,2.779137330961661,-2.6844214945741887,-2.840611041521603,-2.68244841294028,-2.5302581280617837,1.0
price_spell_landmarks,over_ten_ticks,ofi,0.05,0.06477855904343727,0.043130393693748346,0.07359233261538489,100,2019-01-02,2019-10-17,2019-10-18,2019-12-31,3896953,1252852,54036,49193,0.08962543489525499,0.5969548512999817,0.5171998519380403,0.5104210233930264,0.6918110740588062,0.24931459041266582,0.24999803621662567,51,10000,0.0027338046902399826,0.002282682450151602,0.0027438575632565687,0.0031368281094807187,0.0,0.005499051547534533,,1.5036240834881816,51,10000,0.08053267444374247,2.797735917417894,-2.7172032429741524,-2.8759553931255533,-2.715367751050757,-2.5610024065732686,1.0
price_spell_landmarks,over_ten_ticks,ofi,0.05,0.06477855904343727,0.043130393693748346,0.07359233261538489,1000,2019-01-02,2019-10-17,2019-10-18,2019-12-31,3896953,1252852,54036,36945,0.3162891405729513,0.6024360535931791,0.5171998519380403,0.5104210233930264,0.6918110740588062,0.24931459041266582,0.24999803621662567,51,10000,0.0027338046902399826,0.002282682450151602,0.0027438575632565687,0.0031368281094807187,0.0,0.005499051547534533,,1.5036240834881816,51,10000,0.051337995748152385,2.819598590174723,-2.76826059442657,-2.9338519900906905,-2.76608679871853,-2.60771959915841,1.0
price_spell_landmarks,over_ten_ticks,ofi,0.05,0.06477855904343727,0.043130393693748346,0.07359233261538489,10000,2019-01-02,2019-10-17,2019-10-18,2019-12-31,3896953,1252852,54036,24245,0.5513176400917907,0.6157558259434935,0.5171998519380403,0.5104210233930264,0.6918110740588062,0.24931459041266582,0.24999803621662567,51,10000,0.0027338046902399826,0.002282682450151602,0.0027438575632565687,0.0031368281094807187,0.0,0.005499051547534533,,1.5036240834881816,51,10000,0.04349843001893638,2.6762146319582216,-2.6327162019392856,-2.779648242978553,-2.631613328702389,-2.4911575243632385,1.0
price_spell_landmarks,over_ten_ticks,ofi,0.1,0.10125346649035798,0.05890639915967728,0.049713964301764335,0,2019-01-02,2019-10-17,2019-10-18,2019-12-31,3896953,1252852,73801,73801,0.0,0.5573772713106868,0.5171998519380403,0.5104210233930264,0.6918110740588062,0.24931459041266582,0.24999803621662567,51,10000,0.0027338046902399826,0.002282682450151602,0.0027438575632565687,0.0031368281094807187,0.0,0.005499051547534533,,1.5036240834881816,51,10000,0.09209052857405278,2.833120620245825,-2.7410300916717723,-2.8977481972584442,-2.738617068666426,-2.581971972309838,1.0
price_spell_landmarks,over_ten_ticks,ofi,0.1,0.10125346649035798,0.05890639915967728,0.049713964301764335,10,2019-01-02,2019-10-17,2019-10-18,2019-12-31,3896953,1252852,73801,72810,0.013428002330591715,0.5570938057959072,0.5171998519380403,0.5104210233930264,0.6918110740588062,0.24931459041266582,0.24999803621662567,51,10000,0.0027338046902399826,0.002282682450151602,0.0027438575632565687,0.0031368281094807187,0.0,0.005499051547534533,,1.5036240834881816,51,10000,0.08800742846416348,2.838458626084462,-2.750451197620299,-2.9072875540943452,-2.747884511552562,-2.590973860178079,1.0
price_spell_landmarks,over_ten_ticks,ofi,0.1,0.10125346649035798,0.05890639915967728,0.049713964301764335,100,2019-01-02,2019-10-17,2019-10-18,2019-12-31,3896953,1252852,73801,67684,0.08288505575805205,0.5578275515631463,0.5171998519380403,0.5104210233930264,0.6918110740588062,0.24931459041266582,0.24999803621662567,51,10000,0.0027338046902399826,0.002282682450151602,0.0027438575632565687,0.0031368281094807187,0.0,0.005499051547534533,,1.5036240834881816,51,10000,0.07485600845966518,2.857169901151312,-2.7823138926916475,-2.942429775080377,-2.7801061976842574,-2.621558350946021,1.0
price_spell_landmarks,over_ten_ticks,ofi,0.1,0.10125346649035798,0.05890639915967728,0.049713964301764335,1000,2019-01-02,2019-10-17,2019-10-18,2019-12-31,3896953,1252852,73801,51430,0.3031259739027926,0.560392766867587,0.5171998519380403,0.5104210233930264,0.6918110740588062,0.24931459041266582,0.24999803621662567,51,10000,0.0027338046902399826,0.002282682450151602,0.0027438575632565687,0.0031368281094807187,0.0,0.005499051547534533,,1.5036240834881816,51,10000,0.050392217206898224,2.880628723651461,-2.830236506444562,-2.9970478570314802,-2.827805000338535,-2.665380023895113,1.0
price_spell_landmarks,over_ten_ticks,ofi,0.1,0.10125346649035798,0.05890639915967728,0.049713964301764335,10000,2019-01-02,2019-10-17,2019-10-18,2019-12-31,3896953,1252852,73801,33432,0.5469980081570711,0.5796542234984446,0.5171998519380403,0.5104210233930264,0.6918110740588062,0.24931459041266582,0.24999803621662567,51,10000,0.0027338046902399826,0.002282682450151602,0.0027438575632565687,0.0031368281094807187,0.0,0.005499051547534533,,1.5036240834881816,51,10000,0.04379735921484895,2.745951360419686,-2.702154001204837,-2.8535809296803425,-2.700775591172361,-2.5578449584070597,1.0
price_spell_landmarks,over_ten_ticks,ofi,0.2,1.0,1.0,0.001374759422541172,0,2019-01-02,2019-10-17,2019-10-18,2019-12-31,3896953,1252852,1252852,1252852,0.0,0.9580285620328658,0.5171998519380403,0.5104210233930264,0.6918110740588062,0.24931459041266582,0.24999803621662567,51,10000,0.0027338046902399826,0.002282682450151602,0.0027438575632565687,0.0031368281094807187,0.0,0.005499051547534533,,1.5036240834881816,51,10000,0.014847211702762084,3.0568916964720985,-3.042044484769337,-3.205333860014343,-3.0392763143076964,-2.881404345887436,1.0
price_spell_landmarks,over_ten_ticks,ofi,0.2,1.0,1.0,0.001374759422541172,10,2019-01-02,2019-10-17,2019-10-18,2019-12-31,3896953,1252852,1252852,1244588,0.006596150223649677,0.9582681176421434,0.5171998519380403,0.5104210233930264,0.6918110740588062,0.24931459041266582,0.24999803621662567,51,10000,0.0027338046902399826,0.002282682450151602,0.0027438575632565687,0.0031368281094807187,0.0,0.005499051547534533,,1.5036240834881816,51,10000,0.014577469918611925,3.0595086812612715,-3.044931211342659,-3.20823482036651,-3.04216143228747,-2.884289307879148,1.0
price_spell_landmarks,over_ten_ticks,ofi,0.2,1.0,1.0,0.001374759422541172,100,2019-01-02,2019-10-17,2019-10-18,2019-12-31,3896953,1252852,1252852,1189018,0.05095095031176866,0.9592705913619474,0.5171998519380403,0.5104210233930264,0.6918110740588062,0.24931459041266582,0.24999803621662567,51,10000,0.0027338046902399826,0.002282682450151602,0.0027438575632565687,0.0031368281094807187,0.0,0.005499051547534533,,1.5036240834881816,51,10000,0.013453137315925703,3.073348418541284,-3.0598952812253577,-3.224336730720482,-3.0568917459432186,-2.898535888214669,1.0
price_spell_landmarks,over_ten_ticks,ofi,0.2,1.0,1.0,0.001374759422541172,1000,2019-01-02,2019-10-17,2019-10-18,2019-12-31,3896953,1252852,1252852,938131,0.2512036537436185,0.9608412897559083,0.5171998519380403,0.5104210233930264,0.6918110740588062,0.24931459041266582,0.24999803621662567,51,10000,0.0027338046902399826,0.002282682450151602,0.0027438575632565687,0.0031368281094807187,0.0,0.005499051547534533,,1.5036240834881816,51,10000,0.012349800601186383,3.0744357543289773,-3.0620859537277902,-3.225388128397825,-3.058672248957934,-2.9030558485112676,1.0
price_spell_landmarks,over_ten_ticks,ofi,0.2,1.0,1.0,0.001374759422541172,10000,2019-01-02,2019-10-17,2019-10-18,2019-12-31,3896953,1252852,1252852,687202,0.4514898806882217,0.9663737882020134,0.5171998519380403,0.5104210233930264,0.6918110740588062,0.24931459041266582,0.24999803621662567,51,10000,0.0027338046902399826,0.002282682450151602,0.0027438575632565687,0.0031368281094807187,0.0,0.005499051547534533,,1.5036240834881816,51,10000,0.01761650925385351,2.9890656724812756,-2.9714491632274225,-3.13163536113585,-2.9685636510987514,-2.8171685493511918,1.0
price_spell_landmarks,over_ten_ticks,ofi,1.0,1.0,1.0,0.0,0,2019-01-02,2019-10-17,2019-10-18,2019-12-31,3896953,1252852,1252852,1252852,0.0,0.9580285620328658,0.5171998519380403,0.5104210233930264,0.6918110740588062,0.24931459041266582,0.24999803621662567,51,10000,0.0027338046902399826,0.002282682450151602,0.0027438575632565687,0.0031368281094807187,0.0,0.005499051547534533,,1.5036240834881816,51,10000,0.014847211702762084,3.0568916964720985,-3.042044484769337,-3.205333860014343,-3.0392763143076964,-2.881404345887436,1.0
price_spell_landmarks,over_ten_ticks,ofi,1.0,1.0,1.0,0.0,10,2019-01-02,2019-10-17,2019-10-18,2019-12-31,3896953,1252852,1252852,1244588,0.006596150223649677,0.9582681176421434,0.5171998519380403,0.5104210233930264,0.6918110740588062,0.24931459041266582,0.24999803621662567,51,10000,0.0027338046902399826,0.002282682450151602,0.0027438575632565687,0.0031368281094807187,0.0,0.005499051547534533,,1.5036240834881816,51,10000,0.014577469918611925,3.0595086812612715,-3.044931211342659,-3.20823482036651,-3.04216143228747,-2.884289307879148,1.0
price_spell_landmarks,over_ten_ticks,ofi,1.0,1.0,1.0,0.0,100,2019-01-02,2019-10-17,2019-10-18,2019-12-31,3896953,1252852,1252852,1189018,0.05095095031176866,0.9592705913619474,0.5171998519380403,0.5104210233930264,0.6918110740588062,0.24931459041266582,0.24999803621662567,51,10000,0.0027338046902399826,0.002282682450151602,0.0027438575632565687,0.0031368281094807187,0.0,0.005499051547534533,,1.5036240834881816,51,10000,0.013453137315925703,3.073348418541284,-3.0598952812253577,-3.224336730720482,-3.0568917459432186,-2.898535888214669,1.0
price_spell_landmarks,over_ten_ticks,ofi,1.0,1.0,1.0,0.0,1000,2019-01-02,2019-10-17,2019-10-18,2019-12-31,3896953,1252852,1252852,938131,0.2512036537436185,0.9608412897559083,0.5171998519380403,0.5104210233930264,0.6918110740588062,0.24931459041266582,0.24999803621662567,51,10000,0.0027338046902399826,0.002282682450151602,0.0027438575632565687,0.0031368281094807187,0.0,0.005499051547534533,,1.5036240834881816,51,10000,0.012349800601186383,3.0744357543289773,-3.0620859537277902,-3.225388128397825,-3.058672248957934,-2.9030558485112676,1.0
price_spell_landmarks,over_ten_ticks,ofi,1.0,1.0,1.0,0.0,10000,2019-01-02,2019-10-17,2019-10-18,2019-12-31,3896953,1252852,1252852,687202,0.4514898806882217,0.9663737882020134,0.5171998519380403,0.5104210233930264,0.6918110740588062,0.24931459041266582,0.24999803621662567,51,10000,0.0027338046902399826,0.002282682450151602,0.0027438575632565687,0.0031368281094807187,0.0,0.005499051547534533,,1.5036240834881816,51,10000,0.01761650925385351,2.9890656724812756,-2.9714491632274225,-3.13163536113585,-2.9685636510987514,-2.8171685493511918,1.0
price_spell_landmarks,over_ten_ticks,queue,0.05,0.0538305183562645,0.058011640640714145,0.08951711008514884,0,2019-01-02,2019-10-17,2019-10-18,2019-12-31,3896953,1252852,72680,72680,0.0,1.0,0.5428264578234369,0.5353609205237331,0.6910820451983181,0.24896061798956814,0.24999803621662567,51,10000,0.004149705504720824,0.003218438180954725,0.004151433436201002,0.005065986084869564,0.0,0.010902436171188825,0.3627692965600478,,51,10000,0.05434852374124094,3.0133515788588388,-2.959003055117598,-3.119390906425919,-2.956216212686593,-2.7994138883378796,1.0
price_spell_landmarks,over_ten_ticks,queue,0.05,0.0538305183562645,0.058011640640714145,0.08951711008514884,10,2019-01-02,2019-10-17,2019-10-18,2019-12-31,3896953,1252852,72680,72337,0.00471931755641164,1.0,0.5428264578234369,0.5353609205237331,0.6910820451983181,0.24896061798956814,0.24999803621662567,51,10000,0.004149705504720824,0.003218438180954725,0.004151433436201002,0.005065986084869564,0.0,0.010902436171188825,0.3627692965600478,,51,10000,0.05408301870289386,3.014926758396064,-2.9608437396931704,-3.1209722135119726,-2.958102581355323,-2.801552971955363,1.0
price_spell_landmarks,over_ten_ticks,queue,0.05,0.0538305183562645,0.058011640640714145,0.08951711008514884,100,2019-01-02,2019-10-17,2019-10-18,2019-12-31,3896953,1252852,72680,69643,0.0417859108420473,1.0,0.5428264578234369,0.5353609205237331,0.6910820451983181,0.24896061798956814,0.24999803621662567,51,10000,0.004149705504720824,0.003218438180954725,0.004151433436201002,0.005065986084869564,0.0,0.010902436171188825,0.3627692965600478,,51,10000,0.05404388899018616,3.0249886632692284,-2.9709447742790425,-3.1305997284443565,-2.968193147352606,-2.8116336683347454,1.0
price_spell_landmarks,over_ten_ticks,queue,0.05,0.0538305183562645,0.058011640640714145,0.08951711008514884,1000,2019-01-02,2019-10-17,2019-10-18,2019-12-31,3896953,1252852,72680,56910,0.21697853604843143,1.0,0.5428264578234369,0.5353609205237331,0.6910820451983181,0.24896061798956814,0.24999803621662567,51,10000,0.004149705504720824,0.003218438180954725,0.004151433436201002,0.005065986084869564,0.0,0.010902436171188825,0.3627692965600478,,51,10000,0.06514416529106694,3.01025537643085,-2.9451112111397824,-3.099264351099616,-2.94296091203366,-2.7917677649690305,1.0
price_spell_landmarks,over_ten_ticks,queue,0.05,0.0538305183562645,0.058011640640714145,0.08951711008514884,10000,2019-01-02,2019-10-17,2019-10-18,2019-12-31,3896953,1252852,72680,42938,0.40921849201981286,1.0,0.5428264578234369,0.5353609205237331,0.6910820451983181,0.24896061798956814,0.24999803621662567,51,10000,0.004149705504720824,0.003218438180954725,0.004151433436201002,0.005065986084869564,0.0,0.010902436171188825,0.3627692965600478,,51,10000,0.07471312038222988,2.915730929579352,-2.8410178091971225,-2.987678135477491,-2.8385161300238244,-2.6961732703955406,1.0
price_spell_landmarks,over_ten_ticks,queue,0.1,0.11500318325625174,0.12200882466564288,0.08423051176569546,0,2019-01-02,2019-10-17,2019-10-18,2019-12-31,3896953,1252852,152859,152859,0.0,0.47547085876526735,0.5428264578234369,0.5353609205237331,0.6910820451983181,0.24896061798956814,0.24999803621662567,51,10000,0.004149705504720824,0.003218438180954725,0.004151433436201002,0.005065986084869564,0.0,0.010902436171188825,0.3627692965600478,,51,10000,0.049675382256542826,3.003492449550958,-2.953817067294415,-3.096960810739576,-2.952144546044291,-2.8109457710338006,1.0
price_spell_landmarks,over_ten_ticks,queue,0.1,0.11500318325625174,0.12200882466564288,0.08423051176569546,10,2019-01-02,2019-10-17,2019-10-18,2019-12-31,3896953,1252852,152859,152061,0.005220497321060558,0.4757104056924524,0.5428264578234369,0.5353609205237331,0.6910820451983181,0.24896061798956814,0.24999803621662567,51,10000,0.004149705504720824,0.003218438180954725,0.004151433436201002,0.005065986084869564,0.0,0.010902436171188825,0.3627692965600478,,51,10000,0.04932655892335281,3.0053636835362645,-2.9560371246129113,-3.099007362556084,-2.954329038089633,-2.8130171157695574,1.0
price_spell_landmarks,over_ten_ticks,queue,0.1,0.11500318325625174,0.12200882466564288,0.08423051176569546,100,2019-01-02,2019-10-17,2019-10-18,2019-12-31,3896953,1252852,152859,146615,0.04084810184549159,0.47500596801145856,0.5428264578234369,0.5353609205237331,0.6910820451983181,0.24896061798956814,0.24999803621662567,51,10000,0.004149705504720824,0.003218438180954725,0.004151433436201002,0.005065986084869564,0.0,0.010902436171188825,0.3627692965600478,,51,10000,0.04827855696841374,3.0153722807592063,-2.9670937237907924,-3.1102711012937556,-2.965400945353614,-2.8241692264351372,1.0
price_spell_landmarks,over_ten_ticks,queue,0.1,0.11500318325625174,0.12200882466564288,0.08423051176569546,1000,2019-01-02,2019-10-17,2019-10-18,2019-12-31,3896953,1252852,152859,119558,0.2178543625170909,0.4760032787433714,0.5428264578234369,0.5353609205237331,0.6910820451983181,0.24896061798956814,0.24999803621662567,51,10000,0.004149705504720824,0.003218438180954725,0.004151433436201002,0.005065986084869564,0.0,0.010902436171188825,0.3627692965600478,,51,10000,0.05525186542963165,2.99896691496018,-2.9437150495305477,-3.0810208703210162,-2.942292413745869,-2.807274946882131,1.0
price_spell_landmarks,over_ten_ticks,queue,0.1,0.11500318325625174,0.12200882466564288,0.08423051176569546,10000,2019-01-02,2019-10-17,2019-10-18,2019-12-31,3896953,1252852,152859,90220,0.40978287179688466,0.4759255154067834,0.5428264578234369,0.5353609205237331,0.6910820451983181,0.24896061798956814,0.24999803621662567,51,10000,0.004149705504720824,0.003218438180954725,0.004151433436201002,0.005065986084869564,0.0,0.010902436171188825,0.3627692965600478,,51,10000,0.061115457839574804,2.9098693582917305,-2.848753900452156,-2.981012346679698,-2.8474516863758694,-2.717675899859568,1.0
price_spell_landmarks,over_ten_ticks,queue,0.2,0.20935356418206738,0.2324600192201473,0.07814439190039868,0,2019-01-02,2019-10-17,2019-10-18,2019-12-31,3896953,1252852,291238,291238,0.0,0.5499042020615441,0.5428264578234369,0.5353609205237331,0.6910820451983181,0.24896061798956814,0.24999803621662567,51,10000,0.004149705504720824,0.003218438180954725,0.004151433436201002,0.005065986084869564,0.0,0.010902436171188825,0.3627692965600478,,51,10000,0.04822286866961875,2.942005612236639,-2.8937827435670207,-3.04137438895919,-2.891139484984168,-2.7504957549295614,1.0
price_spell_landmarks,over_ten_ticks,queue,0.2,0.20935356418206738,0.2324600192201473,0.07814439190039868,10,2019-01-02,2019-10-17,2019-10-18,2019-12-31,3896953,1252852,291238,289414,0.00626291898722009,0.5499768497722985,0.5428264578234369,0.5353609205237331,0.6910820451983181,0.24896061798956814,0.24999803621662567,51,10000,0.004149705504720824,0.003218438180954725,0.004151433436201002,0.005065986084869564,0.0,0.010902436171188825,0.3627692965600478,,51,10000,0.04773944256981468,2.9443739554698136,-2.896634512899998,-3.0447136672009245,-2.8939598157053004,-2.753249028091421,1.0
price_spell_landmarks,over_ten_ticks,queue,0.2,0.20935356418206738,0.2324600192201473,0.07814439190039868,100,2019-01-02,2019-10-17,2019-10-18,2019-12-31,3896953,1252852,291238,277802,0.04613408964489529,0.5495064830346794,0.5428264578234369,0.5353609205237331,0.6910820451983181,0.24896061798956814,0.24999803621662567,51,10000,0.004149705504720824,0.003218438180954725,0.004151433436201002,0.005065986084869564,0.0,0.010902436171188825,0.3627692965600478,,51,10000,0.047490495288118474,2.9558360640249335,-2.908345568736815,-3.057180954880776,-2.905730732532094,-2.7644382854661673,1.0
price_spell_landmarks,over_ten_ticks,queue,0.2,0.20935356418206738,0.2324600192201473,0.07814439190039868,1000,2019-01-02,2019-10-17,2019-10-18,2019-12-31,3896953,1252852,291238,223361,0.2330636798769391,0.5492633002180327,0.5428264578234369,0.5353609205237331,0.6910820451983181,0.24896061798956814,0.24999803621662567,51,10000,0.004149705504720824,0.003218438180954725,0.004151433436201002,0.005065986084869564,0.0,0.010902436171188825,0.3627692965600478,,51,10000,0.05472589643100815,2.9463692597825646,-2.8916433633515566,-3.0366423469622315,-2.889120482913617,-2.7532954336265263,1.0
price_spell_landmarks,over_ten_ticks,queue,0.2,0.20935356418206738,0.2324600192201473,0.07814439190039868,10000,2019-01-02,2019-10-17,2019-10-18,2019-12-31,3896953,1252852,291238,166732,0.4275060259993545,0.5486649233500468,0.5428264578234369,0.5353609205237331,0.6910820451983181,0.24896061798956814,0.24999803621662567,51,10000,0.004149705504720824,0.003218438180954725,0.004151433436201002,0.005065986084869564,0.0,0.010902436171188825,0.3627692965600478,,51,10000,0.06292135386501764,2.857701850453092,-2.7947804965880745,-2.933586188602531,-2.7928503354798364,-2.6613200537297477,1.0
price_spell_landmarks,over_ten_ticks,queue,1.0,1.0,1.0,0.0,0,2019-01-02,2019-10-17,2019-10-18,2019-12-31,3896953,1252852,1252852,1252852,0.0,0.5740119343705402,0.5428264578234369,0.5353609205237331,0.6910820451983181,0.24896061798956814,0.24999803621662567,51,10000,0.004149705504720824,0.003218438180954725,0.004151433436201002,0.005065986084869564,0.0,0.010902436171188825,0.3627692965600478,,51,10000,0.05292637105047744,3.0568916964720985,-3.0039653254216216,-3.1609243279136194,-3.0012843266004587,-2.8477680766332463,1.0
price_spell_landmarks,over_ten_ticks,queue,1.0,1.0,1.0,0.0,10,2019-01-02,2019-10-17,2019-10-18,2019-12-31,3896953,1252852,1252852,1244588,0.006596150223649677,0.5741667121971287,0.5428264578234369,0.5353609205237331,0.6910820451983181,0.24896061798956814,0.24999803621662567,51,10000,0.004149705504720824,0.003218438180954725,0.004151433436201002,0.005065986084869564,0.0,0.010902436171188825,0.3627692965600478,,51,10000,0.052650690540724604,3.0595086812612715,-3.0068579907205466,-3.163859060197197,-3.0040886562059566,-2.8505452381043113,1.0
price_spell_landmarks,over_ten_ticks,queue,1.0,1.0,1.0,0.0,100,2019-01-02,2019-10-17,2019-10-18,2019-12-31,3896953,1252852,1252852,1189018,0.05095095031176866,0.5744892003317023,0.5428264578234369,0.5353609205237331,0.6910820451983181,0.24896061798956814,0.24999803621662567,51,10000,0.004149705504720824,0.003218438180954725,0.004151433436201002,0.005065986084869564,0.0,0.010902436171188825,0.3627692965600478,,51,10000,0.051661642639672836,3.073348418541284,-3.0216867759016113,-3.1790693418809473,-3.0189035903584074,-2.8643576280356697,1.0
price_spell_landmarks,over_ten_ticks,queue,1.0,1.0,1.0,0.0,1000,2019-01-02,2019-10-17,2019-10-18,2019-12-31,3896953,1252852,1252852,938131,0.2512036537436185,0.5758076430690383,0.5428264578234369,0.5353609205237331,0.6910820451983181,0.24896061798956814,0.24999803621662567,51,10000,0.004149705504720824,0.003218438180954725,0.004151433436201002,0.005065986084869564,0.0,0.010902436171188825,0.3627692965600478,,51,10000,0.05587415620161195,3.0744357543289773,-3.018561598127365,-3.174249935862835,-3.0157253316556663,-2.866659826883806,1.0
price_spell_landmarks,over_ten_ticks,queue,1.0,1.0,1.0,0.0,10000,2019-01-02,2019-10-17,2019-10-18,2019-12-31,3896953,1252852,1252852,687202,0.4514898806882217,0.5761319088128382,0.5428264578234369,0.5353609205237331,0.6910820451983181,0.24896061798956814,0.24999803621662567,51,10000,0.004149705504720824,0.003218438180954725,0.004151433436201002,0.005065986084869564,0.0,0.010902436171188825,0.3627692965600478,,51,10000,0.06935166901834255,2.9890656724812756,-2.919714003462934,-3.0692824323957644,-2.917133636323266,-2.7737914341727645,1.0
price_spell_landmarks,over_ten_ticks,queue_and_ofi,0.05,0.05033701971771279,0.03494427115094201,0.09522509366222809,0,2019-01-02,2019-10-17,2019-10-18,2019-12-31,3896953,1252852,43780,43780,0.0,0.5157149383280036,0.5480302677488654,0.5374457637454384,0.6900860943931154,0.2484577088318067,0.24999803621662567,51,10000,0.006161357937565004,0.005253965382024425,0.0061647349243773575,0.007062766859939109,0.0,0.010625058268463106,0.3317877019761537,1.167215781142887,51,10000,0.1295154066947937,2.7530843661615974,-2.6235689594668035,-2.7775421942563914,-2.6204263895681548,-2.473268508998828,1.0
price_spell_landmarks,over_ten_ticks,queue_and_ofi,0.05,0.05033701971771279,0.03494427115094201,0.09522509366222809,10,2019-01-02,2019-10-17,2019-10-18,2019-12-31,3896953,1252852,43780,43111,0.015280950205573296,0.5151817401591241,0.5480302677488654,0.5374457637454384,0.6900860943931154,0.2484577088318067,0.24999803621662567,51,10000,0.006161357937565004,0.005253965382024425,0.0061647349243773575,0.007062766859939109,0.0,0.010625058268463106,0.3317877019761537,1.167215781142887,51,10000,0.1234220126761622,2.7577694422371657,-2.6343474295610037,-2.7892455937993503,-2.6314463749985837,-2.4828351818638277,1.0
price_spell_landmarks,over_ten_ticks,queue_and_ofi,0.05,0.05033701971771279,0.03494427115094201,0.09522509366222809,100,2019-01-02,2019-10-17,2019-10-18,2019-12-31,3896953,1252852,43780,39981,0.08677478300593877,0.5153447887746679,0.5480302677488654,0.5374457637454384,0.6900860943931154,0.2484577088318067,0.24999803621662567,51,10000,0.006161357937565004,0.005253965382024425,0.0061647349243773575,0.007062766859939109,0.0,0.010625058268463106,0.3317877019761537,1.167215781142887,51,10000,0.10811604353495967,2.778071125955715,-2.6699550824207554,-2.8291586706775513,-2.6672291184656522,-2.5151573690648457,1.0
price_spell_landmarks,over_ten_ticks,queue_and_ofi,0.05,0.05033701971771279,0.03494427115094201,0.09522509366222809,1000,2019-01-02,2019-10-17,2019-10-18,2019-12-31,3896953,1252852,43780,30276,0.3084513476473275,0.5136411679217863,0.5480302677488654,0.5374457637454384,0.6900860943931154,0.2484577088318067,0.24999803621662567,51,10000,0.006161357937565004,0.005253965382024425,0.0061647349243773575,0.007062766859939109,0.0,0.010625058268463106,0.3317877019761537,1.167215781142887,51,10000,0.0836863713613531,2.8017672493965255,-2.7180808780351735,-2.8840087489823922,-2.7152117044043127,-2.5601395284978365,1.0
price_spell_landmarks,over_ten_ticks,queue_and_ofi,0.05,0.05033701971771279,0.03494427115094201,0.09522509366222809,10000,2019-01-02,2019-10-17,2019-10-18,2019-12-31,3896953,1252852,43780,19764,0.5485609867519415,0.5337988261485529,0.5480302677488654,0.5374457637454384,0.6900860943931154,0.2484577088318067,0.24999803621662567,51,10000,0.006161357937565004,0.005253965382024425,0.0061647349243773575,0.007062766859939109,0.0,0.010625058268463106,0.3317877019761537,1.167215781142887,51,10000,0.09298804471798665,2.667260354162878,-2.574272309444891,-2.716708618060165,-2.5727289431433187,-2.4405396604470817,1.0
price_spell_landmarks,over_ten_ticks,queue_and_ofi,0.1,0.11403242482010946,0.0979046208171436,0.08217537117201845,0,2019-01-02,2019-10-17,2019-10-18,2019-12-31,3896953,1252852,122660,122660,0.0,0.7922876243274091,0.5480302677488654,0.5374457637454384,0.6900860943931154,0.2484577088318067,0.24999803621662567,51,10000,0.006161357937565004,0.005253965382024425,0.0061647349243773575,0.007062766859939109,0.0,0.010625058268463106,0.3317877019761537,1.167215781142887,51,10000,0.08591129129590848,2.9312065854865947,-2.845295294190687,-3.000767691636996,-2.8427722951661356,-2.691408755902707,1.0
price_spell_landmarks,over_ten_ticks,queue_and_ofi,0.1,0.11403242482010946,0.0979046208171436,0.08217537117201845,10,2019-01-02,2019-10-17,2019-10-18,2019-12-31,3896953,1252852,122660,121581,0.008796673732268112,0.7933311948412992,0.5480302677488654,0.5374457637454384,0.6900860943931154,0.2484577088318067,0.24999803621662567,51,10000,0.006161357937565004,0.005253965382024425,0.0061647349243773575,0.007062766859939109,0.0,0.010625058268463106,0.3317877019761537,1.167215781142887,51,10000,0.08324735533517318,2.9347442831714172,-2.851496927836245,-3.007463632958103,-2.848937143405572,-2.697302629061971,1.0
price_spell_landmarks,over_ten_ticks,queue_and_ofi,0.1,0.11403242482010946,0.0979046208171436,0.08217537117201845,100,2019-01-02,2019-10-17,2019-10-18,2019-12-31,3896953,1252852,122660,115370,0.05943257785749223,0.7980410852041259,0.5480302677488654,0.5374457637454384,0.6900860943931154,0.2484577088318067,0.24999803621662567,51,10000,0.006161357937565004,0.005253965382024425,0.0061647349243773575,0.007062766859939109,0.0,0.010625058268463106,0.3317877019761537,1.167215781142887,51,10000,0.0764129253513685,2.95101749480686,-2.874604569455492,-3.0318546511684112,-2.872087907859144,-2.7190593787519357,1.0
price_spell_landmarks,over_ten_ticks,queue_and_ofi,0.1,0.11403242482010946,0.0979046208171436,0.08217537117201845,1000,2019-01-02,2019-10-17,2019-10-18,2019-12-31,3896953,1252852,122660,91448,0.25445948149355946,0.8078689528475199,0.5480302677488654,0.5374457637454384,0.6900860943931154,0.2484577088318067,0.24999803621662567,51,10000,0.006161357937565004,0.005253965382024425,0.0061647349243773575,0.007062766859939109,0.0,0.010625058268463106,0.3317877019761537,1.167215781142887,51,10000,0.0725099402666041,2.9523789729662098,-2.879869032699606,-3.035597886503837,-2.8774355011606403,-2.728167031242087,1.0
price_spell_landmarks,over_ten_ticks,queue_and_ofi,0.1,0.11403242482010946,0.0979046208171436,0.08217537117201845,10000,2019-01-02,2019-10-17,2019-10-18,2019-12-31,3896953,1252852,122660,65447,0.46643567585194845,0.8311763717206289,0.5480302677488654,0.5374457637454384,0.6900860943931154,0.2484577088318067,0.24999803621662567,51,10000,0.006161357937565004,0.005253965382024425,0.0061647349243773575,0.007062766859939109,0.0,0.010625058268463106,0.3317877019761537,1.167215781142887,51,10000,0.08038670450798925,2.849913476517925,-2.7695267720099355,-2.913218682612355,-2.767135757527204,-2.6302956372121336,1.0
price_spell_landmarks,over_ten_ticks,queue_and_ofi,0.2,0.20477614177024972,0.19597925373467895,0.07695952897129799,0,2019-01-02,2019-10-17,2019-10-18,2019-12-31,3896953,1252852,245533,245533,0.0,0.5728965149287468,0.5480302677488654,0.5374457637454384,0.6900860943931154,0.2484577088318067,0.24999803621662567,51,10000,0.006161357937565004,0.005253965382024425,0.0061647349243773575,0.007062766859939109,0.0,0.010625058268463106,0.3317877019761537,1.167215781142887,51,10000,0.06493621472891548,2.944983684022465,-2.8800474692935487,-3.028144088440212,-2.8775651126825426,-2.7341595312885345,1.0
price_spell_landmarks,over_ten_ticks,queue_and_ofi,0.2,0.20477614177024972,0.19597925373467895,0.07695952897129799,10,2019-01-02,2019-10-17,2019-10-18,2019-12-31,3896953,1252852,245533,243727,0.007355426765444983,0.5729197011410307,0.5480302677488654,0.5374457637454384,0.6900860943931154,0.2484577088318067,0.24999803621662567,51,10000,0.006161357937565004,0.005253965382024425,0.0061647349243773575,0.007062766859939109,0.0,0.010625058268463106,0.3317877019761537,1.167215781142887,51,10000,0.0633904645732766,2.9478530409386243,-2.884462576365347,-3.0325843589402517,-2.8819087761613282,-2.7381175238796702,1.0
price_spell_landmarks,over_ten_ticks,queue_and_ofi,0.2,0.20477614177024972,0.19597925373467895,0.07695952897129799,100,2019-01-02,2019-10-17,2019-10-18,2019-12-31,3896953,1252852,245533,233053,0.05082819824626428,0.5726465653735416,0.5480302677488654,0.5374457637454384,0.6900860943931154,0.2484577088318067,0.24999803621662567,51,10000,0.006161357937565004,0.005253965382024425,0.0061647349243773575,0.007062766859939109,0.0,0.010625058268463106,0.3317877019761537,1.167215781142887,51,10000,0.059116424473871165,2.9609208129253908,-2.901804388451519,-3.050907159009962,-2.899040867367894,-2.7550700155470356,1.0
price_spell_landmarks,over_ten_ticks,queue_and_ofi,0.2,0.20477614177024972,0.19597925373467895,0.07695952897129799,1000,2019-01-02,2019-10-17,2019-10-18,2019-12-31,3896953,1252852,245533,186483,0.24049720404181918,0.5723470772134726,0.5480302677488654,0.5374457637454384,0.6900860943931154,0.2484577088318067,0.24999803621662567,51,10000,0.006161357937565004,0.005253965382024425,0.0061647349243773575,0.007062766859939109,0.0,0.010625058268463106,0.3317877019761537,1.167215781142887,51,10000,0.058992682733447654,2.9552537890825974,-2.8962611063491503,-3.042425571118801,-2.893975612533267,-2.7537716630413365,1.0
price_spell_landmarks,over_ten_ticks,queue_and_ofi,0.2,0.20477614177024972,0.19597925373467895,0.07695952897129799,10000,2019-01-02,2019-10-17,2019-10-18,2019-12-31,3896953,1252852,245533,136411,0.44442905841577307,0.5751515640234292,0.5480302677488654,0.5374457637454384,0.6900860943931154,0.2484577088318067,0.24999803621662567,51,10000,0.006161357937565004,0.005253965382024425,0.0061647349243773575,0.007062766859939109,0.0,0.010625058268463106,0.3317877019761537,1.167215781142887,51,10000,0.0656466302450944,2.8578590233242473,-2.792212393079152,-2.928453606213709,-2.7902557155047134,-2.6593207486587245,1.0
price_spell_landmarks,over_ten_ticks,queue_and_ofi,1.0,1.0,1.0,0.0,0,2019-01-02,2019-10-17,2019-10-18,2019-12-31,3896953,1252852,1252852,1252852,0.0,0.571847273261327,0.5480302677488654,0.5374457637454384,0.6900860943931154,0.2484577088318067,0.24999803621662567,51,10000,0.006161357937565004,0.005253965382024425,0.0061647349243773575,0.007062766859939109,0.0,0.010625058268463106,0.3317877019761537,1.167215781142887,51,10000,0.05470679649708625,3.0568916964720985,-3.0021848999750116,-3.1591533370095273,-2.9995041075685673,-2.845643464007312,1.0
price_spell_landmarks,over_ten_ticks,queue_and_ofi,1.0,1.0,1.0,0.0,10,2019-01-02,2019-10-17,2019-10-18,2019-12-31,3896953,1252852,1252852,1244588,0.006596150223649677,0.5720005335098844,0.5480302677488654,0.5374457637454384,0.6900860943931154,0.2484577088318067,0.24999803621662567,51,10000,0.006161357937565004,0.005253965382024425,0.0061647349243773575,0.007062766859939109,0.0,0.010625058268463106,0.3317877019761537,1.167215781142887,51,10000,0.054240485912299755,3.0595086812612715,-3.0052681953489713,-3.16230381453389,-3.002473518186547,-2.8486483495653934,1.0
price_spell_landmarks,over_ten_ticks,queue_and_ofi,1.0,1.0,1.0,0.0,100,2019-01-02,2019-10-17,2019-10-18,2019-12-31,3896953,1252852,1252852,1189018,0.05095095031176866,0.572307568094007,0.5480302677488654,0.5374457637454384,0.6900860943931154,0.2484577088318067,0.24999803621662567,51,10000,0.006161357937565004,0.005253965382024425,0.0061647349243773575,0.007062766859939109,0.0,0.010625058268463106,0.3317877019761537,1.167215781142887,51,10000,0.05255398392206894,3.073348418541284,-3.020794434619215,-3.1782928297032784,-3.0180098771270085,-2.863353197482813,1.0
price_spell_landmarks,over_ten_ticks,queue_and_ofi,1.0,1.0,1.0,0.0,1000,2019-01-02,2019-10-17,2019-10-18,2019-12-31,3896953,1252852,1252852,938131,0.2512036537436185,0.5737620865316251,0.5480302677488654,0.5374457637454384,0.6900860943931154,0.2484577088318067,0.24999803621662567,51,10000,0.006161357937565004,0.005253965382024425,0.0061647349243773575,0.007062766859939109,0.0,0.010625058268463106,0.3317877019761537,1.167215781142887,51,10000,0.05538860798254016,3.0744357543289773,-3.019047146346437,-3.1751252033257695,-3.0162461416433493,-2.866764749038658,1.0
price_spell_landmarks,over_ten_ticks,queue_and_ofi,1.0,1.0,1.0,0.0,10000,2019-01-02,2019-10-17,2019-10-18,2019-12-31,3896953,1252852,1252852,687202,0.4514898806882217,0.5745472219231027,0.5480302677488654,0.5374457637454384,0.6900860943931154,0.2484577088318067,0.24999803621662567,51,10000,0.006161357937565004,0.005253965382024425,0.0061647349243773575,0.007062766859939109,0.0,0.010625058268463106,0.3317877019761537,1.167215781142887,51,10000,0.06792033757936655,2.9890656724812756,-2.92114533490191,-3.071293958088755,-2.9186275344636057,-2.7747544457538456,1.0
price_spell_landmarks,six_to_ten_ticks,ofi,0.05,0.060775829147557255,0.05227446859413281,0.09500410563538408,0,2019-01-02,2019-10-17,2019-10-18,2019-12-31,2500731,660418,34523,34523,0.0,0.5044463111548823,0.5257770979256292,0.5158111983622493,0.6902922082684472,0.24856366650156508,0.24999582413192384,51,10000,0.005728726211054691,0.005099882756141561,0.005719415259543725,0.006418238001802193,0.0,0.013902244171570792,,1.5445502784189298,51,10000,0.1262627004955079,1.1576446679308112,-1.0313819674353037,-1.074880054323122,-1.030672392437855,-0.9911605083430667,1.0
price_spell_landmarks,six_to_ten_ticks,ofi,0.05,0.060775829147557255,0.05227446859413281,0.09500410563538408,10,2019-01-02,2019-10-17,2019-10-18,2019-12-31,2500731,660418,34523,33457,0.030877965414361386,0.5055743192754879,0.5257770979256292,0.5158111983622493,0.6902922082684472,0.24856366650156508,0.24999582413192384,51,10000,0.005728726211054691,0.005099882756141561,0.005719415259543725,0.006418238001802193,0.0,0.013902244171570792,,1.5445502784189298,51,10000,0.11723078952977699,1.159675896083426,-1.0424451065536489,-1.0862890809760763,-1.0416388428296595,-1.0019337232998247,1.0
price_spell_landmarks,six_to_ten_ticks,ofi,0.05,0.060775829147557255,0.05227446859413281,0.09500410563538408,100,2019-01-02,2019-10-17,2019-10-18,2019-12-31,2500731,660418,34523,29032,0.15905338470005503,0.5069233948746211,0.5257770979256292,0.5158111983622493,0.6902922082684472,0.24856366650156508,0.24999582413192384,51,10000,0.005728726211054691,0.005099882756141561,0.005719415259543725,0.006418238001802193,0.0,0.013902244171570792,,1.5445502784189298,51,10000,0.08481464486588226,1.166527700887342,-1.0817130560214598,-1.1276713917226053,-1.0812588282579871,-1.0400458894782494,1.0
price_spell_landmarks,six_to_ten_ticks,ofi,0.05,0.060775829147557255,0.05227446859413281,0.09500410563538408,1000,2019-01-02,2019-10-17,2019-10-18,2019-12-31,2500731,660418,34523,20158,0.41609941198621214,0.5099712273042961,0.5257770979256292,0.5158111983622493,0.6902922082684472,0.24856366650156508,0.24999582413192384,51,10000,0.005728726211054691,0.005099882756141561,0.005719415259543725,0.006418238001802193,0.0,0.013902244171570792,,1.5445502784189298,51,10000,0.03561152259677159,1.176214836304781,-1.1406033137080094,-1.1885930327172238,-1.140182991844058,-1.0960502935355272,1.0
price_spell_landmarks,six_to_ten_ticks,ofi,0.05,0.060775829147557255,0.05227446859413281,0.09500410563538408,10000,2019-01-02,2019-10-17,2019-10-18,2019-12-31,2500731,660418,34523,15091,0.5628711293919995,0.5185209727652244,0.5257770979256292,0.5158111983622493,0.6902922082684472,0.24856366650156508,0.24999582413192384,51,10000,0.005728726211054691,0.005099882756141561,0.005719415259543725,0.006418238001802193,0.0,0.013902244171570792,,1.5445502784189298,51,10000,0.01785735105767816,1.1753815803776386,-1.1575242293199601,-1.2081271678814547,-1.1572860719767672,-1.1117553376557296,1.0
price_spell_landmarks,six_to_ten_ticks,ofi,0.1,0.10656963903754542,0.07881220681447204,0.05309878714227845,0,2019-01-02,2019-10-17,2019-10-18,2019-12-31,2500731,660418,52049,52049,0.0,0.5547272762204846,0.5257770979256292,0.5158111983622493,0.6902922082684472,0.24856366650156508,0.24999582413192384,51,10000,0.005728726211054691,0.005099882756141561,0.005719415259543725,0.006418238001802193,0.0,0.013902244171570792,,1.5445502784189298,51,10000,0.11347916769642591,1.1632859166000244,-1.0498067489035987,-1.0941609699371992,-1.0491993859796032,-1.0081955052283595,1.0
price_spell_landmarks,six_to_ten_ticks,ofi,0.1,0.10656963903754542,0.07881220681447204,0.05309878714227845,10,2019-01-02,2019-10-17,2019-10-18,2019-12-31,2500731,660418,52049,50661,0.026667179004399744,0.5558516413019877,0.5257770979256292,0.5158111983622493,0.6902922082684472,0.24856366650156508,0.24999582413192384,51,10000,0.005728726211054691,0.005099882756141561,0.005719415259543725,0.006418238001802193,0.0,0.013902244171570792,,1.5445502784189298,51,10000,0.10619821524103915,1.1649437121303097,-1.0587454968892704,-1.1031020586508344,-1.0580998010441212,-1.0170831068418968,1.0
price_spell_landmarks,six_to_ten_ticks,ofi,0.1,0.10656963903754542,0.07881220681447204,0.05309878714227845,100,2019-01-02,2019-10-17,2019-10-18,2019-12-31,2500731,660418,52049,44657,0.14202001959691823,0.5580312157108628,0.5257770979256292,0.5158111983622493,0.6902922082684472,0.24856366650156508,0.24999582413192384,51,10000,0.005728726211054691,0.005099882756141561,0.005719415259543725,0.006418238001802193,0.0,0.013902244171570792,,1.5445502784189298,51,10000,0.07788590559988011,1.171166642223024,-1.0932807366231438,-1.1389185233350743,-1.0926635431406997,-1.0511055324258527,1.0
price_spell_landmarks,six_to_ten_ticks,ofi,0.1,0.10656963903754542,0.07881220681447204,0.05309878714227845,1000,2019-01-02,2019-10-17,2019-10-18,2019-12-31,2500731,660418,52049,31646,0.39199600376568233,0.5590911963597295,0.5257770979256292,0.5158111983622493,0.6902922082684472,0.24856366650156508,0.24999582413192384,51,10000,0.005728726211054691,0.005099882756141561,0.005719415259543725,0.006418238001802193,0.0,0.013902244171570792,,1.5445502784189298,51,10000,0.034719671013329824,1.1825141394348408,-1.147794468421511,-1.1946346555000462,-1.1472966535443325,-1.1039299248573224,1.0
price_spell_landmarks,six_to_ten_ticks,ofi,0.1,0.10656963903754542,0.07881220681447204,0.05309878714227845,10000,2019-01-02,2019-10-17,2019-10-18,2019-12-31,2500731,660418,52049,23653,0.5455628350208457,0.5684691159683761,0.5257770979256292,0.5158111983622493,0.6902922082684472,0.24856366650156508,0.24999582413192384,51,10000,0.005728726211054691,0.005099882756141561,0.005719415259543725,0.006418238001802193,0.0,0.013902244171570792,,1.5445502784189298,51,10000,0.018425457125383835,1.1810028961260888,-1.1625774390007049,-1.2098936202764043,-1.1621334553519063,-1.1191602010531267,1.0
price_spell_landmarks,six_to_ten_ticks,ofi,0.2,1.0,1.0,0.003475505066474538,0,2019-01-02,2019-10-17,2019-10-18,2019-12-31,2500731,660418,660418,660418,0.0,0.945127177030305,0.5257770979256292,0.5158111983622493,0.6902922082684472,0.24856366650156508,0.24999582413192384,51,10000,0.005728726211054691,0.005099882756141561,0.005719415259543725,0.006418238001802193,0.0,0.013902244171570792,,1.5445502784189298,51,10000,0.01825883430112105,1.1695821174291663,-1.151323283128045,-1.19655032827004,-1.1505866199995403,-1.1105035679644317,1.0
price_spell_landmarks,six_to_ten_ticks,ofi,0.2,1.0,1.0,0.003475505066474538,10,2019-01-02,2019-10-17,2019-10-18,2019-12-31,2500731,660418,660418,651692,0.013212843986687206,0.9458287043572731,0.5257770979256292,0.5158111983622493,0.6902922082684472,0.24856366650156508,0.24999582413192384,51,10000,0.005728726211054691,0.005099882756141561,0.005719415259543725,0.006418238001802193,0.0,0.013902244171570792,,1.5445502784189298,51,10000,0.017520879630334996,1.170114319748783,-1.152593440118448,-1.1978816189883936,-1.1518785606753053,-1.111645405678603,1.0
price_spell_landmarks,six_to_ten_ticks,ofi,0.2,1.0,1.0,0.003475505066474538,100,2019-01-02,2019-10-17,2019-10-18,2019-12-31,2500731,660418,660418,605341,0.08339718178486955,0.9483035181823137,0.5257770979256292,0.5158111983622493,0.6902922082684472,0.24856366650156508,0.24999582413192384,51,10000,0.005728726211054691,0.005099882756141561,0.005719415259543725,0.006418238001802193,0.0,0.013902244171570792,,1.5445502784189298,51,10000,0.01444424778408532,1.1719507844296198,-1.1575065366455346,-1.203290883829251,-1.1568059501257122,-1.1162060449404725,1.0
price_spell_landmarks,six_to_ten_ticks,ofi,0.2,1.0,1.0,0.003475505066474538,1000,2019-01-02,2019-10-17,2019-10-18,2019-12-31,2500731,660418,660418,461042,0.3018936491737051,0.9519696687069724,0.5257770979256292,0.5158111983622493,0.6902922082684472,0.24856366650156508,0.24999582413192384,51,10000,0.005728726211054691,0.005099882756141561,0.005719415259543725,0.006418238001802193,0.0,0.013902244171570792,,1.5445502784189298,51,10000,0.011312231498230492,1.1784330627686372,-1.1671208312704067,-1.2141212736033264,-1.16645650862027,-1.1247040195452902,1.0
price_spell_landmarks,six_to_ten_ticks,ofi,0.2,1.0,1.0,0.003475505066474538,10000,2019-01-02,2019-10-17,2019-10-18,2019-12-31,2500731,660418,660418,363656,0.4493548025644365,0.9552186681919176,0.5257770979256292,0.5158111983622493,0.6902922082684472,0.24856366650156508,0.24999582413192384,51,10000,0.005728726211054691,0.005099882756141561,0.005719415259543725,0.006418238001802193,0.0,0.013902244171570792,,1.5445502784189298,51,10000,0.015431662914704714,1.1765244809778923,-1.1610928180631876,-1.2048608129920426,-1.160665992008862,-1.120793942483735,1.0
price_spell_landmarks,six_to_ten_ticks,ofi,1.0,1.0,1.0,0.0,0,2019-01-02,2019-10-17,2019-10-18,2019-12-31,2500731,660418,660418,660418,0.0,0.945127177030305,0.5257770979256292,0.5158111983622493,0.6902922082684472,0.24856366650156508,0.24999582413192384,51,10000,0.005728726211054691,0.005099882756141561,0.005719415259543725,0.006418238001802193,0.0,0.013902244171570792,,1.5445502784189298,51,10000,0.01825883430112105,1.1695821174291663,-1.151323283128045,-1.19655032827004,-1.1505866199995403,-1.1105035679644317,1.0
price_spell_landmarks,six_to_ten_ticks,ofi,1.0,1.0,1.0,0.0,10,2019-01-02,2019-10-17,2019-10-18,2019-12-31,2500731,660418,660418,651692,0.013212843986687206,0.9458287043572731,0.5257770979256292,0.5158111983622493,0.6902922082684472,0.24856366650156508,0.24999582413192384,51,10000,0.005728726211054691,0.005099882756141561,0.005719415259543725,0.006418238001802193,0.0,0.013902244171570792,,1.5445502784189298,51,10000,0.017520879630334996,1.170114319748783,-1.152593440118448,-1.1978816189883936,-1.1518785606753053,-1.111645405678603,1.0
price_spell_landmarks,six_to_ten_ticks,ofi,1.0,1.0,1.0,0.0,100,2019-01-02,2019-10-17,2019-10-18,2019-12-31,2500731,660418,660418,605341,0.08339718178486955,0.9483035181823137,0.5257770979256292,0.5158111983622493,0.6902922082684472,0.24856366650156508,0.24999582413192384,51,10000,0.005728726211054691,0.005099882756141561,0.005719415259543725,0.006418238001802193,0.0,0.013902244171570792,,1.5445502784189298,51,10000,0.01444424778408532,1.1719507844296198,-1.1575065366455346,-1.203290883829251,-1.1568059501257122,-1.1162060449404725,1.0
price_spell_landmarks,six_to_ten_ticks,ofi,1.0,1.0,1.0,0.0,1000,2019-01-02,2019-10-17,2019-10-18,2019-12-31,2500731,660418,660418,461042,0.3018936491737051,0.9519696687069724,0.5257770979256292,0.5158111983622493,0.6902922082684472,0.24856366650156508,0.24999582413192384,51,10000,0.005728726211054691,0.005099882756141561,0.005719415259543725,0.006418238001802193,0.0,0.013902244171570792,,1.5445502784189298,51,10000,0.011312231498230492,1.1784330627686372,-1.1671208312704067,-1.2141212736033264,-1.16645650862027,-1.1247040195452902,1.0
price_spell_landmarks,six_to_ten_ticks,ofi,1.0,1.0,1.0,0.0,10000,2019-01-02,2019-10-17,2019-10-18,2019-12-31,2500731,660418,660418,363656,0.4493548025644365,0.9552186681919176,0.5257770979256292,0.5158111983622493,0.6902922082684472,0.24856366650156508,0.24999582413192384,51,10000,0.005728726211054691,0.005099882756141561,0.005719415259543725,0.006418238001802193,0.0,0.013902244171570792,,1.5445502784189298,51,10000,0.015431662914704714,1.1765244809778923,-1.1610928180631876,-1.2048608129920426,-1.160665992008862,-1.120793942483735,1.0
price_spell_landmarks,six_to_ten_ticks,queue,0.05,0.05362951872872372,0.061079498136028997,0.09037790447692651,0,2019-01-02,2019-10-17,2019-10-18,2019-12-31,2500731,660418,40338,40338,0.0,1.0,0.545862609021714,0.5368069919354106,0.6906739511017794,0.24876068485591243,0.24999582413192384,51,10000,0.0049406396298828925,0.0033590431136557687,0.004951354683228493,0.006553397216726231,0.0,0.018454647252532545,0.358642290390032,,51,10000,0.04083154031809566,1.1535421480233101,-1.1127106077052145,-1.1524074433467595,-1.1128243557538755,-1.076005390335277,1.0
price_spell_landmarks,six_to_ten_ticks,queue,0.05,0.05362951872872372,0.061079498136028997,0.09037790447692651,10,2019-01-02,2019-10-17,2019-10-18,2019-12-31,2500731,660418,40338,39881,0.011329267688036104,1.0,0.545862609021714,0.5368069919354106,0.6906739511017794,0.24876068485591243,0.24999582413192384,51,10000,0.0049406396298828925,0.0033590431136557687,0.004951354683228493,0.006553397216726231,0.0,0.018454647252532545,0.358642290390032,,51,10000,0.03965721491014305,1.154130268455753,-1.1144730535456098,-1.1543916256227633,-1.1145086294068205,-1.0775685530823835,1.0
price_spell_landmarks,six_to_ten_ticks,queue,0.05,0.05362951872872372,0.061079498136028997,0.09037790447692651,100,2019-01-02,2019-10-17,2019-10-18,2019-12-31,2500731,660418,40338,37405,0.07271059546829295,1.0,0.545862609021714,0.5368069919354106,0.6906739511017794,0.24876068485591243,0.24999582413192384,51,10000,0.0049406396298828925,0.0033590431136557687,0.004951354683228493,0.006553397216726231,0.0,0.018454647252532545,0.358642290390032,,51,10000,0.038290125404703224,1.1564132248208716,-1.1181230994161686,-1.1586429467833563,-1.1182369382530388,-1.0809013653978408,1.0
price_spell_landmarks,six_to_ten_ticks,queue,0.05,0.05362951872872372,0.061079498136028997,0.09037790447692651,1000,2019-01-02,2019-10-17,2019-10-18,2019-12-31,2500731,660418,40338,29947,0.2575982944122168,1.0,0.545862609021714,0.5368069919354106,0.6906739511017794,0.24876068485591243,0.24999582413192384,51,10000,0.0049406396298828925,0.0033590431136557687,0.004951354683228493,0.006553397216726231,0.0,0.018454647252532545,0.358642290390032,,51,10000,0.03714266531639678,1.1606730599948103,-1.1235303946784132,-1.164949110847906,-1.1236719205459398,-1.0851010320182939,1.0
price_spell_landmarks,six_to_ten_ticks,queue,0.05,0.05362951872872372,0.061079498136028997,0.09037790447692651,10000,2019-01-02,2019-10-17,2019-10-18,2019-12-31,2500731,660418,40338,24126,0.4019039119440726,1.0,0.545862609021714,0.5368069919354106,0.6906739511017794,0.24876068485591243,0.24999582413192384,51,10000,0.0049406396298828925,0.0033590431136557687,0.004951354683228493,0.006553397216726231,0.0,0.018454647252532545,0.358642290390032,,51,10000,0.04452952131976333,1.1611812376868293,-1.1166517163670657,-1.1575847486825999,-1.1168504654197067,-1.0777786554001239,1.0
price_spell_landmarks,six_to_ten_ticks,queue,0.1,0.151218183803056,0.17615358757635316,0.08142320769645844,0,2019-01-02,2019-10-17,2019-10-18,2019-12-31,2500731,660418,116335,116335,0.0,0.6053208406756351,0.545862609021714,0.5368069919354106,0.6906739511017794,0.24876068485591243,0.24999582413192384,51,10000,0.0049406396298828925,0.0033590431136557687,0.004951354683228493,0.006553397216726231,0.0,0.018454647252532545,0.358642290390032,,51,10000,0.033098517055932766,1.1592223824726882,-1.1261238654167554,-1.170142261266061,-1.1256498156246817,-1.0871371621276178,1.0
price_spell_landmarks,six_to_ten_ticks,queue,0.1,0.151218183803056,0.17615358757635316,0.08142320769645844,10,2019-01-02,2019-10-17,2019-10-18,2019-12-31,2500731,660418,116335,114985,0.011604418274809847,0.6049658651128408,0.545862609021714,0.5368069919354106,0.6906739511017794,0.24876068485591243,0.24999582413192384,51,10000,0.0049406396298828925,0.0033590431136557687,0.004951354683228493,0.006553397216726231,0.0,0.018454647252532545,0.358642290390032,,51,10000,0.03230735649511194,1.159581054246206,-1.127273697751094,-1.1712683561094313,-1.1268099510783443,-1.0883271923120343,1.0
price_spell_landmarks,six_to_ten_ticks,queue,0.1,0.151218183803056,0.17615358757635316,0.08142320769645844,100,2019-01-02,2019-10-17,2019-10-18,2019-12-31,2500731,660418,116335,107858,0.07286715090041695,0.6036733482912718,0.545862609021714,0.5368069919354106,0.6906739511017794,0.24876068485591243,0.24999582413192384,51,10000,0.0049406396298828925,0.0033590431136557687,0.004951354683228493,0.006553397216726231,0.0,0.018454647252532545,0.358642290390032,,51,10000,0.03070254744863651,1.1610898524291324,-1.1303873049804958,-1.1741034780506607,-1.1300316676200257,-1.0916061730155335,1.0
price_spell_landmarks,six_to_ten_ticks,queue,0.1,0.151218183803056,0.17615358757635316,0.08142320769645844,1000,2019-01-02,2019-10-17,2019-10-18,2019-12-31,2500731,660418,116335,85952,0.26116817810633086,0.6003699739389426,0.545862609021714,0.5368069919354106,0.6906739511017794,0.24876068485591243,0.24999582413192384,51,10000,0.0049406396298828925,0.0033590431136557687,0.004951354683228493,0.006553397216726231,0.0,0.018454647252532545,0.358642290390032,,51,10000,0.02947767430468892,1.166294309041834,-1.1368166347371453,-1.1810727380591544,-1.1365796795376166,-1.0966714232555497,1.0
price_spell_landmarks,six_to_ten_ticks,queue,0.1,0.151218183803056,0.17615358757635316,0.08142320769645844,10000,2019-01-02,2019-10-17,2019-10-18,2019-12-31,2500731,660418,116335,69369,0.40371341384793913,0.5971975954677161,0.545862609021714,0.5368069919354106,0.6906739511017794,0.24876068485591243,0.24999582413192384,51,10000,0.0049406396298828925,0.0033590431136557687,0.004951354683228493,0.006553397216726231,0.0,0.018454647252532545,0.358642290390032,,51,10000,0.0333061216307975,1.1656974833228393,-1.1323913616920418,-1.1766210613786898,-1.132284641182334,-1.0921209442375595,1.0
price_spell_landmarks,six_to_ten_ticks,queue,0.2,0.22825365863021652,0.2683966821013358,0.07578167805028335,0,2019-01-02,2019-10-17,2019-10-18,2019-12-31,2500731,660418,177254,177254,0.0,0.5424644859918535,0.545862609021714,0.5368069919354106,0.6906739511017794,0.24876068485591243,0.24999582413192384,51,10000,0.0049406396298828925,0.0033590431136557687,0.004951354683228493,0.006553397216726231,0.0,0.018454647252532545,0.358642290390032,,51,10000,0.029261295311857397,1.163243296947168,-1.1339820016353106,-1.1804578226912978,-1.1333112158833218,-1.0929308786628062,1.0
price_spell_landmarks,six_to_ten_ticks,queue,0.2,0.22825365863021652,0.2683966821013358,0.07578167805028335,10,2019-01-02,2019-10-17,2019-10-18,2019-12-31,2500731,660418,177254,175166,0.01177970595868072,0.5424340340020324,0.545862609021714,0.5368069919354106,0.6906739511017794,0.24876068485591243,0.24999582413192384,51,10000,0.0049406396298828925,0.0033590431136557687,0.004951354683228493,0.006553397216726231,0.0,0.018454647252532545,0.358642290390032,,51,10000,0.02854164999404247,1.1636162526525198,-1.1350746026584773,-1.181598290571781,-1.1343789388027874,-1.0940351782484785,1.0
price_spell_landmarks,six_to_ten_ticks,queue,0.2,0.22825365863021652,0.2683966821013358,0.07578167805028335,100,2019-01-02,2019-10-17,2019-10-18,2019-12-31,2500731,660418,177254,163852,0.07560901305471246,0.5420684520176745,0.545862609021714,0.5368069919354106,0.6906739511017794,0.24876068485591243,0.24999582413192384,51,10000,0.0049406396298828925,0.0033590431136557687,0.004951354683228493,0.006553397216726231,0.0,0.018454647252532545,0.358642290390032,,51,10000,0.02681840797629514,1.1652160505410682,-1.1383976425647733,-1.1849443201781684,-1.1377837809895504,-1.0972732388728266,1.0
price_spell_landmarks,six_to_ten_ticks,queue,0.2,0.22825365863021652,0.2683966821013358,0.07578167805028335,1000,2019-01-02,2019-10-17,2019-10-18,2019-12-31,2500731,660418,177254,129318,0.2704367743464181,0.5406826582532981,0.545862609021714,0.5368069919354106,0.6906739511017794,0.24876068485591243,0.24999582413192384,51,10000,0.0049406396298828925,0.0033590431136557687,0.004951354683228493,0.006553397216726231,0.0,0.018454647252532545,0.358642290390032,,51,10000,0.02683958427493801,1.1707633876472436,-1.1439238033723056,-1.191193865159509,-1.1433245568465729,-1.1016585843334301,1.0
price_spell_landmarks,six_to_ten_ticks,queue,0.2,0.22825365863021652,0.2683966821013358,0.07578167805028335,10000,2019-01-02,2019-10-17,2019-10-18,2019-12-31,2500731,660418,177254,103869,0.4140104031502815,0.5399589868006817,0.545862609021714,0.5368069919354106,0.6906739511017794,0.24876068485591243,0.24999582413192384,51,10000,0.0049406396298828925,0.0033590431136557687,0.004951354683228493,0.006553397216726231,0.0,0.018454647252532545,0.358642290390032,,51,10000,0.030391945950252304,1.169713727701204,-1.1393217817509518,-1.1858343507825229,-1.1388974882347058,-1.0973233943797784,1.0
price_spell_landmarks,six_to_ten_ticks,queue,1.0,1.0,1.0,0.0,0,2019-01-02,2019-10-17,2019-10-18,2019-12-31,2500731,660418,660418,660418,0.0,0.5303807588527266,0.545862609021714,0.5368069919354106,0.6906739511017794,0.24876068485591243,0.24999582413192384,51,10000,0.0049406396298828925,0.0033590431136557687,0.004951354683228493,0.006553397216726231,0.0,0.018454647252532545,0.358642290390032,,51,10000,0.028471707848951144,1.1695821174291663,-1.1411104095802154,-1.1858349322023256,-1.1404312693949494,-1.1011686708695123,1.0
price_spell_landmarks,six_to_ten_ticks,queue,1.0,1.0,1.0,0.0,10,2019-01-02,2019-10-17,2019-10-18,2019-12-31,2500731,660418,660418,651692,0.013212843986687206,0.5305205526537076,0.545862609021714,0.5368069919354106,0.6906739511017794,0.24876068485591243,0.24999582413192384,51,10000,0.0049406396298828925,0.0033590431136557687,0.004951354683228493,0.006553397216726231,0.0,0.018454647252532545,0.358642290390032,,51,10000,0.027951270807594072,1.170114319748783,-1.1421630489411891,-1.1871095109245953,-1.1415353436467754,-1.1022885811101266,1.0
price_spell_landmarks,six_to_ten_ticks,queue,1.0,1.0,1.0,0.0,100,2019-01-02,2019-10-17,2019-10-18,2019-12-31,2500731,660418,660418,605341,0.08339718178486955,0.530796691451595,0.545862609021714,0.5368069919354106,0.6906739511017794,0.24876068485591243,0.24999582413192384,51,10000,0.0049406396298828925,0.0033590431136557687,0.004951354683228493,0.006553397216726231,0.0,0.018454647252532545,0.358642290390032,,51,10000,0.028124528891187772,1.1719507844296198,-1.143826255538432,-1.188369909745994,-1.143185739841625,-1.103910637530473,1.0
price_spell_landmarks,six_to_ten_ticks,queue,1.0,1.0,1.0,0.0,1000,2019-01-02,2019-10-17,2019-10-18,2019-12-31,2500731,660418,660418,461042,0.3018936491737051,0.5298432680753598,0.545862609021714,0.5368069919354106,0.6906739511017794,0.24876068485591243,0.24999582413192384,51,10000,0.0049406396298828925,0.0033590431136557687,0.004951354683228493,0.006553397216726231,0.0,0.018454647252532545,0.358642290390032,,51,10000,0.03571429814973543,1.1784330627686372,-1.1427187646189019,-1.1882116548160089,-1.1419832181467284,-1.1020600621946417,1.0
price_spell_landmarks,six_to_ten_ticks,queue,1.0,1.0,1.0,0.0,10000,2019-01-02,2019-10-17,2019-10-18,2019-12-31,2500731,660418,660418,363656,0.4493548025644365,0.5295334051961194,0.545862609021714,0.5368069919354106,0.6906739511017794,0.24876068485591243,0.24999582413192384,51,10000,0.0049406396298828925,0.0033590431136557687,0.004951354683228493,0.006553397216726231,0.0,0.018454647252532545,0.358642290390032,,51,10000,0.046515394127976936,1.1765244809778923,-1.1300090868499155,-1.1733983001710677,-1.1293089928261055,-1.0912324364914348,1.0
price_spell_landmarks,six_to_ten_ticks,queue_and_ofi,0.05,0.05013654007568187,0.04320596955261668,0.11468773368340729,0,2019-01-02,2019-10-17,2019-10-18,2019-12-31,2500731,660418,28534,28534,0.0,0.5260391112357188,0.5566141983440246,0.5427395982544388,0.6883473443449383,0.2475994209089522,0.24999582413192384,51,10000,0.0095857730075809,0.008001573247581033,0.009602886128838417,0.011171913337203509,0.0,0.01876453965873303,0.3251376429840101,1.245946894348798,51,10000,0.12102746508028953,1.159935882533285,-1.0389084174529954,-1.0830129858923716,-1.0382735322362482,-0.9986103632628608,1.0
price_spell_landmarks,six_to_ten_ticks,queue_and_ofi,0.05,0.05013654007568187,0.04320596955261668,0.11468773368340729,10,2019-01-02,2019-10-17,2019-10-18,2019-12-31,2500731,660418,28534,27660,0.030630125464358282,0.526825741142444,0.5566141983440246,0.5427395982544388,0.6883473443449383,0.2475994209089522,0.24999582413192384,51,10000,0.0095857730075809,0.008001573247581033,0.009602886128838417,0.011171913337203509,0.0,0.01876453965873303,0.3251376429840101,1.245946894348798,51,10000,0.11206502408413636,1.162077739662438,-1.0500127155783017,-1.094493911959837,-1.0492713132811904,-1.0093994631704624,1.0
price_spell_landmarks,six_to_ten_ticks,queue_and_ofi,0.05,0.05013654007568187,0.04320596955261668,0.11468773368340729,100,2019-01-02,2019-10-17,2019-10-18,2019-12-31,2500731,660418,28534,24249,0.15017172495969722,0.5288465503732113,0.5566141983440246,0.5427395982544388,0.6883473443449383,0.2475994209089522,0.24999582413192384,51,10000,0.0095857730075809,0.008001573247581033,0.009602886128838417,0.011171913337203509,0.0,0.01876453965873303,0.3251376429840101,1.245946894348798,51,10000,0.08344580912324283,1.1680553107733038,-1.0846095016500612,-1.1306484361942983,-1.0839442406957012,-1.0429488278551118,1.0
price_spell_landmarks,six_to_ten_ticks,queue_and_ofi,0.05,0.05013654007568187,0.04320596955261668,0.11468773368340729,1000,2019-01-02,2019-10-17,2019-10-18,2019-12-31,2500731,660418,28534,17323,0.3928996986051728,0.5289499509322866,0.5566141983440246,0.5427395982544388,0.6883473443449383,0.2475994209089522,0.24999582413192384,51,10000,0.0095857730075809,0.008001573247581033,0.009602886128838417,0.011171913337203509,0.0,0.01876453965873303,0.3251376429840101,1.245946894348798,51,10000,0.04500193111370221,1.176258281849823,-1.1312563507361204,-1.1792975827799441,-1.1306438187274277,-1.0875582370819432,1.0
price_spell_landmarks,six_to_ten_ticks,queue_and_ofi,0.05,0.05013654007568187,0.04320596955261668,0.11468773368340729,10000,2019-01-02,2019-10-17,2019-10-18,2019-12-31,2500731,660418,28534,12939,0.5465409686689564,0.5358219336888477,0.5566141983440246,0.5427395982544388,0.6883473443449383,0.2475994209089522,0.24999582413192384,51,10000,0.0095857730075809,0.008001573247581033,0.009602886128838417,0.011171913337203509,0.0,0.01876453965873303,0.3251376429840101,1.245946894348798,51,10000,0.03413777043691757,1.173934629347446,-1.1397968589105285,-1.1884539668588117,-1.1393897931101575,-1.0954951464069573,1.0
price_spell_landmarks,six_to_ten_ticks,queue_and_ofi,0.1,0.1266333724019097,0.11592506564024603,0.08258979179663284,0,2019-01-02,2019-10-17,2019-10-18,2019-12-31,2500731,660418,76559,76559,0.0,0.7568672527070626,0.5566141983440246,0.5427395982544388,0.6883473443449383,0.2475994209089522,0.24999582413192384,51,10000,0.0095857730075809,0.008001573247581033,0.009602886128838417,0.011171913337203509,0.0,0.01876453965873303,0.3251376429840101,1.245946894348798,51,10000,0.08177837851702138,1.158621508169441,-1.0768431296524201,-1.11706988445694,-1.076454591266447,-1.0400797598615061,1.0
price_spell_landmarks,six_to_ten_ticks,queue_and_ofi,0.1,0.1266333724019097,0.11592506564024603,0.08258979179663284,10,2019-01-02,2019-10-17,2019-10-18,2019-12-31,2500731,660418,76559,75072,0.019422928721639532,0.75943094629156,0.5566141983440246,0.5427395982544388,0.6883473443449383,0.2475994209089522,0.24999582413192384,51,10000,0.0095857730075809,0.008001573247581033,0.009602886128838417,0.011171913337203509,0.0,0.01876453965873303,0.3251376429840101,1.245946894348798,51,10000,0.07681492163047093,1.1597982729030307,-1.0829833512725597,-1.123238512665533,-1.0826126874037119,-1.04617348939538,1.0
price_spell_landmarks,six_to_ten_ticks,queue_and_ofi,0.1,0.1266333724019097,0.11592506564024603,0.08258979179663284,100,2019-01-02,2019-10-17,2019-10-18,2019-12-31,2500731,660418,76559,68288,0.10803432646716915,0.7682755388940956,0.5566141983440246,0.5427395982544388,0.6883473443449383,0.2475994209089522,0.24999582413192384,51,10000,0.0095857730075809,0.008001573247581033,0.009602886128838417,0.011171913337203509,0.0,0.01876453965873303,0.3251376429840101,1.245946894348798,51,10000,0.06116797591083261,1.163604649613605,-1.1024366737027722,-1.1436684427338,-1.1021888394941342,-1.0648859245706808,1.0
price_spell_landmarks,six_to_ten_ticks,queue_and_ofi,0.1,0.1266333724019097,0.11592506564024603,0.08258979179663284,1000,2019-01-02,2019-10-17,2019-10-18,2019-12-31,2500731,660418,76559,51899,0.32210452069645634,0.7835411086918823,0.5566141983440246,0.5427395982544388,0.6883473443449383,0.2475994209089522,0.24999582413192384,51,10000,0.0095857730075809,0.008001573247581033,0.009602886128838417,0.011171913337203509,0.0,0.01876453965873303,0.3251376429840101,1.245946894348798,51,10000,0.04155708967134206,1.1696647963564903,-1.1281077066851481,-1.1707625037441602,-1.1277967575421912,-1.0890651085229537,1.0
price_spell_landmarks,six_to_ten_ticks,queue_and_ofi,0.1,0.1266333724019097,0.11592506564024603,0.08258979179663284,10000,2019-01-02,2019-10-17,2019-10-18,2019-12-31,2500731,660418,76559,40501,0.47098316331195544,0.7953136959581245,0.5566141983440246,0.5427395982544388,0.6883473443449383,0.2475994209089522,0.24999582413192384,51,10000,0.0095857730075809,0.008001573247581033,0.009602886128838417,0.011171913337203509,0.0,0.01876453965873303,0.3251376429840101,1.245946894348798,51,10000,0.04079069984104482,1.1687466100516557,-1.1279559102106111,-1.1701994210337416,-1.1277285700775144,-1.0894257958227866,1.0
price_spell_landmarks,six_to_ten_ticks,queue_and_ofi,0.2,0.22290162356526952,0.22777392499901578,0.07343621321823979,0,2019-01-02,2019-10-17,2019-10-18,2019-12-31,2500731,660418,150426,150426,0.0,0.5745948173852924,0.5566141983440246,0.5427395982544388,0.6883473443449383,0.2475994209089522,0.24999582413192384,51,10000,0.0095857730075809,0.008001573247581033,0.009602886128838417,0.011171913337203509,0.0,0.01876453965873303,0.3251376429840101,1.245946894348798,51,10000,0.05679010573201259,1.1609856067359978,-1.1041955010039852,-1.1470608728234302,-1.1036025051367315,-1.0658225011439464,1.0
price_spell_landmarks,six_to_ten_ticks,queue_and_ofi,0.2,0.22290162356526952,0.22777392499901578,0.07343621321823979,10,2019-01-02,2019-10-17,2019-10-18,2019-12-31,2500731,660418,150426,148068,0.0156754816321647,0.5748777588675473,0.5566141983440246,0.5427395982544388,0.6883473443449383,0.2475994209089522,0.24999582413192384,51,10000,0.0095857730075809,0.008001573247581033,0.009602886128838417,0.011171913337203509,0.0,0.01876453965873303,0.3251376429840101,1.245946894348798,51,10000,0.05366485020574583,1.161689479702191,-1.1080246294964455,-1.151165658162124,-1.107433227472122,-1.0694548418173677,1.0
price_spell_landmarks,six_to_ten_ticks,queue_and_ofi,0.2,0.22290162356526952,0.22777392499901578,0.07343621321823979,100,2019-01-02,2019-10-17,2019-10-18,2019-12-31,2500731,660418,150426,136817,0.09046973262600877,0.5754401865265282,0.5566141983440246,0.5427395982544388,0.6883473443449383,0.2475994209089522,0.24999582413192384,51,10000,0.0095857730075809,0.008001573247581033,0.009602886128838417,0.011171913337203509,0.0,0.01876453965873303,0.3251376429840101,1.245946894348798,51,10000,0.04417193481844535,1.1642212845932844,-1.120049349774839,-1.163114611798412,-1.1196183126783614,-1.0816211747850584,1.0
price_spell_landmarks,six_to_ten_ticks,queue_and_ofi,0.2,0.22290162356526952,0.22777392499901578,0.07343621321823979,1000,2019-01-02,2019-10-17,2019-10-18,2019-12-31,2500731,660418,150426,106580,0.29147886668528045,0.5748733345843497,0.5566141983440246,0.5427395982544388,0.6883473443449383,0.2475994209089522,0.24999582413192384,51,10000,0.0095857730075809,0.008001573247581033,0.009602886128838417,0.011171913337203509,0.0,0.01876453965873303,0.3251376429840101,1.245946894348798,51,10000,0.032663610305639176,1.1700800261792046,-1.1374164158735656,-1.1814098735351686,-1.1369975088620818,-1.0973841154428037,1.0
price_spell_landmarks,six_to_ten_ticks,queue_and_ofi,0.2,0.22290162356526952,0.22777392499901578,0.07343621321823979,10000,2019-01-02,2019-10-17,2019-10-18,2019-12-31,2500731,660418,150426,84686,0.43702551420632074,0.57546701934204,0.5566141983440246,0.5427395982544388,0.6883473443449383,0.2475994209089522,0.24999582413192384,51,10000,0.0095857730075809,0.008001573247581033,0.009602886128838417,0.011171913337203509,0.0,0.01876453965873303,0.3251376429840101,1.245946894348798,51,10000,0.032738207739535716,1.168918322357165,-1.1361801146176291,-1.1797677238051396,-1.1359142549285748,-1.09606958326161,1.0
price_spell_landmarks,six_to_ten_ticks,queue_and_ofi,1.0,1.0,1.0,0.0,0,2019-01-02,2019-10-17,2019-10-18,2019-12-31,2500731,660418,660418,660418,0.0,0.5297811386122122,0.5566141983440246,0.5427395982544388,0.6883473443449383,0.2475994209089522,0.24999582413192384,51,10000,0.0095857730075809,0.008001573247581033,0.009602886128838417,0.011171913337203509,0.0,0.01876453965873303,0.3251376429840101,1.245946894348798,51,10000,0.03437208080646007,1.1695821174291663,-1.1352100366227063,-1.179846127860587,-1.1345321913904909,-1.0952557909249396,1.0
price_spell_landmarks,six_to_ten_ticks,queue_and_ofi,1.0,1.0,1.0,0.0,10,2019-01-02,2019-10-17,2019-10-18,2019-12-31,2500731,660418,660418,651692,0.013212843986687206,0.5299374551168343,0.5566141983440246,0.5427395982544388,0.6883473443449383,0.2475994209089522,0.24999582413192384,51,10000,0.0095857730075809,0.008001573247581033,0.009602886128838417,0.011171913337203509,0.0,0.01876453965873303,0.3251376429840101,1.245946894348798,51,10000,0.033416114971539616,1.170114319748783,-1.1366982047772436,-1.1814130359656532,-1.1359923705429436,-1.0967534890140727,1.0
price_spell_landmarks,six_to_ten_ticks,queue_and_ofi,1.0,1.0,1.0,0.0,100,2019-01-02,2019-10-17,2019-10-18,2019-12-31,2500731,660418,660418,605341,0.08339718178486955,0.5301986814043654,0.5566141983440246,0.5427395982544388,0.6883473443449383,0.2475994209089522,0.24999582413192384,51,10000,0.0095857730075809,0.008001573247581033,0.009602886128838417,0.011171913337203509,0.0,0.01876453965873303,0.3251376429840101,1.245946894348798,51,10000,0.03127251428770123,1.1719507844296198,-1.1406782701419185,-1.1851934419463983,-1.140047717229573,-1.1007153731285149,1.0
price_spell_landmarks,six_to_ten_ticks,queue_and_ofi,1.0,1.0,1.0,0.0,1000,2019-01-02,2019-10-17,2019-10-18,2019-12-31,2500731,660418,660418,461042,0.3018936491737051,0.5292467931338143,0.5566141983440246,0.5427395982544388,0.6883473443449383,0.2475994209089522,0.24999582413192384,51,10000,0.0095857730075809,0.008001573247581033,0.009602886128838417,0.011171913337203509,0.0,0.01876453965873303,0.3251376429840101,1.245946894348798,51,10000,0.035771502912420705,1.1784330627686372,-1.1426615598562166,-1.1879337591262173,-1.1419512473185183,-1.1019817531303207,1.0
price_spell_landmarks,six_to_ten_ticks,queue_and_ofi,1.0,1.0,1.0,0.0,10000,2019-01-02,2019-10-17,2019-10-18,2019-12-31,2500731,660418,660418,363656,0.4493548025644365,0.5292254218272213,0.5566141983440246,0.5427395982544388,0.6883473443449383,0.2475994209089522,0.24999582413192384,51,10000,0.0095857730075809,0.008001573247581033,0.009602886128838417,0.011171913337203509,0.0,0.01876453965873303,0.3251376429840101,1.245946894348798,51,10000,0.04526889830052279,1.1765244809778923,-1.1312555826773696,-1.1744741406426138,-1.1306168819598112,-1.0924612011384174,1.0
price_spell_landmarks,two_to_five_ticks,ofi,0.05,0.054145434774362414,0.0504292311478495,0.14082118553295475,0,2019-01-02,2019-10-17,2019-10-18,2019-12-31,1186305,276308,13934,13934,0.0,0.5279173245299268,0.5403377336698733,0.5168362841466769,0.6876577181192658,0.24726018323369953,0.25003542848148924,51,10000,0.01109940805046794,0.009214761353233566,0.011159430993475716,0.012778058810965092,0.0,0.010688228605454894,,1.8278168228842806,51,10000,0.1920894684780278,0.573843186287885,-0.3817537178098572,-0.41120198145068565,-0.3817752741674001,-0.3471716657129251,1.0
price_spell_landmarks,two_to_five_ticks,ofi,0.05,0.054145434774362414,0.0504292311478495,0.14082118553295475,10,2019-01-02,2019-10-17,2019-10-18,2019-12-31,1186305,276308,13934,13048,0.06358547437921636,0.5283568362967505,0.5403377336698733,0.5168362841466769,0.6876577181192658,0.24726018323369953,0.25003542848148924,51,10000,0.01109940805046794,0.009214761353233566,0.011159430993475716,0.012778058810965092,0.0,0.010688228605454894,,1.8278168228842806,51,10000,0.17253224426446037,0.5753332816541203,-0.40280103738966005,-0.4305315361309844,-0.4028511755488582,-0.37123626296285195,1.0
price_spell_landmarks,two_to_five_ticks,ofi,0.05,0.054145434774362414,0.0504292311478495,0.14082118553295475,100,2019-01-02,2019-10-17,2019-10-18,2019-12-31,1186305,276308,13934,9888,0.29036888187168075,0.5242718446601942,0.5403377336698733,0.5168362841466769,0.6876577181192658,0.24726018323369953,0.25003542848148924,51,10000,0.01109940805046794,0.009214761353233566,0.011159430993475716,0.012778058810965092,0.0,0.010688228605454894,,1.8278168228842806,51,10000,0.11017712361230492,0.5835583794296784,-0.4733812558173734,-0.4994163489687892,-0.47333226351378554,-0.44762191248009253,1.0
price_spell_landmarks,two_to_five_ticks,ofi,0.05,0.054145434774362414,0.0504292311478495,0.14082118553295475,1000,2019-01-02,2019-10-17,2019-10-18,2019-12-31,1186305,276308,13934,5251,0.6231520022965409,0.5067606170253285,0.5403377336698733,0.5168362841466769,0.6876577181192658,0.24726018323369953,0.25003542848148924,51,10000,0.01109940805046794,0.009214761353233566,0.011159430993475716,0.012778058810965092,0.0,0.010688228605454894,,1.8278168228842806,51,10000,0.03262414964318698,0.6047011524940236,-0.5720770028508366,-0.5991259518405138,-0.5715583142754588,-0.5465161536437195,1.0
price_spell_landmarks,two_to_five_ticks,ofi,0.05,0.054145434774362414,0.0504292311478495,0.14082118553295475,10000,2019-01-02,2019-10-17,2019-10-18,2019-12-31,1186305,276308,13934,3818,0.7259939715803072,0.5151911995809324,0.5403377336698733,0.5168362841466769,0.6876577181192658,0.24726018323369953,0.25003542848148924,51,10000,0.01109940805046794,0.009214761353233566,0.011159430993475716,0.012778058810965092,0.0,0.010688228605454894,,1.8278168228842806,51,10000,-0.013103798772283274,0.6132639310324361,-0.6263677298047194,-0.6553890382431321,-0.6261661715981046,-0.5990185132323161,1.0
price_spell_landmarks,two_to_five_ticks,ofi,0.1,0.10134071760634912,0.08231755866641574,0.09011945685365974,0,2019-01-02,2019-10-17,2019-10-18,2019-12-31,1186305,276308,22745,22745,0.0,0.5874258078698615,0.5403377336698733,0.5168362841466769,0.6876577181192658,0.24726018323369953,0.25003542848148924,51,10000,0.01109940805046794,0.009214761353233566,0.011159430993475716,0.012778058810965092,0.0,0.010688228605454894,,1.8278168228842806,51,10000,0.16328730818749856,0.5801448286764248,-0.41685752048892616,-0.444264706965309,-0.41658517201321826,-0.387712055666148,1.0
price_spell_landmarks,two_to_five_ticks,ofi,0.1,0.10134071760634912,0.08231755866641574,0.09011945685365974,10,2019-01-02,2019-10-17,2019-10-18,2019-12-31,1186305,276308,22745,21589,0.050824357001538756,0.589142618926305,0.5403377336698733,0.5168362841466769,0.6876577181192658,0.24726018323369953,0.25003542848148924,51,10000,0.01109940805046794,0.009214761353233566,0.011159430993475716,0.012778058810965092,0.0,0.010688228605454894,,1.8278168228842806,51,10000,0.14862399110566307,0.5816876262499246,-0.4330636351442616,-0.45965742936332815,-0.4327222154955662,-0.4055594369117347,1.0
price_spell_landmarks,two_to_five_ticks,ofi,0.1,0.10134071760634912,0.08231755866641574,0.09011945685365974,100,2019-01-02,2019-10-17,2019-10-18,2019-12-31,1186305,276308,22745,17246,0.24176742141129914,0.5920793227415053,0.5403377336698733,0.5168362841466769,0.6876577181192658,0.24726018323369953,0.25003542848148924,51,10000,0.01109940805046794,0.009214761353233566,0.011159430993475716,0.012778058810965092,0.0,0.010688228605454894,,1.8278168228842806,51,10000,0.10020282912786566,0.5884764255301156,-0.4882735964022498,-0.5143358135184862,-0.4878290112049898,-0.4638536903187667,1.0
price_spell_landmarks,two_to_five_ticks,ofi,0.1,0.10134071760634912,0.08231755866641574,0.09011945685365974,1000,2019-01-02,2019-10-17,2019-10-18,2019-12-31,1186305,276308,22745,9708,0.573180918883271,0.5818912237330037,0.5403377336698733,0.5168362841466769,0.6876577181192658,0.24726018323369953,0.25003542848148924,51,10000,0.01109940805046794,0.009214761353233566,0.011159430993475716,0.012778058810965092,0.0,0.010688228605454894,,1.8278168228842806,51,10000,0.036443517153029605,0.6078279602938979,-0.5713844431408681,-0.6000595460196096,-0.5708818916907528,-0.5449715253996558,1.0
price_spell_landmarks,two_to_five_ticks,ofi,0.1,0.10134071760634912,0.08231755866641574,0.09011945685365974,10000,2019-01-02,2019-10-17,2019-10-18,2019-12-31,1186305,276308,22745,7062,0.6895141789404264,0.5903426791277259,0.5403377336698733,0.5168362841466769,0.6876577181192658,0.24726018323369953,0.25003542848148924,51,10000,0.01109940805046794,0.009214761353233566,0.011159430993475716,0.012778058810965092,0.0,0.010688228605454894,,1.8278168228842806,51,10000,0.004494086669633253,0.6148101812957169,-0.6103160946260837,-0.6388681552119787,-0.6099177883041269,-0.5831041635234018,1.0
price_spell_landmarks,two_to_five_ticks,ofi,0.2,0.2073876448299552,0.15002822936722787,0.02678319828486969,0,2019-01-02,2019-10-17,2019-10-18,2019-12-31,1186305,276308,41454,41454,0.0,0.519732715781348,0.5403377336698733,0.5168362841466769,0.6876577181192658,0.24726018323369953,0.25003542848148924,51,10000,0.01109940805046794,0.009214761353233566,0.011159430993475716,0.012778058810965092,0.0,0.010688228605454894,,1.8278168228842806,51,10000,0.13764152209258734,0.5772814739432859,-0.43963995185069854,-0.46428118107437855,-0.43912311128939396,-0.41499692304331487,1.0
price_spell_landmarks,two_to_five_ticks,ofi,0.2,0.2073876448299552,0.15002822936722787,0.02678319828486969,10,2019-01-02,2019-10-17,2019-10-18,2019-12-31,1186305,276308,41454,39772,0.04057509528634151,0.5197123604545911,0.5403377336698733,0.5168362841466769,0.6876577181192658,0.24726018323369953,0.25003542848148924,51,10000,0.01109940805046794,0.009214761353233566,0.011159430993475716,0.012778058810965092,0.0,0.010688228605454894,,1.8278168228842806,51,10000,0.1260358059517616,0.5786171625418678,-0.45258135659010634,-0.47649146231484796,-0.4521420183497804,-0.4292740899814562,1.0
price_spell_landmarks,two_to_five_ticks,ofi,0.2,0.2073876448299552,0.15002822936722787,0.02678319828486969,100,2019-01-02,2019-10-17,2019-10-18,2019-12-31,1186305,276308,41454,32889,0.20661456071790418,0.5202651342394113,0.5403377336698733,0.5168362841466769,0.6876577181192658,0.24726018323369953,0.25003542848148924,51,10000,0.01109940805046794,0.009214761353233566,0.011159430993475716,0.012778058810965092,0.0,0.010688228605454894,,1.8278168228842806,51,10000,0.08673850209267626,0.5840505789660724,-0.49731207687339624,-0.520560313704927,-0.496870710015057,-0.47525093982717725,1.0
price_spell_landmarks,two_to_five_ticks,ofi,0.2,0.2073876448299552,0.15002822936722787,0.02678319828486969,1000,2019-01-02,2019-10-17,2019-10-18,2019-12-31,1186305,276308,41454,19104,0.539151830945144,0.5133479899497487,0.5403377336698733,0.5168362841466769,0.6876577181192658,0.24726018323369953,0.25003542848148924,51,10000,0.01109940805046794,0.009214761353233566,0.011159430993475716,0.012778058810965092,0.0,0.010688228605454894,,1.8278168228842806,51,10000,0.024522674010239286,0.6016276075853515,-0.5771049335751121,-0.6024704461924639,-0.5766706708206435,-0.553585999156204,1.0
price_spell_landmarks,two_to_five_ticks,ofi,0.2,0.2073876448299552,0.15002822936722787,0.02678319828486969,10000,2019-01-02,2019-10-17,2019-10-18,2019-12-31,1186305,276308,41454,13971,0.6629758286293241,0.5234414143583136,0.5403377336698733,0.5168362841466769,0.6876577181192658,0.24726018323369953,0.25003542848148924,51,10000,0.01109940805046794,0.009214761353233566,0.011159430993475716,0.012778058810965092,0.0,0.010688228605454894,,1.8278168228842806,51,10000,-0.007824202541873913,0.6076417163521641,-0.6154659188940382,-0.6411762326111818,-0.6150370064673629,-0.5918679134079816,1.0
price_spell_landmarks,two_to_five_ticks,ofi,1.0,1.0,1.0,0.0,0,2019-01-02,2019-10-17,2019-10-18,2019-12-31,1186305,276308,276308,276308,0.0,0.9279463497256685,0.5403377336698733,0.5168362841466769,0.6876577181192658,0.24726018323369953,0.25003542848148924,51,10000,0.01109940805046794,0.009214761353233566,0.011159430993475716,0.012778058810965092,0.0,0.010688228605454894,,1.8278168228842806,51,10000,0.01726585019668899,0.600592090741788,-0.5833262405450992,-0.6054512492747443,-0.5827790194502485,-0.5634222875046555,1.0
price_spell_landmarks,two_to_five_ticks,ofi,1.0,1.0,1.0,0.0,10,2019-01-02,2019-10-17,2019-10-18,2019-12-31,1186305,276308,276308,270794,0.01995599114032165,0.9294592937805122,0.5403377336698733,0.5168362841466769,0.6876577181192658,0.24726018323369953,0.25003542848148924,51,10000,0.01109940805046794,0.009214761353233566,0.011159430993475716,0.012778058810965092,0.0,0.010688228605454894,,1.8278168228842806,51,10000,0.014946900056407683,0.6011640167946247,-0.5862171167382171,-0.6082466440269385,-0.5856742760104181,-0.5665672880679904,1.0
price_spell_landmarks,two_to_five_ticks,ofi,1.0,1.0,1.0,0.0,100,2019-01-02,2019-10-17,2019-10-18,2019-12-31,1186305,276308,276308,243199,0.11982642558304502,0.9351230884995415,0.5403377336698733,0.5168362841466769,0.6876577181192658,0.24726018323369953,0.25003542848148924,51,10000,0.01109940805046794,0.009214761353233566,0.011159430993475716,0.012778058810965092,0.0,0.010688228605454894,,1.8278168228842806,51,10000,0.008028482268165623,0.6037611415883055,-0.5957326593201396,-0.618249173352696,-0.5951970282527438,-0.5757843701207619,1.0
price_spell_landmarks,two_to_five_ticks,ofi,1.0,1.0,1.0,0.0,1000,2019-01-02,2019-10-17,2019-10-18,2019-12-31,1186305,276308,276308,162441,0.4121017125816119,0.94276691229431,0.5403377336698733,0.5168362841466769,0.6876577181192658,0.24726018323369953,0.25003542848148924,51,10000,0.01109940805046794,0.009214761353233566,0.011159430993475716,0.012778058810965092,0.0,0.010688228605454894,,1.8278168228842806,51,10000,0.0018819409254289083,0.6147995105172057,-0.6129175695917769,-0.6376087956545258,-0.6124351460981065,-0.5912698955759552,1.0
price_spell_landmarks,two_to_five_ticks,ofi,1.0,1.0,1.0,0.0,10000,2019-01-02,2019-10-17,2019-10-18,2019-12-31,1186305,276308,276308,123622,0.55259348263532,0.9461422724110595,0.5403377336698733,0.5168362841466769,0.6876577181192658,0.24726018323369953,0.25003542848148924,51,10000,0.01109940805046794,0.009214761353233566,0.011159430993475716,0.012778058810965092,0.0,0.010688228605454894,,1.8278168228842806,51,10000,0.003207219150470745,0.6190024448734677,-0.615795225722997,-0.6392355337634689,-0.6155129948214422,-0.5944241117254623,1.0
price_spell_landmarks,two_to_five_ticks,queue,0.05,0.0524435115758595,0.06190193552122993,0.08598157402623396,0,2019-01-02,2019-10-17,2019-10-18,2019-12-31,1186305,276308,17104,17104,0.0,1.0,0.5592543955282493,0.543024450974999,0.6881614747527314,0.24751624888773788,0.25003542848148924,51,10000,0.010075290566024298,0.007381776964308517,0.010080084691609092,0.012794152255729687,0.0,0.014335743264894221,0.3441435262305166,,51,10000,0.03151837494801994,0.5963631286384249,-0.564844753690405,-0.5899530068176139,-0.5645488922617028,-0.5421442389077443,1.0
price_spell_landmarks,two_to_five_ticks,queue,0.05,0.0524435115758595,0.06190193552122993,0.08598157402623396,10,2019-01-02,2019-10-17,2019-10-18,2019-12-31,1186305,276308,17104,16747,0.020872310570626773,1.0,0.5592543955282493,0.543024450974999,0.6881614747527314,0.24751624888773788,0.25003542848148924,51,10000,0.010075290566024298,0.007381776964308517,0.010080084691609092,0.012794152255729687,0.0,0.014335743264894221,0.3441435262305166,,51,10000,0.02850772945740643,0.59700115456594,-0.5684934251085336,-0.5932207669612682,-0.5681640885125447,-0.546166817178526,1.0
price_spell_landmarks,two_to_five_ticks,queue,0.05,0.0524435115758595,0.06190193552122993,0.08598157402623396,100,2019-01-02,2019-10-17,2019-10-18,2019-12-31,1186305,276308,17104,15141,0.11476847521047706,1.0,0.5592543955282493,0.543024450974999,0.6881614747527314,0.24751624888773788,0.25003542848148924,51,10000,0.010075290566024298,0.007381776964308517,0.010080084691609092,0.012794152255729687,0.0,0.014335743264894221,0.3441435262305166,,51,10000,0.024178430942764183,0.5999705348115032,-0.5757921038687392,-0.6003495267671812,-0.5755232891848919,-0.5531176400819591,1.0
price_spell_landmarks,two_to_five_ticks,queue,0.05,0.0524435115758595,0.06190193552122993,0.08598157402623396,1000,2019-01-02,2019-10-17,2019-10-18,2019-12-31,1186305,276308,17104,10683,0.3754092609915809,1.0,0.5592543955282493,0.543024450974999,0.6881614747527314,0.24751624888773788,0.25003542848148924,51,10000,0.010075290566024298,0.007381776964308517,0.010080084691609092,0.012794152255729687,0.0,0.014335743264894221,0.3441435262305166,,51,10000,0.0195446664578934,0.6109265672913361,-0.5913819008334428,-0.6188538835665891,-0.5909791085446612,-0.5665334659301875,1.0
price_spell_landmarks,two_to_five_ticks,queue,0.05,0.0524435115758595,0.06190193552122993,0.08598157402623396,10000,2019-01-02,2019-10-17,2019-10-18,2019-12-31,1186305,276308,17104,8379,0.5101145930776427,1.0,0.5592543955282493,0.543024450974999,0.6881614747527314,0.24751624888773788,0.25003542848148924,51,10000,0.010075290566024298,0.007381776964308517,0.010080084691609092,0.012794152255729687,0.0,0.014335743264894221,0.3441435262305166,,51,10000,0.03256811084769574,0.6163356600700206,-0.5837675492223245,-0.6131109975875425,-0.583406645207263,-0.557126021434169,1.0
price_spell_landmarks,two_to_five_ticks,queue,0.1,0.14898950944318703,0.18733080475411498,0.07900895446163336,0,2019-01-02,2019-10-17,2019-10-18,2019-12-31,1186305,276308,51761,51761,0.0,0.5752593651590966,0.5592543955282493,0.543024450974999,0.6881614747527314,0.24751624888773788,0.25003542848148924,51,10000,0.010075290566024298,0.007381776964308517,0.010080084691609092,0.012794152255729687,0.0,0.014335743264894221,0.3441435262305166,,51,10000,0.032739992357693974,0.5972479255897036,-0.5645079332320098,-0.5867595206692828,-0.564053776262843,-0.5447016758505876,1.0
price_spell_landmarks,two_to_five_ticks,queue,0.1,0.14898950944318703,0.18733080475411498,0.07900895446163336,10,2019-01-02,2019-10-17,2019-10-18,2019-12-31,1186305,276308,51761,50816,0.018256988852611067,0.5743466624685138,0.5592543955282493,0.543024450974999,0.6881614747527314,0.24751624888773788,0.25003542848148924,51,10000,0.010075290566024298,0.007381776964308517,0.010080084691609092,0.012794152255729687,0.0,0.014335743264894221,0.3441435262305166,,51,10000,0.0306205805696389,0.597871567578852,-0.567250987009213,-0.5898765096145359,-0.5668179570745719,-0.5472501921333696,1.0
price_spell_landmarks,two_to_five_ticks,queue,0.1,0.14898950944318703,0.18733080475411498,0.07900895446163336,100,2019-01-02,2019-10-17,2019-10-18,2019-12-31,1186305,276308,51761,46070,0.10994764397905754,0.5707184718906012,0.5592543955282493,0.543024450974999,0.6881614747527314,0.24751624888773788,0.25003542848148924,51,10000,0.010075290566024298,0.007381776964308517,0.010080084691609092,0.012794152255729687,0.0,0.014335743264894221,0.3441435262305166,,51,10000,0.027123894731875486,0.6003505181514328,-0.5732266234195572,-0.5953502590671703,-0.5728224195974534,-0.5535894949815731,1.0
price_spell_landmarks,two_to_five_ticks,queue,0.1,0.14898950944318703,0.18733080475411498,0.07900895446163336,1000,2019-01-02,2019-10-17,2019-10-18,2019-12-31,1186305,276308,51761,32687,0.368501381348892,0.5577752623367088,0.5592543955282493,0.543024450974999,0.6881614747527314,0.24751624888773788,0.25003542848148924,51,10000,0.010075290566024298,0.007381776964308517,0.010080084691609092,0.012794152255729687,0.0,0.014335743264894221,0.3441435262305166,,51,10000,0.0233821352267492,0.6105010543205641,-0.5871189190938149,-0.611079202428031,-0.5865791653392449,-0.5653469975886187,1.0
price_spell_landmarks,two_to_five_ticks,queue,0.1,0.14898950944318703,0.18733080475411498,0.07900895446163336,10000,2019-01-02,2019-10-17,2019-10-18,2019-12-31,1186305,276308,51761,25450,0.5083170726995228,0.5529273084479371,0.5592543955282493,0.543024450974999,0.6881614747527314,0.24751624888773788,0.25003542848148924,51,10000,0.010075290566024298,0.007381776964308517,0.010080084691609092,0.012794152255729687,0.0,0.014335743264894221,0.3441435262305166,,51,10000,0.0335685573682631,0.6153045645179569,-0.5817360071496938,-0.6061763749601421,-0.5813020681605682,-0.5591700811389224,1.0
price_spell_landmarks,two_to_five_ticks,queue,0.2,0.2291139293857819,0.2858259623318905,0.0735875639615306,0,2019-01-02,2019-10-17,2019-10-18,2019-12-31,1186305,276308,78976,78976,0.0,0.5169925040518638,0.5592543955282493,0.543024450974999,0.6881614747527314,0.24751624888773788,0.25003542848148924,51,10000,0.010075290566024298,0.007381776964308517,0.010080084691609092,0.012794152255729687,0.0,0.014335743264894221,0.3441435262305166,,51,10000,0.028614992081112057,0.5978173589315545,-0.5692023668504425,-0.5933062724865101,-0.5685951582776794,-0.5476322087883282,1.0
price_spell_landmarks,two_to_five_ticks,queue,0.2,0.2291139293857819,0.2858259623318905,0.0735875639615306,10,2019-01-02,2019-10-17,2019-10-18,2019-12-31,1186305,276308,78976,77437,0.019486932739059992,0.5164843679378075,0.5592543955282493,0.543024450974999,0.6881614747527314,0.24751624888773788,0.25003542848148924,51,10000,0.010075290566024298,0.007381776964308517,0.010080084691609092,0.012794152255729687,0.0,0.014335743264894221,0.3441435262305166,,51,10000,0.026701225212350077,0.5983808180794676,-0.5716795928671177,-0.5957907403927325,-0.5710588057921764,-0.5500922343362107,1.0
price_spell_landmarks,two_to_five_ticks,queue,0.2,0.2291139293857819,0.2858259623318905,0.0735875639615306,100,2019-01-02,2019-10-17,2019-10-18,2019-12-31,1186305,276308,78976,69899,0.11493365072933548,0.5143564285612098,0.5592543955282493,0.543024450974999,0.6881614747527314,0.24751624888773788,0.25003542848148924,51,10000,0.010075290566024298,0.007381776964308517,0.010080084691609092,0.012794152255729687,0.0,0.014335743264894221,0.3441435262305166,,51,10000,0.024152317889192615,0.6008996314784283,-0.5767473135892357,-0.6008975189741012,-0.5761771568148794,-0.5551402408889127,1.0
price_spell_landmarks,two_to_five_ticks,queue,0.2,0.2291139293857819,0.2858259623318905,0.0735875639615306,1000,2019-01-02,2019-10-17,2019-10-18,2019-12-31,1186305,276308,78976,48737,0.3828884724473258,0.5062067833473541,0.5592543955282493,0.543024450974999,0.6881614747527314,0.24751624888773788,0.25003542848148924,51,10000,0.010075290566024298,0.007381776964308517,0.010080084691609092,0.012794152255729687,0.0,0.014335743264894221,0.3441435262305166,,51,10000,0.02300705751754005,0.6113472303270089,-0.5883401728094688,-0.6141276146368846,-0.5876998990037046,-0.565123852400158,1.0
price_spell_landmarks,two_to_five_ticks,queue,0.2,0.2291139293857819,0.2858259623318905,0.0735875639615306,10000,2019-01-02,2019-10-17,2019-10-18,2019-12-31,1186305,276308,78976,37630,0.52352613452188,0.5035078394897688,0.5592543955282493,0.543024450974999,0.6881614747527314,0.24751624888773788,0.25003542848148924,51,10000,0.010075290566024298,0.007381776964308517,0.010080084691609092,0.012794152255729687,0.0,0.014335743264894221,0.3441435262305166,,51,10000,0.035240797077587,0.6163020115287748,-0.5810612144511877,-0.6071319313933702,-0.5804968348604319,-0.5567922693803994,1.0
price_spell_landmarks,two_to_five_ticks,queue,1.0,1.0,1.0,0.0,0,2019-01-02,2019-10-17,2019-10-18,2019-12-31,1186305,276308,276308,276308,0.0,0.5106294425061887,0.5592543955282493,0.543024450974999,0.6881614747527314,0.24751624888773788,0.25003542848148924,51,10000,0.010075290566024298,0.007381776964308517,0.010080084691609092,0.012794152255729687,0.0,0.014335743264894221,0.3441435262305166,,51,10000,0.02013389979703763,0.600592090741788,-0.5804581909447504,-0.6045017999131681,-0.5798357044360773,-0.5592332687894019,1.0
price_spell_landmarks,two_to_five_ticks,queue,1.0,1.0,1.0,0.0,10,2019-01-02,2019-10-17,2019-10-18,2019-12-31,1186305,276308,276308,270794,0.01995599114032165,0.5104433628514664,0.5592543955282493,0.543024450974999,0.6881614747527314,0.24751624888773788,0.25003542848148924,51,10000,0.010075290566024298,0.007381776964308517,0.010080084691609092,0.012794152255729687,0.0,0.014335743264894221,0.3441435262305166,,51,10000,0.019131093601723655,0.6011640167946247,-0.5820329231929012,-0.6060029670112403,-0.5814195173529206,-0.5608004378745558,1.0
price_spell_landmarks,two_to_five_ticks,queue,1.0,1.0,1.0,0.0,100,2019-01-02,2019-10-17,2019-10-18,2019-12-31,1186305,276308,276308,243199,0.11982642558304502,0.5097759448024046,0.5592543955282493,0.543024450974999,0.6881614747527314,0.24751624888773788,0.25003542848148924,51,10000,0.010075290566024298,0.007381776964308517,0.010080084691609092,0.012794152255729687,0.0,0.014335743264894221,0.3441435262305166,,51,10000,0.01911130942220564,0.6037611415883055,-0.5846498321660997,-0.6083950817795636,-0.5840536763074907,-0.5635240343842224,1.0
price_spell_landmarks,two_to_five_ticks,queue,1.0,1.0,1.0,0.0,1000,2019-01-02,2019-10-17,2019-10-18,2019-12-31,1186305,276308,276308,162441,0.4121017125816119,0.5018499024261116,0.5592543955282493,0.543024450974999,0.6881614747527314,0.24751624888773788,0.25003542848148924,51,10000,0.010075290566024298,0.007381776964308517,0.010080084691609092,0.012794152255729687,0.0,0.014335743264894221,0.3441435262305166,,51,10000,0.029632669504230484,0.6147995105172057,-0.5851668410129754,-0.6098400868061016,-0.5844372227163469,-0.5629901043931921,1.0
price_spell_landmarks,two_to_five_ticks,queue,1.0,1.0,1.0,0.0,10000,2019-01-02,2019-10-17,2019-10-18,2019-12-31,1186305,276308,276308,123622,0.55259348263532,0.4995389170212422,0.5592543955282493,0.543024450974999,0.6881614747527314,0.24751624888773788,0.25003542848148924,51,10000,0.010075290566024298,0.007381776964308517,0.010080084691609092,0.012794152255729687,0.0,0.014335743264894221,0.3441435262305166,,51,10000,0.04751321822048222,0.6190024448734677,-0.5714892266529856,-0.5959127802980269,-0.5709054609554178,-0.5489041762998128,1.0
price_spell_landmarks,two_to_five_ticks,queue_and_ofi,0.05,0.050658978930376256,0.04432372569741014,0.1551680274321624,0,2019-01-02,2019-10-17,2019-10-18,2019-12-31,1186305,276308,12247,12247,0.0,0.5494406793500449,0.5807540692011769,0.5573454261186792,0.6832809147728132,0.2450839972754843,0.25003542848148924,51,10000,0.019802918474697506,0.01706579125868962,0.019853954575545507,0.022455643987765884,0.0,0.014540733054084968,0.2972034655737925,1.613453703484767,51,10000,0.17518433387258103,0.5827229413717916,-0.40753860749921067,-0.43809507287105093,-0.40752923286144105,-0.37326194913872396,1.0
price_spell_landmarks,two_to_five_ticks,queue_and_ofi,0.05,0.050658978930376256,0.04432372569741014,0.1551680274321624,10,2019-01-02,2019-10-17,2019-10-18,2019-12-31,1186305,276308,12247,11468,0.06360741406058623,0.5500523194977328,0.5807540692011769,0.5573454261186792,0.6832809147728132,0.2450839972754843,0.25003542848148924,51,10000,0.019802918474697506,0.01706579125868962,0.019853954575545507,0.022455643987765884,0.0,0.014540733054084968,0.2972034655737925,1.613453703484767,51,10000,0.15396314062454178,0.5848791199243996,-0.4309159792998579,-0.4601478679871499,-0.43075653770928923,-0.3992447988925127,1.0
price_spell_landmarks,two_to_five_ticks,queue_and_ofi,0.05,0.050658978930376256,0.04432372569741014,0.1551680274321624,100,2019-01-02,2019-10-17,2019-10-18,2019-12-31,1186305,276308,12247,8816,0.28015024087531637,0.5462794918330308,0.5807540692011769,0.5573454261186792,0.6832809147728132,0.2450839972754843,0.25003542848148924,51,10000,0.019802918474697506,0.01706579125868962,0.019853954575545507,0.022455643987765884,0.0,0.014540733054084968,0.2972034655737925,1.613453703484767,51,10000,0.09678718304480924,0.5948410512171917,-0.4980538681723824,-0.5273668904499035,-0.4978008729771742,-0.4704962198507893,1.0
price_spell_landmarks,two_to_five_ticks,queue_and_ofi,0.05,0.050658978930376256,0.04432372569741014,0.1551680274321624,1000,2019-01-02,2019-10-17,2019-10-18,2019-12-31,1186305,276308,12247,4935,0.597044174083449,0.5244174265450862,0.5807540692011769,0.5573454261186792,0.6832809147728132,0.2450839972754843,0.25003542848148924,51,10000,0.019802918474697506,0.01706579125868962,0.019853954575545507,0.022455643987765884,0.0,0.014540733054084968,0.2972034655737925,1.613453703484767,51,10000,0.03919237296283659,0.6178683442462483,-0.5786759712834117,-0.6091210091900257,-0.5781221651309941,-0.5502790807901371,1.0
price_spell_landmarks,two_to_five_ticks,queue_and_ofi,0.05,0.050658978930376256,0.04432372569741014,0.1551680274321624,10000,2019-01-02,2019-10-17,2019-10-18,2019-12-31,1186305,276308,12247,3632,0.703437576549359,0.5316629955947136,0.5807540692011769,0.5573454261186792,0.6832809147728132,0.2450839972754843,0.25003542848148924,51,10000,0.019802918474697506,0.01706579125868962,0.019853954575545507,0.022455643987765884,0.0,0.014540733054084968,0.2972034655737925,1.613453703484767,51,10000,0.010197385684463392,0.6255792635995862,-0.6153818779151228,-0.6439496175236594,-0.6149901361771333,-0.587776468952912,1.0
price_spell_landmarks,two_to_five_ticks,queue_and_ofi,0.1,0.10020273032651805,0.07699740868885446,0.09912831842659736,0,2019-01-02,2019-10-17,2019-10-18,2019-12-31,1186305,276308,21275,21275,0.0,0.5349001175088132,0.5807540692011769,0.5573454261186792,0.6832809147728132,0.2450839972754843,0.25003542848148924,51,10000,0.019802918474697506,0.01706579125868962,0.019853954575545507,0.022455643987765884,0.0,0.014540733054084968,0.2972034655737925,1.613453703484767,51,10000,0.1586337479180416,0.5846997469245743,-0.4260659990065327,-0.4555658465903226,-0.42588165604126543,-0.3951431103600747,1.0
price_spell_landmarks,two_to_five_ticks,queue_and_ofi,0.1,0.10020273032651805,0.07699740868885446,0.09912831842659736,10,2019-01-02,2019-10-17,2019-10-18,2019-12-31,1186305,276308,21275,20153,0.052737955346651044,0.5345606113233762,0.5807540692011769,0.5573454261186792,0.6832809147728132,0.2450839972754843,0.25003542848148924,51,10000,0.019802918474697506,0.01706579125868962,0.019853954575545507,0.022455643987765884,0.0,0.014540733054084968,0.2972034655737925,1.613453703484767,51,10000,0.14234420028208447,0.5865299305026768,-0.44418573022059216,-0.47287802996139067,-0.44383122746297565,-0.41505369748341836,1.0
price_spell_landmarks,two_to_five_ticks,queue_and_ofi,0.1,0.10020273032651805,0.07699740868885446,0.09912831842659736,100,2019-01-02,2019-10-17,2019-10-18,2019-12-31,1186305,276308,21275,16149,0.24094007050528787,0.5342126447458047,0.5807540692011769,0.5573454261186792,0.6832809147728132,0.2450839972754843,0.25003542848148924,51,10000,0.019802918474697506,0.01706579125868962,0.019853954575545507,0.022455643987765884,0.0,0.014540733054084968,0.2972034655737925,1.613453703484767,51,10000,0.09319903042596554,0.5947842453810434,-0.5015852149550778,-0.5288050990433386,-0.5011547098713939,-0.4757223747192006,1.0
price_spell_landmarks,two_to_five_ticks,queue_and_ofi,0.1,0.10020273032651805,0.07699740868885446,0.09912831842659736,1000,2019-01-02,2019-10-17,2019-10-18,2019-12-31,1186305,276308,21275,9281,0.5637602820211516,0.5212800344790433,0.5807540692011769,0.5573454261186792,0.6832809147728132,0.2450839972754843,0.25003542848148924,51,10000,0.019802918474697506,0.01706579125868962,0.019853954575545507,0.022455643987765884,0.0,0.014540733054084968,0.2972034655737925,1.613453703484767,51,10000,0.03882201165500648,0.6135240770218715,-0.574702065366865,-0.6045453751682008,-0.5740691602006375,-0.5472958279770311,1.0
price_spell_landmarks,two_to_five_ticks,queue_and_ofi,0.1,0.10020273032651805,0.07699740868885446,0.09912831842659736,10000,2019-01-02,2019-10-17,2019-10-18,2019-12-31,1186305,276308,21275,6799,0.6804230317273796,0.5256655390498602,0.5807540692011769,0.5573454261186792,0.6832809147728132,0.2450839972754843,0.25003542848148924,51,10000,0.019802918474697506,0.01706579125868962,0.019853954575545507,0.022455643987765884,0.0,0.014540733054084968,0.2972034655737925,1.613453703484767,51,10000,0.015856287050994,0.6204406251751917,-0.6045843381241975,-0.6360857903268258,-0.6040205565571153,-0.5749487702057877,1.0
price_spell_landmarks,two_to_five_ticks,queue_and_ofi,0.2,0.2057725458461357,0.18973753926777365,0.07027728924398868,0,2019-01-02,2019-10-17,2019-10-18,2019-12-31,1186305,276308,52426,52426,0.0,0.7627131575935604,0.5807540692011769,0.5573454261186792,0.6832809147728132,0.2450839972754843,0.25003542848148924,51,10000,0.019802918474697506,0.01706579125868962,0.019853954575545507,0.022455643987765884,0.0,0.014540733054084968,0.2972034655737925,1.613453703484767,51,10000,0.088473399991042,0.5920361083052542,-0.5035627083142122,-0.5278304722465385,-0.5029767298237355,-0.48056488634316497,1.0
price_spell_landmarks,two_to_five_ticks,queue_and_ofi,0.2,0.2057725458461357,0.18973753926777365,0.07027728924398868,10,2019-01-02,2019-10-17,2019-10-18,2019-12-31,1186305,276308,52426,50670,0.03349483080914051,0.7668442865600947,0.5807540692011769,0.5573454261186792,0.6832809147728132,0.2450839972754843,0.25003542848148924,51,10000,0.019802918474697506,0.01706579125868962,0.019853954575545507,0.022455643987765884,0.0,0.014540733054084968,0.2972034655737925,1.613453703484767,51,10000,0.078991719255783,0.5933035481634401,-0.5143118289076571,-0.5383793370036167,-0.5137356049615294,-0.4920661100780356,1.0
price_spell_landmarks,two_to_five_ticks,queue_and_ofi,0.2,0.2057725458461357,0.18973753926777365,0.07027728924398868,100,2019-01-02,2019-10-17,2019-10-18,2019-12-31,1186305,276308,52426,43582,0.16869492236676453,0.7795879032628149,0.5807540692011769,0.5573454261186792,0.6832809147728132,0.2450839972754843,0.25003542848148924,51,10000,0.019802918474697506,0.01706579125868962,0.019853954575545507,0.022455643987765884,0.0,0.014540733054084968,0.2972034655737925,1.613453703484767,51,10000,0.051296799222161946,0.5984419541310936,-0.5471451549089317,-0.5705396859948378,-0.546647810780793,-0.5258903842520237,1.0
price_spell_landmarks,two_to_five_ticks,queue_and_ofi,0.2,0.2057725458461357,0.18973753926777365,0.07027728924398868,1000,2019-01-02,2019-10-17,2019-10-18,2019-12-31,1186305,276308,52426,28096,0.464082707053752,0.7964478929384966,0.5807540692011769,0.5573454261186792,0.6832809147728132,0.2450839972754843,0.25003542848148924,51,10000,0.019802918474697506,0.01706579125868962,0.019853954575545507,0.022455643987765884,0.0,0.014540733054084968,0.2972034655737925,1.613453703484767,51,10000,0.024232331830171264,0.6131393379556613,-0.58890700612549,-0.6151102966553711,-0.5883016546524409,-0.5655256215069357,1.0
price_spell_landmarks,two_to_five_ticks,queue_and_ofi,0.2,0.2057725458461357,0.18973753926777365,0.07027728924398868,10000,2019-01-02,2019-10-17,2019-10-18,2019-12-31,1186305,276308,52426,21285,0.5939991607217793,0.8059196617336152,0.5807540692011769,0.5573454261186792,0.6832809147728132,0.2450839972754843,0.25003542848148924,51,10000,0.019802918474697506,0.01706579125868962,0.019853954575545507,0.022455643987765884,0.0,0.014540733054084968,0.2972034655737925,1.613453703484767,51,10000,0.02307754127145669,0.6184356266016814,-0.5953580853302246,-0.6222202083915902,-0.5948393755560342,-0.5708742666589338,1.0
price_spell_landmarks,two_to_five_ticks,queue_and_ofi,1.0,1.0,1.0,0.0,0,2019-01-02,2019-10-17,2019-10-18,2019-12-31,1186305,276308,276308,276308,0.0,0.511820142739262,0.5807540692011769,0.5573454261186792,0.6832809147728132,0.2450839972754843,0.25003542848148924,51,10000,0.019802918474697506,0.01706579125868962,0.019853954575545507,0.022455643987765884,0.0,0.014540733054084968,0.2972034655737925,1.613453703484767,51,10000,0.03611152968441337,0.600592090741788,-0.5644805610573747,-0.5882913968690502,-0.5637719231207488,-0.5428864857685124,1.0
price_spell_landmarks,two_to_five_ticks,queue_and_ofi,1.0,1.0,1.0,0.0,10,2019-01-02,2019-10-17,2019-10-18,2019-12-31,1186305,276308,276308,270794,0.01995599114032165,0.5116472299977104,0.5807540692011769,0.5573454261186792,0.6832809147728132,0.2450839972754843,0.25003542848148924,51,10000,0.019802918474697506,0.01706579125868962,0.019853954575545507,0.022455643987765884,0.0,0.014540733054084968,0.2972034655737925,1.613453703484767,51,10000,0.03381208359144862,0.6011640167946247,-0.5673519332031762,-0.5910020051306845,-0.5666729017231948,-0.5459986654274902,1.0
price_spell_landmarks,two_to_five_ticks,queue_and_ofi,1.0,1.0,1.0,0.0,100,2019-01-02,2019-10-17,2019-10-18,2019-12-31,1186305,276308,276308,243199,0.11982642558304502,0.5109848313521026,0.5807540692011769,0.5573454261186792,0.6832809147728132,0.2450839972754843,0.25003542848148924,51,10000,0.019802918474697506,0.01706579125868962,0.019853954575545507,0.022455643987765884,0.0,0.014540733054084968,0.2972034655737925,1.613453703484767,51,10000,0.028115277193543564,0.6037611415883055,-0.5756458643947618,-0.5992241048232433,-0.5750381301393561,-0.5544349412112155,1.0
price_spell_landmarks,two_to_five_ticks,queue_and_ofi,1.0,1.0,1.0,0.0,1000,2019-01-02,2019-10-17,2019-10-18,2019-12-31,1186305,276308,276308,162441,0.4121017125816119,0.5028040950252707,0.5807540692011769,0.5573454261186792,0.6832809147728132,0.2450839972754843,0.25003542848148924,51,10000,0.019802918474697506,0.01706579125868962,0.019853954575545507,0.022455643987765884,0.0,0.014540733054084968,0.2972034655737925,1.613453703484767,51,10000,0.03086072005206108,0.6147995105172057,-0.5839387904651449,-0.6084351330565461,-0.5832273394622527,-0.5616732576206782,1.0
price_spell_landmarks,two_to_five_ticks,queue_and_ofi,1.0,1.0,1.0,0.0,10000,2019-01-02,2019-10-17,2019-10-18,2019-12-31,1186305,276308,276308,123622,0.55259348263532,0.5016097458381195,0.5807540692011769,0.5573454261186792,0.6832809147728132,0.2450839972754843,0.25003542848148924,51,10000,0.019802918474697506,0.01706579125868962,0.019853954575545507,0.022455643987765884,0.0,0.014540733054084968,0.2972034655737925,1.613453703484767,51,10000,0.04487968818407862,0.6190024448734677,-0.5741227566893891,-0.5981897684077487,-0.5735163369761939,-0.5517647609552433,1.0
