sample,spread_bucket,bin,bin_center,observations,up_moves,down_moves,model_probability,empirical_up_probability
all_events,all_spreads,0,-0.9900990099,177033,82478,94555,0.4109367611666239,0.465890540181774
all_events,all_spreads,1,-0.9702970297,251495,115399,136096,0.4126752586222675,0.4588520646533728
all_events,all_spreads,2,-0.9504950495,115952,52381,63571,0.41441593666323867,0.4517472747343728
all_events,all_spreads,3,-0.9306930693,115842,52684,63158,0.4161587544769057,0.45479187168729823
all_events,all_spreads,4,-0.9108910891,120810,54894,65916,0.4179036710398755,0.4543829153215793
all_events,all_spreads,5,-0.8910891089,95438,45181,50257,0.4196506451216518,0.47340681908673693
all_events,all_spreads,6,-0.8712871287,92426,43713,48713,0.42139963528833474,0.4729513340402051
all_events,all_spreads,7,-0.8514851485,81024,37352,43672,0.423150599906364,0.46099921011058453
all_events,all_spreads,8,-0.8316831683,58896,27696,31200,0.42490349714630243,0.4702526487367563
all_events,all_spreads,9,-0.8118811881,112719,52949,59770,0.42665828498666036,0.46974334406799206
all_events,all_spreads,10,-0.7920792079,69227,33080,36147,0.4284149212177606,0.4778482384040909
all_events,all_spreads,11,-0.7722772277,62703,29266,33437,0.4301733634456421,0.46674002838779644
all_events,all_spreads,12,-0.7524752475,60379,28452,31927,0.4319335690960024,0.4712234386127627
all_events,all_spreads,13,-0.7326732673,104192,49802,54390,0.4336954954181777,0.47798295454545453
all_events,all_spreads,14,-0.7128712871,65631,30226,35405,0.4354590994891611,0.46054455973549085
all_events,all_spreads,15,-0.6930693069,47648,23085,24563,0.4372243382176551,0.48449042981867024
all_events,all_spreads,16,-0.6732673267,105905,49746,56159,0.43899116834816154,0.4697228648316888
all_events,all_spreads,17,-0.6534653465,40373,19760,20613,0.4407595464651056,0.4894360092140787
all_events,all_spreads,18,-0.6336633663,56135,27546,28589,0.442529428996993,0.4907098957869422
all_events,all_spreads,19,-0.6138613861,45626,21833,23793,0.44430077222060155,0.478521018717398
all_events,all_spreads,20,-0.5940594059,105643,48198,57445,0.44607353226520413,0.45623467716744126
all_events,all_spreads,21,-0.5742574257,44175,21467,22708,0.4478476651168232,0.4859535936615733
all_events,all_spreads,22,-0.5544554455,50994,24941,26053,0.4496231266225164,0.48909675648115464
all_events,all_spreads,23,-0.5346534653,88796,43882,44914,0.45139987249469093,0.4941889274291635
all_events,all_spreads,24,-0.5148514851,38563,18896,19667,0.453177858315448,0.4900033711070197
all_events,all_spreads,25,-0.495049505,97000,43760,53240,0.45495703953196553,0.4511340206185567
all_events,all_spreads,26,-0.4752475248,42102,20795,21307,0.4567373714968436,0.49391952876347917
all_events,all_spreads,27,-0.4554455446,39449,18870,20579,0.45851880941861956,0.4783391213972471
all_events,all_spreads,28,-0.4356435644,65011,31277,33734,0.4603013084021506,0.48110319792035194
all_events,all_spreads,29,-0.4158415842,34228,16676,17552,0.46208482344410795,0.48720345915624635
all_events,all_spreads,30,-0.396039604,38252,18226,20026,0.46386930943747334,0.47647181846700826
all_events,all_spreads,31,-0.3762376238,39597,18890,20707,0.46565472117605944,0.47705634265222113
all_events,all_spreads,32,-0.3564356436,42248,19953,22295,0.46744101335905175,0.47228271160765006
all_events,all_spreads,33,-0.3366336634,280963,124757,156206,0.4692281405955702,0.4440335560198318
all_events,all_spreads,34,-0.3168316832,42732,21025,21707,0.471016057409251,0.492020031826266
all_events,all_spreads,35,-0.297029703,34758,17306,17452,0.4728047182428466,0.4978997640830888
all_events,all_spreads,36,-0.2772277228,40938,19534,21404,0.4745940774628436,0.47716058429820707
all_events,all_spreads,37,-0.2574257426,62929,31007,31922,0.4763840893640972,0.49272990195299465
all_events,all_spreads,38,-0.2376237624,36141,17517,18624,0.47817470817448027,0.48468498381339753
all_events,all_spreads,39,-0.2178217822,34108,17053,17055,0.4799658880595491,0.49997068136507566
all_events,all_spreads,40,-0.198019802,62800,29883,32917,0.4817575831272201,0.475843949044586
all_events,all_spreads,41,-0.1782178218,33559,16759,16800,0.48354974743246154,0.49938913555231085
all_events,all_spreads,42,-0.1584158416,37427,18097,19330,0.485342334981995,0.48352793437892433
all_events,all_spreads,43,-0.1386138614,43264,20725,22539,0.48713529973900854,0.4790356878698225
all_events,all_spreads,44,-0.1188118812,47145,22811,24334,0.4889285956278783,0.48384770389224735
all_events,all_spreads,45,-0.09900990099,39564,18679,20885,0.4907221765398059,0.4721211202102922
all_events,all_spreads,46,-0.07920792079,37746,18090,19656,0.49251599633393267,0.4792560801144492
all_events,all_spreads,47,-0.05940594059,33133,15818,17315,0.494310008847519,0.47740922946910935
all_events,all_spreads,48,-0.0396039604,42876,20280,22596,0.4961041678961658,0.4729918835712287
all_events,all_spreads,49,-0.0198019802,47358,22300,25058,0.4978984272830976,0.4708813716795473
all_events,all_spreads,50,0.0,598604,299701,298903,0.4996927407984851,0.5006665508416248
all_events,all_spreads,51,0.0198019802,61249,33416,27833,0.5014870622278284,0.5455762543061927
all_events,all_spreads,52,0.0396039604,44823,23901,20922,0.5032813453558123,0.5332307074493006
all_events,all_spreads,53,0.05940594059,34465,18383,16082,0.5050755439701614,0.5333816915711591
all_events,all_spreads,54,0.07920792079,38126,20427,17699,0.5068696118700251,0.5357761107905367
all_events,all_spreads,55,0.09900990099,40955,21864,19091,0.508663502865299,0.5338542302527164
all_events,all_spreads,56,0.1188118812,48287,25503,22784,0.510457170785911,0.5281545757657341
all_events,all_spreads,57,0.1386138614,42770,22579,20191,0.5122505694820438,0.5279167640869769
all_events,all_spreads,58,0.1584158416,37683,19715,17968,0.5140436528343155,0.5231802138895523
all_events,all_spreads,59,0.1782178218,35112,18250,16862,0.5158363747548976,0.5197653223969013
all_events,all_spreads,60,0.198019802,60573,31231,29342,0.5176286891931539,0.5155927558483152
all_events,all_spreads,61,0.2178217822,35157,17801,17356,0.5194205501403654,0.5063287538754728
all_events,all_spreads,62,0.2376237624,34303,17857,16446,0.5212119116344467,0.5205667142815498
all_events,all_spreads,63,0.2574257426,60654,30888,29766,0.5230027277646522,0.5092491838955386
all_events,all_spreads,64,0.2772277228,39155,19999,19156,0.5247929526762701,0.5107649086962074
all_events,all_spreads,65,0.297029703,34922,18032,16890,0.5265825405753056,0.5163507244716797
all_events,all_spreads,66,0.3168316832,41146,21539,19607,0.5283714457331494,0.5234773732562096
all_events,all_spreads,67,0.3366336634,304248,169612,134636,0.5301596224912333,0.5574794246798664
all_events,all_spreads,68,0.3564356436,45295,24266,21029,0.5319470252656693,0.5357324207969975
all_events,all_spreads,69,0.3762376238,41401,21535,19866,0.5337336085518742,0.5201565179585034
all_events,all_spreads,70,0.396039604,38387,20393,17994,0.5355193269291745,0.5312475577669523
all_events,all_spreads,71,0.4158415842,35515,18638,16877,0.5373041350653956,0.5247923412642546
all_events,all_spreads,72,0.4356435644,61157,31620,29537,0.5390879877214299,0.5170299393364619
all_events,all_spreads,73,0.4554455446,39006,20730,18276,0.5408708397557859,0.5314566989693893
all_events,all_spreads,74,0.4752475248,39762,20542,19220,0.5426526461291155,0.5166239122780544
all_events,all_spreads,75,0.495049505,94416,51662,42754,0.5444333619087199,0.5471742077613964
all_events,all_spreads,76,0.5148514851,38476,20219,18257,0.5462129422640477,0.5254964133485809
all_events,all_spreads,77,0.5346534653,94299,47928,46371,0.5479913425070952,0.5082556548849935
all_events,all_spreads,78,0.5544554455,50357,26412,23945,0.5497685180429188,0.5244951049506523
all_events,all_spreads,79,0.5742574257,41217,21493,19724,0.5515444244099956,0.521459591915957
all_events,all_spreads,80,0.5940594059,103231,56376,46855,0.5533190172756154,0.5461150235878758
all_events,all_spreads,81,0.6138613861,46209,24496,21713,0.5550922524402335,0.5301131814148758
all_events,all_spreads,82,0.6336633663,53172,27644,25528,0.5568640858417959,0.5198976905138043
all_events,all_spreads,83,0.6534653465,39943,20213,19730,0.5586344735600348,0.5060461157148938
all_events,all_spreads,84,0.6732673267,101008,53434,47574,0.5604033718207334,0.5290076033581499
all_events,all_spreads,85,0.6930693069,44408,23338,21070,0.5621707369999606,0.5255359394703657
all_events,all_spreads,86,0.7128712871,62711,34282,28429,0.5639365256282722,0.5466664540511235
all_events,all_spreads,87,0.7326732673,113595,59941,53654,0.5657006943948815,0.5276728729257449
all_events,all_spreads,88,0.7524752475,58312,31205,27107,0.5674632001517934,0.5351385649609
all_events,all_spreads,89,0.7722772277,57130,31278,25852,0.569223999917907,0.5474881848415893
all_events,all_spreads,90,0.7920792079,62022,32780,29242,0.5709830508830802,0.5285221373061172
all_events,all_spreads,91,0.8118811881,102531,55104,47427,0.5727403104121607,0.53743745793955
all_events,all_spreads,92,0.8316831683,54595,29080,25515,0.5744957360489786,0.5326495100283909
all_events,all_spreads,93,0.8514851485,77837,42459,35378,0.5762492855203016,0.5454860798848876
all_events,all_spreads,94,0.8712871287,81986,43905,38081,0.578000916739753,0.535518259214988
all_events,all_spreads,95,0.8910891089,82614,43566,39048,0.5797505878116889,0.5273440336988888
all_events,all_spreads,96,0.9108910891,107733,59047,48686,0.5814982570350372,0.5480864730398299
all_events,all_spreads,97,0.9306930693,104436,58136,46300,0.5832438829070952,0.5566662836569766
all_events,all_spreads,98,0.9504950495,103232,56970,46262,0.5849874241272863,0.5518637631742096
all_events,all_spreads,99,0.9702970297,138076,76978,61098,0.5867288396008753,0.5575045627045975
all_events,all_spreads,100,0.9900990099,197263,114209,83054,0.5884680884426398,0.5789681795369633
all_events,one_tick,0,-0.9900990099,4254,1824,2430,0.30565798732242777,0.4287729196050776
all_events,one_tick,1,-0.9702970297,2609,803,1806,0.3089813323167995,0.30778075891146034
all_events,one_tick,2,-0.9504950495,2208,452,1756,0.3123245576997514,0.20471014492753623
all_events,one_tick,3,-0.9306930693,1223,360,863,0.3156874313382936,0.294358135731807
all_events,one_tick,4,-0.9108910891,1276,420,856,0.31906971354642855,0.329153605015674
all_events,one_tick,5,-0.8910891089,1076,404,672,0.3224711571062965,0.3754646840148699
all_events,one_tick,6,-0.8712871287,994,382,612,0.32589150729489863,0.3843058350100604
all_events,one_tick,7,-0.8514851485,952,348,604,0.3293305019164615,0.36554621848739494
all_events,one_tick,8,-0.8316831683,758,309,449,0.33278787134050125,0.4076517150395778
all_events,one_tick,9,-0.8118811881,1110,376,734,0.33626333854563767,0.3387387387387387
all_events,one_tick,10,-0.7920792079,726,256,470,0.3397566191692031,0.3526170798898072
all_events,one_tick,11,-0.7722772277,698,251,447,0.3432674215626835,0.35959885386819485
all_events,one_tick,12,-0.7524752475,645,242,403,0.34679544685302194,0.3751937984496124
all_events,one_tick,13,-0.7326732673,722,253,469,0.3503403890098079,0.35041551246537395
all_events,one_tick,14,-0.7128712871,743,237,506,0.3539019349183672,0.3189771197846568
all_events,one_tick,15,-0.6930693069,623,244,379,0.3574797644587614,0.391653290529695
all_events,one_tick,16,-0.6732673267,976,371,605,0.36107355059069646,0.3801229508196721
all_events,one_tick,17,-0.6534653465,533,189,344,0.3646829594443323,0.3545966228893058
all_events,one_tick,18,-0.6336633663,639,229,410,0.36830765041697916,0.35837245696400627
all_events,one_tick,19,-0.6138613861,841,213,628,0.371947276275654,0.25326991676575505
all_events,one_tick,20,-0.5940594059,912,373,539,0.3756014832654682,0.40899122807017546
all_events,one_tick,21,-0.5742574257,518,228,290,0.37926991122380266,0.44015444015444016
all_events,one_tick,22,-0.5544554455,524,213,311,0.38295219370022454,0.4064885496183206
all_events,one_tick,23,-0.5346534653,661,275,386,0.3866479580820855,0.41603630862329805
all_events,one_tick,24,-0.5148514851,446,198,248,0.3903568257257383,0.4439461883408072
all_events,one_tick,25,-0.495049505,888,383,505,0.3940784120744704,0.4313063063063063
all_events,one_tick,26,-0.4752475248,504,218,286,0.3978123268759643,0.43253968253968256
all_events,one_tick,27,-0.4554455446,435,183,252,0.40155817421712015,0.4206896551724138
all_events,one_tick,28,-0.4356435644,664,278,386,0.4053155527520296,0.4186746987951807
all_events,one_tick,29,-0.4158415842,473,192,281,0.409084055841237,0.4059196617336152
all_events,one_tick,30,-0.396039604,435,175,260,0.4128632717148089,0.40229885057471265
all_events,one_tick,31,-0.3762376238,405,174,231,0.4166527836403282,0.42962962962962964
all_events,one_tick,32,-0.3564356436,434,198,236,0.4204521700956801,0.45622119815668205
all_events,one_tick,33,-0.3366336634,1779,790,989,0.42426100494649016,0.4440697020798201
all_events,one_tick,34,-0.3168316832,588,225,363,0.42807885762806874,0.3826530612244898
all_events,one_tick,35,-0.297029703,446,209,237,0.43190529333170574,0.46860986547085204
all_events,one_tick,36,-0.2772277228,441,203,238,0.43573987319515534,0.4603174603174603
all_events,one_tick,37,-0.2574257426,519,218,301,0.4395821544971413,0.42003853564547206
all_events,one_tick,38,-0.2376237624,390,178,212,0.44343169085570766,0.4564102564102564
all_events,one_tick,39,-0.2178217822,382,187,195,0.44728803243023324,0.4895287958115183
all_events,one_tick,40,-0.198019802,589,282,307,0.45115072612692114,0.47877758913412566
all_events,one_tick,41,-0.1782178218,454,196,258,0.4550193158075691,0.43171806167400884
all_events,one_tick,42,-0.1584158416,430,184,246,0.4588933425014222,0.42790697674418604
all_events,one_tick,43,-0.1386138614,511,256,255,0.4627723446199015,0.5009784735812133
all_events,one_tick,44,-0.1188118812,534,261,273,0.4666558581739985,0.4887640449438202
all_events,one_tick,45,-0.09900990099,485,230,255,0.4705434169960866,0.4742268041237113
all_events,one_tick,46,-0.07920792079,500,249,251,0.4744345529541453,0.498
all_events,one_tick,47,-0.05940594059,426,195,231,0.4783287961876295,0.45774647887323944
all_events,one_tick,48,-0.0396039604,507,246,261,0.48222567532352206,0.48520710059171596
all_events,one_tick,49,-0.0198019802,555,252,303,0.48612471771359606,0.4540540540540541
all_events,one_tick,50,0.0,6194,2914,3280,0.49002544965135575,0.4704552793025509
all_events,one_tick,51,0.0198019802,569,282,287,0.4939273966097416,0.4956063268892794
all_events,one_tick,52,0.0396039604,564,341,223,0.4978300834698496,0.6046099290780141
all_events,one_tick,53,0.05940594059,448,248,200,0.5017330347502581,0.5535714285714286
all_events,one_tick,54,0.07920792079,451,229,222,0.505635774846583,0.5077605321507761
all_events,one_tick,55,0.09900990099,477,274,203,0.5095378282514573,0.5744234800838575
all_events,one_tick,56,0.1188118812,513,286,227,0.5134387197960826,0.557504873294347
all_events,one_tick,57,0.1386138614,472,256,216,0.5173379748717304,0.5423728813559322
all_events,one_tick,58,0.1584158416,420,234,186,0.5212351196723289,0.5571428571428572
all_events,one_tick,59,0.1782178218,429,239,190,0.5251296814165248,0.5571095571095571
all_events,one_tick,60,0.198019802,501,266,235,0.5290211885785345,0.530938123752495
all_events,one_tick,61,0.2178217822,386,219,167,0.5329091711157309,0.5673575129533679
all_events,one_tick,62,0.2376237624,368,172,196,0.5367931606947016,0.4673913043478261
all_events,one_tick,63,0.2574257426,573,296,277,0.5406726909155493,0.5165794066317626
all_events,one_tick,64,0.2772277228,476,230,246,0.544547297534206,0.4831932773109244
all_events,one_tick,65,0.297029703,401,226,175,0.5484165186825432,0.5635910224438903
all_events,one_tick,66,0.3168316832,461,285,176,0.5522798950860491,0.6182212581344902
all_events,one_tick,67,0.3366336634,1786,990,796,0.556136970278869,0.5543113101903695
all_events,one_tick,68,0.3564356436,446,255,191,0.5599872908159875,0.5717488789237668
all_events,one_tick,69,0.3762376238,425,252,173,0.5638304064823559,0.5929411764705882
all_events,one_tick,70,0.396039604,397,233,164,0.5676658704987578,0.5869017632241813
all_events,one_tick,71,0.4158415842,387,222,165,0.5714932397242222,0.5736434108527132
all_events,one_tick,72,0.4356435644,521,294,227,0.5753120748547934,0.564299424184261
all_events,one_tick,73,0.4554455446,424,267,157,0.5791219406184758,0.6297169811320755
all_events,one_tick,74,0.4752475248,417,230,187,0.5829224059661768,0.5515587529976019
all_events,one_tick,75,0.495049505,894,550,344,0.5867130442584796,0.6152125279642058
all_events,one_tick,76,0.5148514851,401,229,172,0.5904934334290168,0.571072319201995
all_events,one_tick,77,0.5346534653,647,379,268,0.5942631562387342,0.5857805255023184
all_events,one_tick,78,0.5544554455,512,314,198,0.5980218003346537,0.61328125
all_events,one_tick,79,0.5742574257,400,243,157,0.6017689584948306,0.6075
all_events,one_tick,80,0.5940594059,875,584,291,0.6055042287728623,0.6674285714285715
all_events,one_tick,81,0.6138613861,450,263,187,0.6092272146564828,0.5844444444444444
all_events,one_tick,82,0.6336633663,572,323,249,0.612937525221006,0.5646853146853147
all_events,one_tick,83,0.6534653465,428,243,185,0.6166347752775101,0.5677570093457944
all_events,one_tick,84,0.6732673267,917,540,377,0.6203185855156632,0.5888767720828789
all_events,one_tick,85,0.6930693069,461,273,188,0.6239885826410981,0.5921908893709328
all_events,one_tick,86,0.7128712871,572,348,224,0.6276443995072528,0.6083916083916084
all_events,one_tick,87,0.7326732673,812,488,324,0.6312856752416013,0.6009852216748769
all_events,one_tick,88,0.7524752475,542,332,210,0.6349120553662092,0.6125461254612546
all_events,one_tick,89,0.7722772277,573,393,180,0.6385231919125541,0.6858638743455497
all_events,one_tick,90,0.7920792079,660,427,233,0.6421187435305635,0.646969696969697
all_events,one_tick,91,0.8118811881,953,619,334,0.6456983755918253,0.6495278069254984
all_events,one_tick,92,0.8316831683,539,315,224,0.6492617602869418,0.5844155844155844
all_events,one_tick,93,0.8514851485,739,529,210,0.652808576716999,0.7158322056833559
all_events,one_tick,94,0.8712871287,730,492,238,0.6563385109791362,0.673972602739726
all_events,one_tick,95,0.8910891089,774,524,250,0.6598512562462072,0.6770025839793282
all_events,one_tick,96,0.9108910891,1152,779,373,0.6633465128405317,0.6762152777777778
all_events,one_tick,97,0.9306930693,933,612,321,0.6668239883017437,0.6559485530546624
all_events,one_tick,98,0.9504950495,1034,680,354,0.6702833974487538,0.6576402321083172
all_events,one_tick,99,0.9702970297,1309,888,421,0.6737244624358442,0.6783804430863254
all_events,one_tick,100,0.9900990099,1950,1490,460,0.6771469128029294,0.764102564102564
all_events,over_ten_ticks,0,-0.9900990099,74736,33094,41642,0.40724194130651986,0.44281203168486405
all_events,over_ten_ticks,1,-0.9702970297,127136,58833,68303,0.4090340435937798,0.46275641832368486
all_events,over_ten_ticks,2,-0.9504950495,52959,23468,29491,0.41082856634560916,0.4431352555750675
all_events,over_ten_ticks,3,-0.9306930693,49757,22893,26864,0.4126254649855147,0.4600960668850614
all_events,over_ten_ticks,4,-0.9108910891,58152,26016,32136,0.4144246946879541,0.4473792818819645
all_events,over_ten_ticks,5,-0.8910891089,41473,19112,22361,0.4162262103825462,0.4608299375497312
all_events,over_ten_ticks,6,-0.8712871287,38429,18035,20394,0.4180299667583351,0.469307033750553
all_events,over_ten_ticks,7,-0.8514851485,35859,16101,19758,0.4198359182681071,0.44900861708357737
all_events,over_ten_ticks,8,-0.8316831683,26182,11961,14221,0.42164401913275995,0.4568405774959896
all_events,over_ten_ticks,9,-0.8118811881,56326,26426,29900,0.42345422334572297,0.46916166601569437
all_events,over_ten_ticks,10,-0.7920792079,30862,14501,16361,0.4252664846774281,0.4698658544488368
all_events,over_ten_ticks,11,-0.7722772277,27364,12752,14612,0.4270807566798299,0.46601374068118695
all_events,over_ten_ticks,12,-0.7524752475,26098,12085,14013,0.428896992690975,0.46306230362479883
all_events,over_ten_ticks,13,-0.7326732673,49396,22161,27235,0.43071514583961845,0.44863956595675764
all_events,over_ten_ticks,14,-0.7128712871,28971,13097,15874,0.4325351690498873,0.45207276241759
all_events,over_ten_ticks,15,-0.6930693069,21590,10192,11398,0.43435701504599034,0.47207040296433533
all_events,over_ten_ticks,16,-0.6732673267,51946,24388,27558,0.436180636356972,0.46948754475801796
all_events,over_ten_ticks,17,-0.6534653465,18317,8605,9712,0.43800598532151136,0.4697821695692526
all_events,over_ten_ticks,18,-0.6336633663,26135,12441,13694,0.4398330140927631,0.4760283145207576
all_events,over_ten_ticks,19,-0.6138613861,20697,9751,10946,0.4416616746432404,0.4711310817992946
all_events,over_ten_ticks,20,-0.5940594059,52534,23196,29338,0.44349191876974003,0.4415426200175125
all_events,over_ten_ticks,21,-0.5742574257,19994,9500,10494,0.44532369809830563,0.47514254276282886
all_events,over_ten_ticks,22,-0.5544554455,24307,11585,12722,0.4471569640892309,0.47661167564899
all_events,over_ten_ticks,23,-0.5346534653,45528,21233,24295,0.4489916680421005,0.4663723422948515
all_events,over_ten_ticks,24,-0.5148514851,17826,8541,9285,0.45082776110086725,0.4791316055200269
all_events,over_ten_ticks,25,-0.495049505,49852,22379,27473,0.4526651942496824,0.44890876995907886
all_events,over_ten_ticks,26,-0.4752475248,20300,9838,10462,0.4545039183551665,0.48463054187192117
all_events,over_ten_ticks,27,-0.4554455446,19444,9102,10342,0.45634388411591553,0.46811355688130013
all_events,over_ten_ticks,28,-0.4356435644,32592,15530,17062,0.4581850421048229,0.47649729995090817
all_events,over_ten_ticks,29,-0.4158415842,16068,7737,8331,0.46002734276504825,0.4815160567587752
all_events,over_ten_ticks,30,-0.396039604,17937,8493,9444,0.46187073641529114,0.4734905502592407
all_events,over_ten_ticks,31,-0.3762376238,18859,8818,10041,0.4637151732550938,0.46757516305212365
all_events,over_ten_ticks,32,-0.3564356436,20151,9388,10763,0.4655606033701706,0.4658825864721354
all_events,over_ten_ticks,33,-0.3366336634,159490,68515,90975,0.467406976737765,0.4295880619474575
all_events,over_ten_ticks,34,-0.3168316832,21695,10525,11170,0.4692542432320308,0.48513482369209493
all_events,over_ten_ticks,35,-0.297029703,16379,8090,8289,0.4711023526294373,0.49392514805543686
all_events,over_ten_ticks,36,-0.2772277228,20560,9871,10689,0.4729512546141977,0.4801070038910506
all_events,over_ten_ticks,37,-0.2574257426,33668,16082,17586,0.47480089878371795,0.4776642509207556
all_events,over_ten_ticks,38,-0.2376237624,19464,9217,10247,0.4766512346540667,0.47354089601315247
all_events,over_ten_ticks,39,-0.2178217822,16709,8229,8480,0.478502211665464,0.492489077742534
all_events,over_ten_ticks,40,-0.198019802,31840,15357,16483,0.48035377918778654,0.4823178391959799
all_events,over_ten_ticks,41,-0.1782178218,17172,8582,8590,0.4822058865260913,0.4997670626601444
all_events,over_ten_ticks,42,-0.1584158416,17913,8694,9219,0.4840584829261524,0.48534583821805394
all_events,over_ten_ticks,43,-0.1386138614,21424,9948,11476,0.48591151758001255,0.46433905899925315
all_events,over_ten_ticks,44,-0.1188118812,24143,11629,12514,0.4877649396315476,0.4816717060845794
all_events,over_ten_ticks,45,-0.09900990099,19987,9521,10466,0.4896186981829772,0.4763596337619453
all_events,over_ten_ticks,46,-0.07920792079,19437,9390,10047,0.491472742296706,0.48309924371044916
all_events,over_ten_ticks,47,-0.05940594059,16515,7812,8703,0.49332702100653364,0.47302452316076293
all_events,over_ten_ticks,48,-0.0396039604,22577,10624,11953,0.4951814833185754,0.4705673915932143
all_events,over_ten_ticks,49,-0.0198019802,26098,12194,13904,0.49703607822155155,0.4672388688788413
all_events,over_ten_ticks,50,0.0,403509,201356,202153,0.4988907546867796,0.49901241360167925
all_events,over_ten_ticks,51,0.0198019802,34447,19013,15434,0.5007454616775366,0.5519493714982436
all_events,over_ten_ticks,52,0.0396039604,23517,12459,11058,0.5026001481537392,0.5297869626227835
all_events,over_ten_ticks,53,0.05940594059,17190,9192,7998,0.5044547630766256,0.5347294938917976
all_events,over_ten_ticks,54,0.07920792079,19479,10290,9189,0.5063092554181197,0.5282612043739412
all_events,over_ten_ticks,55,0.09900990099,20831,11193,9638,0.5081635741608271,0.5373241803081945
all_events,over_ten_ticks,56,0.1188118812,24657,13146,11511,0.5100176683083308,0.5331548850225089
all_events,over_ten_ticks,57,0.1386138614,21526,11593,9933,0.5118714868861173,0.538558022856081
all_events,over_ten_ticks,58,0.1584158416,18220,9347,8873,0.513724978952797,0.5130076838638858
all_events,over_ten_ticks,59,0.1782178218,18437,9561,8876,0.5155780936019544,0.5185767749633888
all_events,over_ten_ticks,60,0.198019802,31944,16098,15846,0.5174307799686714,0.5039444027047333
all_events,over_ten_ticks,61,0.2178217822,17282,8831,8451,0.519282987235104,0.510994097905335
all_events,over_ten_ticks,62,0.2376237624,17997,9562,8435,0.5211346646360496,0.5313107740178918
all_events,over_ten_ticks,63,0.2574257426,32205,16824,15381,0.5229857614645,0.5224033535165347
all_events,over_ten_ticks,64,0.2772277228,20194,10505,9689,0.5248362270771827,0.5202040209963356
all_events,over_ten_ticks,65,0.297029703,16574,8594,7980,0.5266860109000855,0.518522987812236
all_events,over_ten_ticks,66,0.3168316832,21042,11054,9988,0.5285350624339669,0.5253302917973577
all_events,over_ten_ticks,67,0.3366336634,174936,100403,74533,0.5303833312598473,0.573941327113916
all_events,over_ten_ticks,68,0.3564356436,22508,12382,10126,0.5322307670444836,0.5501155144837391
all_events,over_ten_ticks,69,0.3762376238,20302,10810,9492,0.5340773195458207,0.5324598561718057
all_events,over_ten_ticks,70,0.396039604,18128,9712,8416,0.5359229386184261,0.5357458075904677
all_events,over_ten_ticks,71,0.4158415842,17184,9317,7867,0.5377675742188978,0.5421904096834265
all_events,over_ten_ticks,72,0.4356435644,30639,15955,14684,0.5396111764112516,0.5207415385619635
all_events,over_ten_ticks,73,0.4554455446,19248,10492,8756,0.5414536953722823,0.5450955943474647
all_events,over_ten_ticks,74,0.4752475248,19392,10221,9171,0.5432950813968987,0.5270730198019802
all_events,over_ten_ticks,75,0.495049505,51626,28036,23590,0.5451352849034325,0.5430596986014798
all_events,over_ten_ticks,76,0.5148514851,18293,9820,8473,0.5469742564296327,0.5368173618323949
all_events,over_ten_ticks,77,0.5346534653,48222,25984,22238,0.5488119466750582,0.5388411928165567
all_events,over_ten_ticks,78,0.5544554455,24301,12937,11364,0.5506483064505744,0.532364923254187
all_events,over_ten_ticks,79,0.5742574257,19305,10116,9189,0.552483286720695,0.524009324009324
all_events,over_ten_ticks,80,0.5940594059,52087,29251,22836,0.5543168385994455,0.5615796647915987
all_events,over_ten_ticks,81,0.6138613861,21364,11422,9942,0.5561489133554833,0.5346377082943269
all_events,over_ten_ticks,82,0.6336633663,25218,13434,11784,0.5579794624171821,0.5327147275755413
all_events,over_ten_ticks,83,0.6534653465,17851,9367,8484,0.5598084373776794,0.5247325079827461
all_events,over_ten_ticks,84,0.6732673267,51619,27152,24467,0.5616357899998875,0.5260078653209089
all_events,over_ten_ticks,85,0.6930693069,19929,10554,9375,0.5634614722214653,0.5295800090320638
all_events,over_ten_ticks,86,0.7128712871,28226,15696,12530,0.5652854361597496,0.5560830440019839
all_events,over_ten_ticks,87,0.7326732673,52026,29166,22860,0.5671076341166476,0.5606043132280014
all_events,over_ten_ticks,88,0.7524752475,25520,13871,11649,0.5689280185834855,0.5435344827586207
all_events,over_ten_ticks,89,0.7722772277,25883,14423,11460,0.5707465422458164,0.5572383417687286
all_events,over_ten_ticks,90,0.7920792079,28452,15183,13269,0.5725631579881824,0.5336355967946015
all_events,over_ten_ticks,91,0.8118811881,51763,27702,24061,0.5743778188988333,0.535169909008365
all_events,over_ten_ticks,92,0.8316831683,25575,13955,11620,0.5761904782743996,0.5456500488758553
all_events,over_ten_ticks,93,0.8514851485,35481,19603,15878,0.578001089624518,0.5524928835151207
all_events,over_ten_ticks,94,0.8712871287,36059,19252,16807,0.5798096066764102,0.5339027704595247
all_events,over_ten_ticks,95,0.8910891089,36924,19502,17422,0.5816159833794124,0.5281659625176037
all_events,over_ten_ticks,96,0.9108910891,52823,29146,23677,0.5834201739094567,0.5517672226113625
all_events,over_ten_ticks,97,0.9306930693,47643,26548,21095,0.5852221326734999,0.5572277144596268
all_events,over_ten_ticks,98,0.9504950495,48724,27143,21581,0.5870218143139048,0.5570765946966587
all_events,over_ten_ticks,99,0.9702970297,66281,36418,29863,0.5888191737127653,0.5494485599191322
all_events,over_ten_ticks,100,0.9900990099,105441,60630,44811,0.5906141659961825,0.5750135146669701
all_events,six_to_ten_ticks,0,-0.9900990099,59336,29323,30013,0.4150068524059073,0.4941856545773224
all_events,six_to_ten_ticks,1,-0.9702970297,79326,36831,42495,0.4166733921679491,0.4642992209363891
all_events,six_to_ten_ticks,2,-0.9504950495,39213,18095,21118,0.41834183841784606,0.46145410960650807
all_events,six_to_ten_ticks,3,-0.9306930693,41754,18984,22770,0.4200121550979395,0.4546630262968817
all_events,six_to_ten_ticks,4,-0.9108910891,40342,18588,21754,0.4216843059815476,0.46076049774428635
all_events,six_to_ten_ticks,5,-0.8910891089,34956,17104,17852,0.4233582546759603,0.4893008353358508
all_events,six_to_ten_ticks,6,-0.8712871287,34792,16968,17824,0.42503396462546417,0.48769832145320763
all_events,six_to_ten_ticks,7,-0.8514851485,28811,13542,15269,0.42671139911439937,0.47002880844122036
all_events,six_to_ten_ticks,8,-0.8316831683,20967,10072,10895,0.4283905212702458,0.48037392092335574
all_events,six_to_ten_ticks,9,-0.8118811881,35652,16894,18758,0.4300712940667404,0.4738584090654101
all_events,six_to_ten_ticks,10,-0.7920792079,24987,12223,12764,0.4317536803270233,0.4891743706727498
all_events,six_to_ten_ticks,11,-0.7722772277,22233,10502,11731,0.4334376427268129,0.4723609049610939
all_events,six_to_ten_ticks,12,-0.7524752475,21972,10586,11386,0.43512314379760886,0.4817950118332423
all_events,six_to_ten_ticks,13,-0.7326732673,35375,17470,17905,0.4368101459299238,0.49385159010600704
all_events,six_to_ten_ticks,14,-0.7128712871,23521,11072,12449,0.43849861137654134,0.47072828536201694
all_events,six_to_ten_ticks,15,-0.6930693069,16790,8338,8452,0.44018850225580086,0.496605122096486
all_events,six_to_ten_ticks,16,-0.6732673267,35266,16621,18645,0.44187978055490895,0.4713038053649407
all_events,six_to_ten_ticks,17,-0.6534653465,14385,7279,7106,0.443572408133275,0.5060132082029892
all_events,six_to_ten_ticks,18,-0.6336633663,19880,10055,9825,0.4452663467258733,0.505784708249497
all_events,six_to_ten_ticks,19,-0.6138613861,16151,7822,8329,0.4469615579466277,0.48430437743792953
all_events,six_to_ten_ticks,20,-0.5940594059,34870,16292,18578,0.44865800329182076,0.46722110696874103
all_events,six_to_ten_ticks,21,-0.5742574257,15599,7697,7902,0.45035564414352597,0.493429065965767
all_events,six_to_ten_ticks,22,-0.5544554455,17367,8642,8725,0.45205444177306164,0.4976104105487419
all_events,six_to_ten_ticks,23,-0.5346534653,28541,14879,13662,0.45375435734446706,0.5213202060194106
all_events,six_to_ten_ticks,24,-0.5148514851,13712,6908,6804,0.4554553519179993,0.5037922987164527
all_events,six_to_ten_ticks,25,-0.495049505,31103,14201,16902,0.4571573864450527,0.4565797511494068
all_events,six_to_ten_ticks,26,-0.4752475248,14466,7278,7188,0.45886042180608266,0.5031107424305268
all_events,six_to_ten_ticks,27,-0.4554455446,13315,6467,6848,0.460564418762589,0.48569282763800226
all_events,six_to_ten_ticks,28,-0.4356435644,21155,10228,10927,0.46226933799506753,0.4834790829591113
all_events,six_to_ten_ticks,29,-0.4158415842,11982,5853,6129,0.4639751400980084,0.4884827240861292
all_events,six_to_ten_ticks,30,-0.396039604,13509,6366,7143,0.4656817855835058,0.471241394625805
all_events,six_to_ten_ticks,31,-0.3762376238,13959,6767,7192,0.4673892348848833,0.4847768464789741
all_events,six_to_ten_ticks,32,-0.3564356436,14967,7185,7782,0.4690974483603348,0.4800561234716376
all_events,six_to_ten_ticks,33,-0.3366336634,81675,37971,43704,0.4708063862965801,0.46490358126721765
all_events,six_to_ten_ticks,34,-0.3168316832,14040,7104,6936,0.47251600891253526,0.505982905982906
all_events,six_to_ten_ticks,35,-0.297029703,11815,5970,5845,0.47422627636299586,0.505289885738468
all_events,six_to_ten_ticks,36,-0.2772277228,12936,6210,6726,0.47593714874233356,0.4800556586270872
all_events,six_to_ten_ticks,37,-0.2574257426,18990,9453,9537,0.477648586088204,0.4977883096366509
all_events,six_to_ten_ticks,38,-0.2376237624,10913,5488,5425,0.47936054838526637,0.5028864656831302
all_events,six_to_ten_ticks,39,-0.2178217822,11338,5707,5631,0.4810729955689134,0.503351561121891
all_events,six_to_ten_ticks,40,-0.198019802,20652,9803,10849,0.48278588752901186,0.47467557621537865
all_events,six_to_ten_ticks,41,-0.1782178218,10688,5393,5295,0.4844991841136506,0.5045845808383234
all_events,six_to_ten_ticks,42,-0.1584158416,12523,5991,6532,0.4862128451328982,0.47839974447017486
all_events,six_to_ten_ticks,43,-0.1386138614,14373,7035,7338,0.4879268303625684,0.4894594030473805
all_events,six_to_ten_ticks,44,-0.1188118812,15016,7314,7702,0.48964109954799073,0.4870804475226425
all_events,six_to_ten_ticks,45,-0.09900990099,13036,6150,6886,0.4913556124086552,0.4717704817428659
all_events,six_to_ten_ticks,46,-0.07920792079,12037,5783,6254,0.49307032863853173,0.4804353244163828
all_events,six_to_ten_ticks,47,-0.05940594059,10945,5232,5713,0.4947852079150523,0.47802649611694836
all_events,six_to_ten_ticks,48,-0.0396039604,13709,6435,7274,0.49650020989857374,0.4693996644540083
all_events,six_to_ten_ticks,49,-0.0198019802,14622,6929,7693,0.49821529424050254,0.4738749829024757
all_events,six_to_ten_ticks,50,0.0,135640,69044,66596,0.49993042058189496,0.5090238867590681
all_events,six_to_ten_ticks,51,0.0198019802,18516,10004,8512,0.5016455485607201,0.5402894793691942
all_events,six_to_ten_ticks,52,0.0396039604,14455,7836,6619,0.5033606378147927,0.5420961604980975
all_events,six_to_ten_ticks,53,0.05940594059,11483,6142,5341,0.5050756479847065,0.5348776452146652
all_events,six_to_ten_ticks,54,0.07920792079,12186,6541,5645,0.5067905387210977,0.5367634990973248
all_events,six_to_ten_ticks,55,0.09900990099,13218,7080,6138,0.5085052696832444,0.5356332274171585
all_events,six_to_ten_ticks,56,0.1188118812,15620,8083,7537,0.5102198005471928,0.5174775928297055
all_events,six_to_ten_ticks,57,0.1386138614,13529,7016,6513,0.5119340910052186,0.5185896962081454
all_events,six_to_ten_ticks,58,0.1584158416,12843,6818,6025,0.5136481007748108,0.530872849022814
all_events,six_to_ten_ticks,59,0.1782178218,10977,5702,5275,0.5153617895989916,0.5194497585861346
all_events,six_to_ten_ticks,60,0.198019802,19350,10136,9214,0.5170751172509603,0.5238242894056847
all_events,six_to_ten_ticks,61,0.2178217822,11828,5897,5931,0.5187880435378661,0.49856273249915456
all_events,six_to_ten_ticks,62,0.2376237624,10811,5515,5296,0.5205005283045729,0.5101285727499769
all_events,six_to_ten_ticks,63,0.2574257426,18559,9230,9329,0.5222125314374176,0.4973328304326742
all_events,six_to_ten_ticks,64,0.2772277228,12270,6092,6178,0.5239240128679599,0.4964955175224124
all_events,six_to_ten_ticks,65,0.297029703,11988,6175,5813,0.5256349325767223,0.5150984317650984
all_events,six_to_ten_ticks,66,0.3168316832,13387,6831,6556,0.5273452505969219,0.5102711585866886
all_events,six_to_ten_ticks,67,0.3366336634,85811,45992,39819,0.5290549270181901,0.5359685821165119
all_events,six_to_ten_ticks,68,0.3564356436,15438,8094,7344,0.5307639219902823,0.5242907112320249
all_events,six_to_ten_ticks,69,0.3762376238,14269,7282,6987,0.5324721957267742,0.5103370944004485
all_events,six_to_ten_ticks,70,0.396039604,13455,7115,6340,0.5341797085087476,0.5287997027127462
all_events,six_to_ten_ticks,71,0.4158415842,12231,6313,5918,0.5358864206884608,0.5161474940724389
all_events,six_to_ten_ticks,72,0.4356435644,20308,10476,9832,0.5375922926930056,0.5158558203663581
all_events,six_to_ten_ticks,73,0.4554455446,13010,6723,6287,0.5392972850279497,0.5167563412759416
all_events,six_to_ten_ticks,74,0.4752475248,13633,6903,6730,0.5410013582809634,0.506344898408274
all_events,six_to_ten_ticks,75,0.495049505,28914,15977,12937,0.54270447312543,0.5525696894238086
all_events,six_to_ten_ticks,76,0.5148514851,13573,7111,6462,0.5444065903154461,0.523907758049068
all_events,six_to_ten_ticks,77,0.5346534653,30328,14738,15590,0.5461076707237755,0.48595357425481406
all_events,six_to_ten_ticks,78,0.5544554455,17402,9028,8374,0.5478076752938319,0.5187909435697047
all_events,six_to_ten_ticks,79,0.5742574257,14684,7694,6990,0.5495065650776059,0.523971669844729
all_events,six_to_ten_ticks,80,0.5940594059,33577,17751,15826,0.5512043012305858,0.5286654555201478
all_events,six_to_ten_ticks,81,0.6138613861,16377,8765,7612,0.5529008450152558,0.5352018074128351
all_events,six_to_ten_ticks,82,0.6336633663,18695,9644,9051,0.554596157804574,0.5158598555763573
all_events,six_to_ten_ticks,83,0.6534653465,13979,7210,6769,0.5562902010854285,0.5157736604907361
all_events,six_to_ten_ticks,84,0.6732673267,32563,17339,15224,0.5579829364620709,0.5324755090132973
all_events,six_to_ten_ticks,85,0.6930693069,15851,8214,7637,0.5596743256595269,0.518200744432528
all_events,six_to_ten_ticks,86,0.7128712871,22577,12223,10354,0.5613643305269848,0.541391681800062
all_events,six_to_ten_ticks,87,0.7326732673,39227,20120,19107,0.5630529130411571,0.5129120248808219
all_events,six_to_ten_ticks,88,0.7524752475,21824,11606,10218,0.5647400353096201,0.5317998533724341
all_events,six_to_ten_ticks,89,0.7722772277,20386,10902,9484,0.5664256595741263,0.5347787697439419
all_events,six_to_ten_ticks,90,0.7920792079,22147,11600,10547,0.5681097482138916,0.5237729715085565
all_events,six_to_ten_ticks,91,0.8118811881,32494,17425,15069,0.5697922637488559,0.536252846679387
all_events,six_to_ten_ticks,92,0.8316831683,19151,10039,9112,0.5714731688429165,0.524202391520025
all_events,six_to_ten_ticks,93,0.8514851485,27343,14731,12612,0.5731524263071336,0.5387484913871924
all_events,six_to_ten_ticks,94,0.8712871287,30218,16134,14084,0.5748299991029076,0.5339201800251506
all_events,six_to_ten_ticks,95,0.8910891089,30477,15941,14536,0.5765058503451277,0.5230501689798864
all_events,six_to_ten_ticks,96,0.9108910891,36644,19896,16748,0.5781799433052918,0.5429538260015282
all_events,six_to_ten_ticks,97,0.9306930693,37348,20719,16629,0.5798522414145946,0.5547552747135054
all_events,six_to_ten_ticks,98,0.9504950495,36765,20067,16698,0.5815227082669874,0.5458180334557323
all_events,six_to_ten_ticks,99,0.9702970297,46993,26425,20568,0.5831913076222056,0.5623177920115762
all_events,six_to_ten_ticks,100,0.9900990099,61433,35305,26128,0.5848580034087658,0.574691126918757
all_events,two_to_five_ticks,0,-0.9900990099,38707,18237,20470,0.4215133098206153,0.4711550882269357
all_events,two_to_five_ticks,1,-0.9702970297,42424,18932,23492,0.42309889299130765,0.4462568357533472
all_events,two_to_five_ticks,2,-0.9504950495,21572,10366,11206,0.4246860619002463,0.4805303170776933
all_events,two_to_five_ticks,3,-0.9306930693,23108,10447,12661,0.4262747853563541,0.45209451272286655
all_events,two_to_five_ticks,4,-0.9108910891,21040,9870,11170,0.42786503204169657,0.469106463878327
all_events,two_to_five_ticks,5,-0.8910891089,17933,8561,9372,0.4294567705138553,0.4773880555400658
all_events,two_to_five_ticks,6,-0.8712871287,18211,8328,9883,0.4310499692083213,0.45730602383175006
all_events,two_to_five_ticks,7,-0.8514851485,15402,7361,8041,0.4326445964409106,0.47792494481236203
all_events,two_to_five_ticks,8,-0.8316831683,10989,5354,5635,0.4342406204102004,0.48721448721448724
all_events,two_to_five_ticks,9,-0.8118811881,19631,9253,10378,0.4358380091999843,0.4713463399724925
all_events,two_to_five_ticks,10,-0.7920792079,12652,6100,6552,0.4374367307817492,0.482137211508062
all_events,two_to_five_ticks,11,-0.7722772277,12408,5761,6647,0.43903675301716977,0.46429722759509995
all_events,two_to_five_ticks,12,-0.7524752475,11664,5539,6125,0.44063804366062326,0.47487997256515774
all_events,two_to_five_ticks,13,-0.7326732673,18699,9918,8781,0.44224057036172243,0.5304026953313011
all_events,two_to_five_ticks,14,-0.7128712871,12396,5820,6576,0.44384430066786695,0.46950629235237173
all_events,two_to_five_ticks,15,-0.6930693069,8645,4311,4334,0.44544920202681226,0.49866975130133023
all_events,two_to_five_ticks,16,-0.6732673267,17717,8366,9351,0.4470552417892565,0.4722018400406389
all_events,two_to_five_ticks,17,-0.6534653465,7138,3687,3451,0.44866238721144325,0.5165312412440459
all_events,two_to_five_ticks,18,-0.6336633663,9481,4821,4660,0.4502706054577824,0.5084906655416095
all_events,two_to_five_ticks,19,-0.6138613861,7937,4047,3890,0.4518798636034856,0.5098903867960186
all_events,two_to_five_ticks,20,-0.5940594059,17327,8337,8990,0.45349012863721855,0.48115657644139204
all_events,two_to_five_ticks,21,-0.5742574257,8064,4042,4022,0.4551013674637676,0.5012400793650794
all_events,two_to_five_ticks,22,-0.5544554455,8796,4501,4295,0.45671354690672217,0.5117098681218736
all_events,two_to_five_ticks,23,-0.5346534653,14066,7495,6571,0.4583266337111699,0.5328451585383194
all_events,two_to_five_ticks,24,-0.5148514851,6579,3249,3330,0.45994059454640757,0.493844049247606
all_events,two_to_five_ticks,25,-0.495049505,15157,6797,8360,0.46155539600050705,0.4484396648413274
all_events,two_to_five_ticks,26,-0.4752475248,6832,3461,3371,0.46317100461567534,0.5065866510538641
all_events,two_to_five_ticks,27,-0.4554455446,6255,3118,3137,0.4647873868420743,0.4984812150279776
all_events,two_to_five_ticks,28,-0.4356435644,10600,5241,5359,0.4664045090731961,0.49443396226415093
all_events,two_to_five_ticks,29,-0.4158415842,5705,2894,2811,0.46802233764048345,0.5072743207712533
all_events,two_to_five_ticks,30,-0.396039604,6371,3192,3179,0.46964083881611257,0.5010202479987443
all_events,two_to_five_ticks,31,-0.3762376238,6374,3131,3243,0.47125997881578696,0.491214308126765
all_events,two_to_five_ticks,32,-0.3564356436,6696,3182,3514,0.47287972380154114,0.4752090800477897
all_events,two_to_five_ticks,33,-0.3366336634,38019,17481,20538,0.47450003988455464,0.45979641758068335
all_events,two_to_five_ticks,34,-0.3168316832,6409,3171,3238,0.476120893127974,0.49477297550319865
all_events,two_to_five_ticks,35,-0.297029703,6118,3037,3081,0.47774224954974415,0.4964040536122916
all_events,two_to_five_ticks,36,-0.2772277228,7001,3250,3751,0.4793640751254472,0.46421939722896727
all_events,two_to_five_ticks,37,-0.2574257426,9752,5254,4498,0.48098633579114985,0.5387612797374898
all_events,two_to_five_ticks,38,-0.2376237624,5374,2634,2740,0.4826089974462563,0.49013770003721624
all_events,two_to_five_ticks,39,-0.2178217822,5679,2930,2749,0.48423202595636927,0.5159359042084875
all_events,two_to_five_ticks,40,-0.198019802,9719,4441,5278,0.4858553871561562,0.45694001440477416
all_events,two_to_five_ticks,41,-0.1782178218,5245,2588,2657,0.4874790468522212,0.49342230695900857
all_events,two_to_five_ticks,42,-0.1584158416,6561,3228,3333,0.4891029708259817,0.4919981710105167
all_events,two_to_five_ticks,43,-0.1386138614,6956,3486,3470,0.4907271248365506,0.5011500862564693
all_events,two_to_five_ticks,44,-0.1188118812,7452,3607,3845,0.4923514746236212,0.4840311325818572
all_events,two_to_five_ticks,45,-0.09900990099,6056,2778,3278,0.4939759859111768,0.4587186261558785
all_events,two_to_five_ticks,46,-0.07920792079,5772,2668,3104,0.49560062440710084,0.4622314622314622
all_events,two_to_five_ticks,47,-0.05940594059,5247,2579,2668,0.4972253558109939,0.49151896321707644
all_events,two_to_five_ticks,48,-0.0396039604,6083,2975,3108,0.4988501458129675,0.4890678941311853
all_events,two_to_five_ticks,49,-0.0198019802,6083,2925,3158,0.5004749601006451,0.4808482656583922
all_events,two_to_five_ticks,50,0.0,53261,26387,26874,0.5020997643571367,0.4954281744616136
all_events,two_to_five_ticks,51,0.0198019802,7717,4117,3600,0.5037245242672203,0.5334974731113127
all_events,two_to_five_ticks,52,0.0396039604,6287,3265,3022,0.5053492055194201,0.5193255924924447
all_events,two_to_five_ticks,53,0.05940594059,5344,2801,2543,0.5069737738080844,0.5241392215568862
all_events,two_to_five_ticks,54,0.07920792079,6010,3367,2643,0.5085981948395639,0.5602329450915141
all_events,two_to_five_ticks,55,0.09900990099,6429,3317,3112,0.510222434330185,0.515943381552341
all_events,two_to_five_ticks,56,0.1188118812,7497,3988,3509,0.5118464580132437,0.5319461117780445
all_events,two_to_five_ticks,57,0.1386138614,7243,3714,3529,0.5134702316377957,0.5127709512632886
all_events,two_to_five_ticks,58,0.1584158416,6200,3316,2884,0.5150937209764639,0.5348387096774193
all_events,two_to_five_ticks,59,0.1782178218,5269,2748,2521,0.5167168918250413,0.5215410893907763
all_events,two_to_five_ticks,60,0.198019802,8778,4731,4047,0.5183397100061897,0.538961038961039
all_events,two_to_five_ticks,61,0.2178217822,5661,2854,2807,0.5199621413723139,0.504151210033563
all_events,two_to_five_ticks,62,0.2376237624,5127,2608,2519,0.5215841518084305,0.5086795396918276
all_events,two_to_five_ticks,63,0.2574257426,9317,4538,4779,0.5232057072350307,0.48706665235590857
all_events,two_to_five_ticks,64,0.2772277228,6215,3172,3043,0.5248267736109372,0.5103781174577635
all_events,two_to_five_ticks,65,0.297029703,5959,3037,2922,0.5264473169361538,0.509649270011747
all_events,two_to_five_ticks,66,0.3168316832,6256,3369,2887,0.5280673032547074,0.5385230179028133
all_events,two_to_five_ticks,67,0.3366336634,41715,22227,19488,0.5296866986574829,0.5328299172959368
all_events,two_to_five_ticks,68,0.3564356436,6903,3535,3368,0.5313054692850491,0.5120961900622918
all_events,two_to_five_ticks,69,0.3762376238,6405,3191,3214,0.5329235813304765,0.49820452771272444
all_events,two_to_five_ticks,70,0.396039604,6407,3333,3074,0.5345410010421443,0.5202122678320587
all_events,two_to_five_ticks,71,0.4158415842,5713,2786,2927,0.5361576947265393,0.4876597234377735
all_events,two_to_five_ticks,72,0.4356435644,9689,4895,4794,0.5377736287510432,0.5052120961915575
all_events,two_to_five_ticks,73,0.4554455446,6324,3248,3076,0.5393887695467096,0.5135989879822896
all_events,two_to_five_ticks,74,0.4752475248,6320,3188,3132,0.5410030836110293,0.5044303797468355
all_events,two_to_five_ticks,75,0.495049505,12982,7099,5883,0.5426165375106853,0.5468340779540902
all_events,two_to_five_ticks,76,0.5148514851,6209,3059,3150,0.544229097876151,0.4926719278466742
all_events,two_to_five_ticks,77,0.5346534653,15102,6827,8275,0.5458407314369909,0.4520593298900808
all_events,two_to_five_ticks,78,0.5544554455,8142,4133,4009,0.547451404975713,0.5076148366494718
all_events,two_to_five_ticks,79,0.5742574257,6828,3440,3388,0.5490610853630505,0.5038078500292912
all_events,two_to_five_ticks,80,0.5940594059,16692,8790,7902,0.5506697395525041,0.5265995686556434
all_events,two_to_five_ticks,81,0.6138613861,8018,4046,3972,0.552277334583014,0.5046146171114991
all_events,two_to_five_ticks,82,0.6336633663,8687,4243,4444,0.5538838375816189,0.48843098883388975
all_events,two_to_five_ticks,83,0.6534653465,7685,3393,4292,0.5554892157660989,0.44150943396226416
all_events,two_to_five_ticks,84,0.6732673267,15909,8403,7506,0.5570934364476016,0.5281915896662267
all_events,two_to_five_ticks,85,0.6930693069,8167,4297,3870,0.5586964670332528,0.526141790131015
all_events,two_to_five_ticks,86,0.7128712871,11336,6015,5321,0.5602982750287504,0.5306104446012703
all_events,two_to_five_ticks,87,0.7326732673,21530,10167,11363,0.5618988280409404,0.47222480260102184
all_events,two_to_five_ticks,88,0.7524752475,10426,5396,5030,0.5634980937803756,0.5175522731632457
all_events,two_to_five_ticks,89,0.7722772277,10288,5560,4728,0.5650960400638565,0.5404354587869362
all_events,two_to_five_ticks,90,0.7920792079,10763,5570,5193,0.5666926348169533,0.5175137043575211
all_events,two_to_five_ticks,91,0.8118811881,17321,9358,7963,0.5682878460765095,0.5402690375844351
all_events,two_to_five_ticks,92,0.8316831683,9330,4771,4559,0.5698816419931255,0.5113612004287246
all_events,two_to_five_ticks,93,0.8514851485,14274,7596,6678,0.5714739908336233,0.532156368221942
all_events,two_to_five_ticks,94,0.8712871287,14979,8027,6952,0.5730648609834901,0.5358835703317979
all_events,two_to_five_ticks,95,0.8910891089,14439,7599,6840,0.5746542209493034,0.5262829835861209
all_events,two_to_five_ticks,96,0.9108910891,17114,9226,7888,0.5762420393611327,0.5390908028514666
all_events,two_to_five_ticks,97,0.9306930693,18512,10257,8255,0.5778282849749217,0.5540730337078652
all_events,two_to_five_ticks,98,0.9504950495,16709,9080,7629,0.5794129266748488,0.5434197139266264
all_events,two_to_five_ticks,99,0.9702970297,23493,13247,10246,0.580995933475665,0.5638700889626698
all_events,two_to_five_ticks,100,0.9900990099,28439,16784,11655,0.5825772745250101,0.590175463272267
best_quote_updates,all_spreads,0,-0.9900990099,134451,64915,69536,0.4047825843674995,0.4828153007415341
best_quote_updates,all_spreads,1,-0.9702970297,180177,82038,98139,0.4066020339969177,0.4553189363792271
best_quote_updates,all_spreads,2,-0.9504950495,83376,37975,45401,0.40842405014290245,0.45546680099788905
best_quote_updates,all_spreads,3,-0.9306930693,83870,37938,45932,0.41024858625264304,0.45234291164898055
best_quote_updates,all_spreads,4,-0.9108910891,86278,39299,46979,0.41207559550077283,0.4554927096131111
best_quote_updates,all_spreads,5,-0.8910891089,69167,32652,36515,0.4139050307938751,0.472074833374297
best_quote_updates,all_spreads,6,-0.8712871287,66335,31065,35270,0.4157368447750482,0.4683048164618979
best_quote_updates,all_spreads,7,-0.8514851485,58968,27141,31827,0.41757098982853263,0.46026658526658526
best_quote_updates,all_spreads,8,-0.8316831683,42896,19950,22946,0.41940741808439475,0.46507832898172324
best_quote_updates,all_spreads,9,-0.8118811881,79730,36759,42971,0.42124608142326975,0.4610435218863665
best_quote_updates,all_spreads,10,-0.7920792079,50105,23817,26288,0.4230869314811614,0.47534178225725976
best_quote_updates,all_spreads,11,-0.7722772277,45287,20796,24491,0.42492991965429744,0.4592046282597655
best_quote_updates,all_spreads,12,-0.7524752475,43770,20523,23247,0.42677499710404043,0.468882796435915
best_quote_updates,all_spreads,13,-0.7326732673,75712,36518,39194,0.4286221147618531,0.4823277683854607
best_quote_updates,all_spreads,14,-0.7128712871,47055,21554,25501,0.4304712233343157,0.4580597173520349
best_quote_updates,all_spreads,15,-0.6930693069,34535,16737,17798,0.4323222733081965,0.48463877226002605
best_quote_updates,all_spreads,16,-0.6732673267,75199,34830,40369,0.4341752149555722,0.4631710528065533
best_quote_updates,all_spreads,17,-0.6534653465,29464,14312,15152,0.43602999833899964,0.4857453163182188
best_quote_updates,all_spreads,18,-0.6336633663,40497,19677,20820,0.4378865733167348,0.48588784354396625
best_quote_updates,all_spreads,19,-0.6138613861,33316,15916,17400,0.4397448895480007,0.47772841877776445
best_quote_updates,all_spreads,20,-0.5940594059,75493,33970,41523,0.4416048964983009,0.44997549441670087
best_quote_updates,all_spreads,21,-0.5742574257,32135,15578,16557,0.44346654344477954,0.4847673875836316
best_quote_updates,all_spreads,22,-0.5544554455,36930,17961,18969,0.4453297794816245,0.4863525588952071
best_quote_updates,all_spreads,23,-0.5346534653,64903,32318,32585,0.44719455352551396,0.4979430842950249
best_quote_updates,all_spreads,24,-0.5148514851,28175,13736,14439,0.4490608143211055,0.48752440106477374
best_quote_updates,all_spreads,25,-0.495049505,70026,31207,38819,0.4509285104371292,0.4456487590323594
best_quote_updates,all_spreads,26,-0.4752475248,30805,15112,15693,0.45279759030969124,0.4905697127089758
best_quote_updates,all_spreads,27,-0.4554455446,28736,13855,14881,0.45466800219128906,0.4821478285077951
best_quote_updates,all_spreads,28,-0.4356435644,46712,22361,24351,0.45653969419417506,0.47869926357252957
best_quote_updates,all_spreads,29,-0.4158415842,25146,12132,13014,0.45841261428660735,0.4824624194702935
best_quote_updates,all_spreads,30,-0.396039604,27923,13314,14609,0.4602867102985635,0.47681123088493355
best_quote_updates,all_spreads,31,-0.3762376238,28930,13648,15282,0.4621619299274864,0.4717594192879364
best_quote_updates,all_spreads,32,-0.3564356436,30851,14457,16394,0.4640382207440622,0.46860717642864086
best_quote_updates,all_spreads,33,-0.3366336634,204218,88903,115315,0.4659155301980287,0.4353338099481926
best_quote_updates,all_spreads,34,-0.3168316832,31606,15485,16121,0.4677938056240122,0.4899386192495096
best_quote_updates,all_spreads,35,-0.297029703,25704,12711,12993,0.46967299424739245,0.49451447245564895
best_quote_updates,all_spreads,36,-0.2772277228,30318,14500,15818,0.47155304319019314,0.4782637377135695
best_quote_updates,all_spreads,37,-0.2574257426,45710,22669,23041,0.4734338994769979,0.49593086851892365
best_quote_updates,all_spreads,38,-0.2376237624,26548,12882,13666,0.47531551004088907,0.48523429260207923
best_quote_updates,all_spreads,39,-0.2178217822,25243,12711,12532,0.4771978217294091,0.5035455373766985
best_quote_updates,all_spreads,40,-0.198019802,45995,21658,24337,0.479080781310542,0.47087726926839873
best_quote_updates,all_spreads,41,-0.1782178218,24531,12169,12362,0.48096433547871403,0.4960662019485549
best_quote_updates,all_spreads,42,-0.1584158416,27539,13346,14193,0.4828484308608123,0.48462180907077235
best_quote_updates,all_spreads,43,-0.1386138614,31836,15259,16577,0.4847330140222199,0.4793001633371026
best_quote_updates,all_spreads,44,-0.1188118812,34703,16562,18141,0.4866180314728651,0.47724980549232054
best_quote_updates,all_spreads,45,-0.09900990099,29248,13825,15423,0.48850342967423693,0.4726818927789934
best_quote_updates,all_spreads,46,-0.07920792079,28357,13463,14894,0.49038915504165104,0.47476813485206476
best_quote_updates,all_spreads,47,-0.05940594059,24619,11611,13008,0.4922751539560488,0.47162760469556037
best_quote_updates,all_spreads,48,-0.0396039604,31755,15045,16710,0.49416137276532973,0.4737836561171469
best_quote_updates,all_spreads,49,-0.0198019802,35002,16302,18700,0.49604775779521626,0.4657448145820239
best_quote_updates,all_spreads,50,0.0,427658,213526,214132,0.49793425534964714,0.4992914899288684
best_quote_updates,all_spreads,51,0.0198019802,45486,24984,20502,0.4998208117206989,0.5492679066086268
best_quote_updates,all_spreads,52,0.0396039604,33251,17710,15541,0.5017073731937499,0.5326155604342726
best_quote_updates,all_spreads,53,0.05940594059,25434,13581,11853,0.5035938860526447,0.5339702760084926
best_quote_updates,all_spreads,54,0.07920792079,28438,15332,13106,0.5054802965896225,0.5391377734017864
best_quote_updates,all_spreads,55,0.09900990099,29987,16108,13879,0.5073665511057167,0.537166105312302
best_quote_updates,all_spreads,56,0.1188118812,35965,19154,16811,0.5092525959216319,0.5325733351869874
best_quote_updates,all_spreads,57,0.1386138614,31558,16687,14871,0.5111383773790901,0.5287724190379618
best_quote_updates,all_spreads,58,0.1584158416,27875,14600,13275,0.5130238418526488,0.5237668161434977
best_quote_updates,all_spreads,59,0.1782178218,25663,13233,12430,0.5149089357519872,0.5156450921560223
best_quote_updates,all_spreads,60,0.198019802,44230,22953,21277,0.5167936055289457,0.5189464164594166
best_quote_updates,all_spreads,61,0.2178217822,26190,13241,12949,0.5186777976836033,0.5055746468117602
best_quote_updates,all_spreads,62,0.2376237624,25320,13116,12204,0.5205614587703429,0.5180094786729857
best_quote_updates,all_spreads,63,0.2574257426,44358,22557,21801,0.5224445354039032,0.5085215744623293
best_quote_updates,all_spreads,64,0.2772277228,29009,14769,14240,0.5243269742654173,0.5091178599744907
best_quote_updates,all_spreads,65,0.297029703,25795,13407,12388,0.5262087221084335,0.5197518899011436
best_quote_updates,all_spreads,66,0.3168316832,30457,15844,14613,0.5280897257649205,0.5202088189907083
best_quote_updates,all_spreads,67,0.3366336634,220349,124216,96133,0.529969932151252,0.5637239107052903
best_quote_updates,all_spreads,68,0.3564356436,33359,17966,15393,0.5318492882741721,0.5385653047153691
best_quote_updates,all_spreads,69,0.3762376238,30125,15692,14433,0.5337277412367388,0.520896265560166
best_quote_updates,all_spreads,70,0.396039604,28147,14949,13198,0.5356052382442441,0.5311045582122429
best_quote_updates,all_spreads,71,0.4158415842,25935,13679,12256,0.5374817266101096,0.5274339695392327
best_quote_updates,all_spreads,72,0.4356435644,44092,22948,21144,0.5393571537617561,0.5204572258005987
best_quote_updates,all_spreads,73,0.4554455446,28476,15011,13465,0.5412314672464464,0.5271456665261975
best_quote_updates,all_spreads,74,0.4752475248,28873,14896,13977,0.5431046147370993,0.5159145222179892
best_quote_updates,all_spreads,75,0.495049505,68369,37525,30844,0.5449765440380723,0.5488598633883778
best_quote_updates,all_spreads,76,0.5148514851,28073,14733,13340,0.5468472030814713,0.5248103159619564
best_quote_updates,all_spreads,77,0.5346534653,69334,34896,34438,0.5487165399706514,0.503302852857184
best_quote_updates,all_spreads,78,0.5544554455,36458,19072,17386,0.5505845029292205,0.5231224971199737
best_quote_updates,all_spreads,79,0.5742574257,30196,15776,14420,0.552451040344484,0.5224533050735197
best_quote_updates,all_spreads,80,0.5940594059,74541,41211,33330,0.5543161007636086,0.5528635247716022
best_quote_updates,all_spreads,81,0.6138613861,33859,17951,15908,0.5561796328991979,0.5301692312236038
best_quote_updates,all_spreads,82,0.6336633663,38388,20108,18280,0.5580415856348292,0.5238095238095238
best_quote_updates,all_spreads,83,0.6534653465,28897,14772,14125,0.5599019080305501,0.511194933730145
best_quote_updates,all_spreads,84,0.6732673267,71746,38338,33408,0.5617605493283325,0.534357316087308
best_quote_updates,all_spreads,85,0.6930693069,32518,17089,15429,0.5636174589574854,0.5255243249892367
best_quote_updates,all_spreads,86,0.7128712871,45682,25025,20657,0.5654725865400221,0.547808764940239
best_quote_updates,all_spreads,87,0.7326732673,82536,42790,39746,0.5673258818959831,0.5184404381118543
best_quote_updates,all_spreads,88,0.7524752475,42456,22702,19754,0.5691772950487128,0.5347182965894102
best_quote_updates,all_spreads,89,0.7722772277,41620,22897,18723,0.5710267762300877,0.5501441614608361
best_quote_updates,all_spreads,90,0.7920792079,45141,23998,21143,0.5728742758856973,0.5316231363948517
best_quote_updates,all_spreads,91,0.8118811881,73051,39648,33403,0.5747197446799741,0.5427441102791201
best_quote_updates,all_spreads,92,0.8316831683,39823,21269,18554,0.576563133501274,0.5340883409085202
best_quote_updates,all_spreads,93,0.8514851485,56398,30649,25749,0.5784043934669038,0.5434412567821554
best_quote_updates,all_spreads,94,0.8712871287,59453,31998,27455,0.5802434759280961,0.5382066506315913
best_quote_updates,all_spreads,95,0.8910891089,59886,31703,28183,0.5820803324749313,0.5293891727615804
best_quote_updates,all_spreads,96,0.9108910891,76879,42320,34559,0.5839149149412026,0.550475422417045
best_quote_updates,all_spreads,97,0.9306930693,74073,41335,32738,0.5857471754092274,0.5580305914435759
best_quote_updates,all_spreads,98,0.9504950495,74207,41030,33177,0.5875770662146002,0.5529127979840177
best_quote_updates,all_spreads,99,0.9702970297,99540,55645,43895,0.5894045399508887,0.5590214988949166
best_quote_updates,all_spreads,100,0.9900990099,140565,81214,59351,0.5912295494742709,0.5777682922491374
best_quote_updates,one_tick,0,-0.9900990099,3849,1718,2131,0.30215066294611065,0.4463497012210964
best_quote_updates,one_tick,1,-0.9702970297,2071,668,1403,0.30546831825785314,0.3225494929985514
best_quote_updates,one_tick,2,-0.9504950495,1318,369,949,0.30880628193510457,0.27996965098634297
best_quote_updates,one_tick,3,-0.9306930693,1018,310,708,0.3121643266330994,0.3045186640471513
best_quote_updates,one_tick,4,-0.9108910891,1033,351,682,0.31554221729351306,0.33978702807357214
best_quote_updates,one_tick,5,-0.8910891089,893,340,553,0.31893971116019215,0.3807390817469205
best_quote_updates,one_tick,6,-0.8712871287,815,311,504,0.32235655780054695,0.3815950920245399
best_quote_updates,one_tick,7,-0.8514851485,776,297,479,0.3257924991326791,0.38273195876288657
best_quote_updates,one_tick,8,-0.8316831683,636,260,376,0.32924726945831023,0.4088050314465409
best_quote_updates,one_tick,9,-0.8118811881,903,315,588,0.33272059550157207,0.3488372093023256
best_quote_updates,one_tick,10,-0.7920792079,594,221,373,0.33621219645371025,0.3720538720538721
best_quote_updates,one_tick,11,-0.7722772277,578,210,368,0.339721784023748,0.3633217993079585
best_quote_updates,one_tick,12,-0.7524752475,543,214,329,0.3432490624951492,0.39410681399631675
best_quote_updates,one_tick,13,-0.7326732673,569,207,362,0.3467937287885118,0.36379613356766255
best_quote_updates,one_tick,14,-0.7128712871,565,193,372,0.3503554725303154,0.3415929203539823
best_quote_updates,one_tick,15,-0.6930693069,479,198,281,0.3539339761277396,0.4133611691022965
best_quote_updates,one_tick,16,-0.6732673267,754,287,467,0.3575289148495611,0.3806366047745358
best_quote_updates,one_tick,17,-0.6534653465,429,155,274,0.36113995691312945,0.3613053613053613
best_quote_updates,one_tick,18,-0.6336633663,502,165,337,0.3647667635774141,0.3286852589641434
best_quote_updates,one_tick,19,-0.6138613861,759,182,577,0.36840898924210536,0.23978919631093545
best_quote_updates,one_tick,20,-0.5940594059,719,282,437,0.3720662815527452,0.39221140472878996
best_quote_updates,one_tick,21,-0.5742574257,421,184,237,0.37573828151185396,0.43705463182897863
best_quote_updates,one_tick,22,-0.5544554455,419,172,247,0.3794246235960109,0.4105011933174224
best_quote_updates,one_tick,23,-0.5346534653,532,225,307,0.3831249358788386,0.42293233082706766
best_quote_updates,one_tick,24,-0.5148514851,365,159,206,0.38683884015983033,0.43561643835616437
best_quote_updates,one_tick,25,-0.495049505,675,294,381,0.3905659520800986,0.43555555555555553
best_quote_updates,one_tick,26,-0.4752475248,397,171,226,0.39430588133803157,0.43073047858942065
best_quote_updates,one_tick,27,-0.4554455446,358,155,203,0.3980582317222733,0.4329608938547486
best_quote_updates,one_tick,28,-0.4356435644,530,225,305,0.40182260133837966,0.42452830188679247
best_quote_updates,one_tick,29,-0.4158415842,378,159,219,0.4055985827468778,0.42063492063492064
best_quote_updates,one_tick,30,-0.396039604,343,149,194,0.4093857631254174,0.43440233236151604
best_quote_updates,one_tick,31,-0.3762376238,329,143,186,0.41318372443610685,0.43465045592705165
best_quote_updates,one_tick,32,-0.3564356436,350,160,190,0.4169920435979033,0.45714285714285713
best_quote_updates,one_tick,33,-0.3366336634,1286,580,706,0.42081029266392134,0.4510108864696734
best_quote_updates,one_tick,34,-0.3168316832,435,180,255,0.42463803900351643,0.41379310344827586
best_quote_updates,one_tick,35,-0.297029703,361,167,194,0.4284748454889876,0.4626038781163435
best_quote_updates,one_tick,36,-0.2772277228,361,168,193,0.4323202706867427,0.46537396121883656
best_quote_updates,one_tick,37,-0.2574257426,415,180,235,0.43617386905275546,0.43373493975903615
best_quote_updates,one_tick,38,-0.2376237624,328,149,179,0.44003519113214057,0.45426829268292684
best_quote_updates,one_tick,39,-0.2178217822,301,151,150,0.4439037837626654,0.5016611295681063
best_quote_updates,one_tick,40,-0.198019802,460,217,243,0.44777919028200774,0.4717391304347826
best_quote_updates,one_tick,41,-0.1782178218,348,158,190,0.4516609507385661,0.4540229885057471
best_quote_updates,one_tick,42,-0.1584158416,352,149,203,0.45554860210562065,0.42329545454545453
best_quote_updates,one_tick,43,-0.1386138614,416,204,212,0.4594416784986371,0.49038461538461536
best_quote_updates,one_tick,44,-0.1188118812,434,212,222,0.4633397113955019,0.48847926267281105
best_quote_updates,one_tick,45,-0.09900990099,373,179,194,0.46724222986144187,0.47989276139410186
best_quote_updates,one_tick,46,-0.07920792079,390,195,195,0.4711487607665773,0.5
best_quote_updates,one_tick,47,-0.05940594059,353,163,190,0.4750588290254489,0.46175637393767704
best_quote_updates,one_tick,48,-0.0396039604,387,187,200,0.47897195781689506,0.48320413436692505
best_quote_updates,one_tick,49,-0.0198019802,447,201,246,0.4828876688254598,0.44966442953020136
best_quote_updates,one_tick,50,0.0,4019,1935,2084,0.48680548246262945,0.48146305051007715
best_quote_updates,one_tick,51,0.0198019802,440,228,212,0.4907249181091488,0.5181818181818182
best_quote_updates,one_tick,52,0.0396039604,445,256,189,0.49464549434853594,0.5752808988764045
best_quote_updates,one_tick,53,0.05940594059,346,189,157,0.4985667292014246,0.546242774566474
best_quote_updates,one_tick,54,0.07920792079,350,188,162,0.5024881403703929,0.5371428571428571
best_quote_updates,one_tick,55,0.09900990099,373,212,161,0.5064092454653301,0.5683646112600537
best_quote_updates,one_tick,56,0.1188118812,424,237,187,0.5103295622506733,0.5589622641509434
best_quote_updates,one_tick,57,0.1386138614,372,199,173,0.5142486088726897,0.5349462365591398
best_quote_updates,one_tick,58,0.1584158416,333,187,146,0.5181659041081303,0.5615615615615616
best_quote_updates,one_tick,59,0.1782178218,344,186,158,0.5220809675924328,0.5406976744186046
best_quote_updates,one_tick,60,0.198019802,412,219,193,0.5259933200569262,0.5315533980582524
best_quote_updates,one_tick,61,0.2178217822,325,188,137,0.5299024835629127,0.5784615384615385
best_quote_updates,one_tick,62,0.2376237624,309,150,159,0.5338079817343645,0.4854368932038835
best_quote_updates,one_tick,63,0.2574257426,447,240,207,0.5377093399889965,0.5369127516778524
best_quote_updates,one_tick,64,0.2772277228,379,187,192,0.5416060857674772,0.49340369393139843
best_quote_updates,one_tick,65,0.297029703,321,178,143,0.5454977487605437,0.5545171339563862
best_quote_updates,one_tick,66,0.3168316832,361,225,136,0.5493838611337934,0.6232686980609419
best_quote_updates,one_tick,67,0.3366336634,1264,727,537,0.553263957749923,0.5751582278481012
best_quote_updates,one_tick,68,0.3564356436,356,205,151,0.5571375763881966,0.5758426966292135
best_quote_updates,one_tick,69,0.3762376238,338,193,145,0.561004257960925,0.5710059171597633
best_quote_updates,one_tick,70,0.396039604,322,190,132,0.564863546726745,0.5900621118012422
best_quote_updates,one_tick,71,0.4158415842,315,182,133,0.5687149905004937,0.5777777777777777
best_quote_updates,one_tick,72,0.4356435644,425,245,180,0.5725581408594782,0.5764705882352941
best_quote_updates,one_tick,73,0.4554455446,333,207,126,0.5763925533459454,0.6216216216216216
best_quote_updates,one_tick,74,0.4752475248,325,179,146,0.5802177876655678,0.5507692307692308
best_quote_updates,one_tick,75,0.495049505,646,377,269,0.584033407881763,0.5835913312693498
best_quote_updates,one_tick,76,0.5148514851,314,181,133,0.5878389825864814,0.5764331210191083
best_quote_updates,one_tick,77,0.5346534653,505,289,216,0.5916340851625062,0.5722772277227722
best_quote_updates,one_tick,78,0.5544554455,405,253,152,0.5954182938489524,0.6246913580246913
best_quote_updates,one_tick,79,0.5742574257,333,202,131,0.599191191994194,0.6066066066066066
best_quote_updates,one_tick,80,0.5940594059,668,436,232,0.6029523682076633,0.6526946107784432
best_quote_updates,one_tick,81,0.6138613861,363,207,156,0.6067014165258037,0.5702479338842975
best_quote_updates,one_tick,82,0.6336633663,453,261,192,0.610437936572807,0.5761589403973509
best_quote_updates,one_tick,83,0.6534653465,350,196,154,0.614161533716015,0.56
best_quote_updates,one_tick,84,0.6732673267,718,441,277,0.6178718192158779,0.6142061281337048
best_quote_updates,one_tick,85,0.6930693069,379,224,155,0.6215684103703676,0.5910290237467019
best_quote_updates,one_tick,86,0.7128712871,471,283,188,0.6252509306537546,0.6008492569002123
best_quote_updates,one_tick,87,0.7326732673,633,377,256,0.6289190098496651,0.5955766192733017
best_quote_updates,one_tick,88,0.7524752475,438,266,172,0.6325722841783424,0.6073059360730594
best_quote_updates,one_tick,89,0.7722772277,465,314,151,0.6362103964180489,0.6752688172043011
best_quote_updates,one_tick,90,0.7920792079,538,341,197,0.6398329960205497,0.6338289962825279
best_quote_updates,one_tick,91,0.8118811881,733,479,254,0.6434397392206295,0.6534788540245566
best_quote_updates,one_tick,92,0.8316831683,445,268,177,0.6470302891396056,0.6022471910112359
best_quote_updates,one_tick,93,0.8514851485,619,442,177,0.6506043158828011,0.7140549273021002
best_quote_updates,one_tick,94,0.8712871287,563,369,194,0.6541614966309607,0.655417406749556
best_quote_updates,one_tick,95,0.8910891089,646,438,208,0.6577015157255915,0.6780185758513931
best_quote_updates,one_tick,96,0.9108910891,905,609,296,0.6612240647482249,0.6729281767955801
best_quote_updates,one_tick,97,0.9306930693,774,510,264,0.6647288425935998,0.6589147286821705
best_quote_updates,one_tick,98,0.9504950495,855,557,298,0.668215555536781,0.6514619883040935
best_quote_updates,one_tick,99,0.9702970297,1051,704,347,0.6716839172942267,0.6698382492863939
best_quote_updates,one_tick,100,0.9900990099,1534,1206,328,0.6751336490788343,0.7861799217731421
best_quote_updates,over_ten_ticks,0,-0.9900990099,53423,24207,29216,0.39955567039374146,0.4531194429365629
best_quote_updates,over_ten_ticks,1,-0.9702970297,88720,40440,48280,0.40144701404034355,0.4558160504959423
best_quote_updates,over_ten_ticks,2,-0.9504950495,37314,16441,20873,0.40334129658249207,0.440612102696039
best_quote_updates,over_ten_ticks,3,-0.9306930693,34897,15896,19001,0.4052384659675728,0.455511935123363
best_quote_updates,over_ten_ticks,4,-0.9108910891,40542,18043,22499,0.40713846980479484,0.4450446450594445
best_quote_updates,over_ten_ticks,5,-0.8910891089,29399,13429,15970,0.4090412553705621,0.4567842443620531
best_quote_updates,over_ten_ticks,6,-0.8712871287,27161,12623,14538,0.41094676961392523,0.46474724789219835
best_quote_updates,over_ten_ticks,7,-0.8514851485,25401,11188,14213,0.412854959162114,0.4404551001929058
best_quote_updates,over_ten_ticks,8,-0.8316831683,18567,8342,10225,0.4147657703261488,0.44929175418753703
best_quote_updates,over_ten_ticks,9,-0.8118811881,38762,17688,21074,0.4166791491065305,0.456323203137093
best_quote_updates,over_ten_ticks,10,-0.7920792079,21744,10042,11702,0.4185950411990061,0.4618285504047093
best_quote_updates,over_ten_ticks,11,-0.7722772277,19294,8756,10538,0.4205133920004113,0.45381984036488027
best_quote_updates,over_ten_ticks,12,-0.7524752475,18557,8421,10136,0.4224341466145864,0.4537910222557525
best_quote_updates,over_ten_ticks,13,-0.7326732673,35122,15719,19403,0.4243572498583658,0.44755423950800066
best_quote_updates,over_ten_ticks,14,-0.7128712871,20518,9147,11371,0.426282646267639,0.44580368456964614
best_quote_updates,over_ten_ticks,15,-0.6930693069,15169,7103,8066,0.4282102801034823,0.4682576306941789
best_quote_updates,over_ten_ticks,16,-0.6732673267,36259,16780,19479,0.43014009535835956,0.46278165420998923
best_quote_updates,over_ten_ticks,17,-0.6534653465,13185,6117,7068,0.4320720357623906,0.4639362912400455
best_quote_updates,over_ten_ticks,18,-0.6336633663,18552,8697,9855,0.4340060447896854,0.46879042690815004
best_quote_updates,over_ten_ticks,19,-0.6138613861,14872,6990,7882,0.43594206566474414,0.47001075847229695
best_quote_updates,over_ten_ticks,20,-0.5940594059,36869,15811,21058,0.43788004136891967,0.4288426591445388
best_quote_updates,over_ten_ticks,21,-0.5742574257,14400,6750,7650,0.43981991464694253,0.46875
best_quote_updates,over_ten_ticks,22,-0.5544554455,17235,8127,9108,0.4417616280135054,0.4715404699738903
best_quote_updates,over_ten_ticks,23,-0.5346534653,32843,15268,17575,0.4437051237599073,0.46487836068568644
best_quote_updates,over_ten_ticks,24,-0.5148514851,12790,6027,6763,0.44565034396075437,0.4712275215011728
best_quote_updates,over_ten_ticks,25,-0.495049505,35749,15819,19930,0.44759723047088046,0.4425018881647039
best_quote_updates,over_ten_ticks,26,-0.4752475248,14657,6953,7704,0.44954572497149287,0.47438084191853724
best_quote_updates,over_ten_ticks,27,-0.4554455446,13819,6489,7330,0.4514957689180445,0.4695708806715392
best_quote_updates,over_ten_ticks,28,-0.4356435644,22896,10941,11955,0.45344730358646546,0.47785639412997905
best_quote_updates,over_ten_ticks,29,-0.4158415842,11600,5491,6109,0.4554002700702982,0.47336206896551725
best_quote_updates,over_ten_ticks,30,-0.396039604,12883,6056,6827,0.4573546092877068,0.4700768454552511
best_quote_updates,over_ten_ticks,31,-0.3762376238,13470,6185,7285,0.4593102619885314,0.4591685226429102
best_quote_updates,over_ten_ticks,32,-0.3564356436,14434,6617,7817,0.4612671687613868,0.4584314812248857
best_quote_updates,over_ten_ticks,33,-0.3366336634,114226,47651,66575,0.4632252700408035,0.41716421830406386
best_quote_updates,over_ten_ticks,34,-0.3168316832,15863,7651,8212,0.4651845061144068,0.4823173422429553
best_quote_updates,over_ten_ticks,35,-0.297029703,11938,5809,6129,0.4671448171301369,0.48659742000335066
best_quote_updates,over_ten_ticks,36,-0.2772277228,15104,7176,7928,0.46910614310350296,0.4751059322033898
best_quote_updates,over_ten_ticks,37,-0.2574257426,23962,11625,12337,0.47106842392487347,0.4851431433102412
best_quote_updates,over_ten_ticks,38,-0.2376237624,14008,6622,7386,0.47303159936679834,0.4727298686464877
best_quote_updates,over_ten_ticks,39,-0.2178217822,12119,5981,6138,0.47499560909136224,0.493522567868636
best_quote_updates,over_ten_ticks,40,-0.198019802,22950,10997,11953,0.4769603926575671,0.47917211328976034
best_quote_updates,over_ten_ticks,41,-0.1782178218,12430,6174,6256,0.4789258895287408,0.49670152855993566
best_quote_updates,over_ten_ticks,42,-0.1584158416,12888,6252,6636,0.4808920390799717,0.4851024208566108
best_quote_updates,over_ten_ticks,43,-0.1386138614,15620,7275,8345,0.48285878060556625,0.46574903969270165
best_quote_updates,over_ten_ticks,44,-0.1188118812,17520,8209,9311,0.4848260533265273,0.4685502283105023
best_quote_updates,over_ten_ticks,45,-0.09900990099,14529,6839,7690,0.4867937963990466,0.4707137449239452
best_quote_updates,over_ten_ticks,46,-0.07920792079,14342,6847,7495,0.4887619489180442,0.47740900850648443
best_quote_updates,over_ten_ticks,47,-0.05940594059,12086,5612,6474,0.490730449930662,0.4643389045176237
best_quote_updates,over_ten_ticks,48,-0.0396039604,16489,7774,8715,0.49269923843883856,0.47146582570198314
best_quote_updates,over_ten_ticks,49,-0.0198019802,19080,8748,10332,0.494668253411835,0.45849056603773586
best_quote_updates,over_ten_ticks,50,0.0,287976,143309,144667,0.4966374337878347,0.49764216462482985
best_quote_updates,over_ten_ticks,51,0.0198019802,25243,14061,11182,0.49860671848549226,0.557025710097849
best_quote_updates,over_ten_ticks,52,0.0396039604,17300,9161,8139,0.5005760464105165,0.5295375722543353
best_quote_updates,over_ten_ticks,53,0.05940594059,12599,6776,5823,0.5025453564622573,0.537820461941424
best_quote_updates,over_ten_ticks,54,0.07920792079,14357,7655,6702,0.5045145875452661,0.5331893849690047
best_quote_updates,over_ten_ticks,55,0.09900990099,15124,8186,6938,0.5064836785709108,0.5412589262099974
best_quote_updates,over_ten_ticks,56,0.1188118812,18251,9847,8404,0.5084525684699269,0.5395320804339488
best_quote_updates,over_ten_ticks,57,0.1386138614,15622,8435,7187,0.5104211961950206,0.5399436691844834
best_quote_updates,over_ten_ticks,58,0.1584158416,13258,6842,6416,0.512389500734403,0.5160657716095942
best_quote_updates,over_ten_ticks,59,0.1782178218,13306,6860,6446,0.5143574211153726,0.515556891627837
best_quote_updates,over_ten_ticks,60,0.198019802,22918,11576,11342,0.5163248964128575,0.505105157518108
best_quote_updates,over_ten_ticks,61,0.2178217822,12662,6484,6178,0.5182918657569532,0.5120833991470541
best_quote_updates,over_ten_ticks,62,0.2376237624,12989,6884,6105,0.5202582683404431,0.5299869120024636
best_quote_updates,over_ten_ticks,63,0.2574257426,23061,12082,10979,0.5222240434263054,0.5239148345691861
best_quote_updates,over_ten_ticks,64,0.2772277228,14724,7647,7077,0.5241891303551985,0.5193561532192339
best_quote_updates,over_ten_ticks,65,0.297029703,12027,6296,5731,0.526153468552929,0.5234888168288019
best_quote_updates,over_ten_ticks,66,0.3168316832,15247,7963,7284,0.5281169975378947,0.5222666754115564
best_quote_updates,over_ten_ticks,67,0.3366336634,124381,72244,52137,0.5300796569285049,0.5808282615512016
best_quote_updates,over_ten_ticks,68,0.3564356436,16292,9021,7271,0.5320413864505742,0.5537073410262706
best_quote_updates,over_ten_ticks,69,0.3762376238,14493,7753,6740,0.5340021259446878,0.5349479058855999
best_quote_updates,over_ten_ticks,70,0.396039604,13084,7027,6057,0.5359618153735369,0.5370681748700703
best_quote_updates,over_ten_ticks,71,0.4158415842,12336,6658,5678,0.5379203948292225,0.5397211413748378
best_quote_updates,over_ten_ticks,72,0.4356435644,21688,11380,10308,0.5398778045405244,0.5247141276281815
best_quote_updates,over_ten_ticks,73,0.4554455446,13789,7460,6329,0.5418339848801363,0.5410109507578504
best_quote_updates,over_ten_ticks,74,0.4752475248,13929,7360,6569,0.5437888763718616,0.5283939981333907
best_quote_updates,over_ten_ticks,75,0.495049505,36989,20103,16886,0.5457424196977707,0.5434859012138744
best_quote_updates,over_ten_ticks,76,0.5148514851,13187,7150,6037,0.5476945556954625,0.5422006521574277
best_quote_updates,over_ten_ticks,77,0.5346534653,34796,18792,16004,0.549645225404564,0.5400620761007012
best_quote_updates,over_ten_ticks,78,0.5544554455,17405,9326,8079,0.5515943700146078,0.5358230393565068
best_quote_updates,over_ten_ticks,79,0.5742574257,13957,7403,6554,0.553541930911455,0.5304148455971913
best_quote_updates,over_ten_ticks,80,0.5940594059,36771,21055,15716,0.5554878496743678,0.5725979712273259
best_quote_updates,over_ten_ticks,81,0.6138613861,15472,8306,7166,0.5574320680828921,0.5368407445708376
best_quote_updates,over_ten_ticks,82,0.6336633663,17810,9593,8217,0.559374528123691,0.5386299831555306
best_quote_updates,over_ten_ticks,83,0.6534653465,12786,6773,6013,0.5613151719973231,0.5297200062568435
best_quote_updates,over_ten_ticks,84,0.6732673267,35839,19093,16746,0.5632539421249667,0.5327436591422752
best_quote_updates,over_ten_ticks,85,0.6930693069,14277,7643,6634,0.5651907811550879,0.5353365552987323
best_quote_updates,over_ten_ticks,86,0.7128712871,20158,11255,8903,0.5671256319700502,0.5583391209445382
best_quote_updates,over_ten_ticks,87,0.7326732673,37176,20761,16415,0.5690584376926634,0.5584516892618894
best_quote_updates,over_ten_ticks,88,0.7524752475,18149,9909,8240,0.5709891416926735,0.5459804947931015
best_quote_updates,over_ten_ticks,89,0.7722772277,18472,10336,8136,0.572917687593188,0.559549588566479
best_quote_updates,over_ten_ticks,90,0.7920792079,20300,10940,9360,0.5748440192770378,0.5389162561576355
best_quote_updates,over_ten_ticks,91,0.8118811881,35977,19468,16509,0.576768080893073,0.541123495566612
best_quote_updates,over_ten_ticks,92,0.8316831683,18358,10015,8343,0.5786898168623923,0.5455387297091187
best_quote_updates,over_ten_ticks,93,0.8514851485,25119,13948,11171,0.580609171884503,0.5552768820414825
best_quote_updates,over_ten_ticks,94,0.8712871287,25652,13805,11847,0.5825260909434118,0.5381646655231561
best_quote_updates,over_ten_ticks,95,0.8910891089,26126,13913,12213,0.5844405193136439,0.5325346398223991
best_quote_updates,over_ten_ticks,96,0.9108910891,36999,20628,16371,0.58635240256619,0.5575285818535636
best_quote_updates,over_ten_ticks,97,0.9306930693,32307,18002,14305,0.5882616865743793,0.5572167022626675
best_quote_updates,over_ten_ticks,98,0.9504950495,34355,19304,15051,0.5901683175196765,0.5618978314655799
best_quote_updates,over_ten_ticks,99,0.9702970297,46224,25400,20824,0.5920722418974047,0.5494980962270682
best_quote_updates,over_ten_ticks,100,0.9900990099,73210,42101,31109,0.5939734065223882,0.5750717115148204
best_quote_updates,six_to_ten_ticks,0,-0.9900990099,45999,23528,22471,0.4084720770073128,0.5114893802039174
best_quote_updates,six_to_ten_ticks,1,-0.9702970297,57577,26515,31062,0.4102336744130187,0.4605137468086215
best_quote_updates,six_to_ten_ticks,2,-0.9504950495,28307,13071,15236,0.41199757757588845,0.46175857561733846
best_quote_updates,six_to_ten_ticks,3,-0.9306930693,30349,13698,16651,0.4137637441175235,0.4513493031071864
best_quote_updates,six_to_ten_ticks,4,-0.9108910891,28863,13364,15499,0.4155321314303998,0.4630149326126875
best_quote_updates,six_to_ten_ticks,5,-0.8910891089,25288,12316,12972,0.4173026966817454,0.4870294210692819
best_quote_updates,six_to_ten_ticks,6,-0.8712871287,24838,11892,12946,0.4190753968174659,0.478782510669136
best_quote_updates,six_to_ten_ticks,7,-0.8514851485,21100,9946,11154,0.42085018856611744,0.4713744075829384
best_quote_updates,six_to_ten_ticks,8,-0.8316831683,15391,7273,8118,0.4226270284429256,0.47254889220973295
best_quote_updates,six_to_ten_ticks,9,-0.8118811881,25547,11929,13618,0.4244058727538499,0.46694328101146904
best_quote_updates,six_to_ten_ticks,10,-0.7920792079,18176,8874,9302,0.4261866775996932,0.4882262323943662
best_quote_updates,six_to_ten_ticks,11,-0.7722772277,16131,7505,8626,0.427969398880255,0.4652532391048292
best_quote_updates,six_to_ten_ticks,12,-0.7524752475,15892,7628,8264,0.42975399229852757,0.47998993204127866
best_quote_updates,six_to_ten_ticks,13,-0.7326732673,25796,12895,12901,0.431540413364936,0.4998837028996744
best_quote_updates,six_to_ten_ticks,14,-0.7128712871,16853,7889,8964,0.4333286174016177,0.4681065685634605
best_quote_updates,six_to_ten_ticks,15,-0.6930693069,12299,6071,6228,0.4351185595467447,0.4936173672656314
best_quote_updates,six_to_ten_ticks,16,-0.6732673267,25168,11642,13526,0.436910194758884,0.4625715193897012
best_quote_updates,six_to_ten_ticks,17,-0.6534653465,10435,5224,5211,0.4387034778213987,0.5006229036895065
best_quote_updates,six_to_ten_ticks,18,-0.6336633663,14354,7190,7164,0.44049836334688625,0.5009056708931309
best_quote_updates,six_to_ten_ticks,19,-0.6138613861,11737,5701,6036,0.4422948057816542,0.4857288915395757
best_quote_updates,six_to_ten_ticks,20,-0.5940594059,24988,11617,13371,0.44409275941023224,0.46490315351368655
best_quote_updates,six_to_ten_ticks,21,-0.5742574257,11254,5568,5686,0.4458921783599202,0.4947574195841479
best_quote_updates,six_to_ten_ticks,22,-0.5544554455,12677,6267,6410,0.4476930166053694,0.49435986432121165
best_quote_updates,six_to_ten_ticks,23,-0.5346534653,20978,11040,9938,0.4494952279731993,0.5262656115930975
best_quote_updates,six_to_ten_ticks,24,-0.5148514851,10036,5016,5020,0.4512987661466452,0.4998007174172977
best_quote_updates,six_to_ten_ticks,25,-0.495049505,22492,10134,12358,0.4531035846611204,0.45056019918193135
best_quote_updates,six_to_ten_ticks,26,-0.4752475248,10601,5352,5249,0.4549096369453912,0.5048580322611075
best_quote_updates,six_to_ten_ticks,27,-0.4554455446,9805,4783,5022,0.4567168762716302,0.4878123406425293
best_quote_updates,six_to_ten_ticks,28,-0.4356435644,15364,7351,8013,0.4585252557966369,0.4784561312158292
best_quote_updates,six_to_ten_ticks,29,-0.4158415842,8827,4284,4543,0.46033472855752194,0.4853291038858049
best_quote_updates,six_to_ten_ticks,30,-0.396039604,9907,4701,5206,0.4621452474765313,0.4745129706268295
best_quote_updates,six_to_ten_ticks,31,-0.3762376238,10272,4913,5359,0.463956765365894,0.4782904984423676
best_quote_updates,six_to_ten_ticks,32,-0.3564356436,11009,5270,5739,0.46576923493269573,0.47869924607139613
best_quote_updates,six_to_ten_ticks,33,-0.3366336634,60111,27626,32485,0.4675826087837752,0.45958310458984214
best_quote_updates,six_to_ten_ticks,34,-0.3168316832,10392,5204,5188,0.4693968394306427,0.5007698229407236
best_quote_updates,six_to_ten_ticks,35,-0.297029703,8735,4390,4345,0.47121187929442093,0.5025758443045221
best_quote_updates,six_to_ten_ticks,36,-0.2772277228,9618,4668,4950,0.47302768071080487,0.48533998752339363
best_quote_updates,six_to_ten_ticks,37,-0.2574257426,14046,7037,7009,0.4748441959350416,0.5009967250462766
best_quote_updates,six_to_ten_ticks,38,-0.2376237624,8148,4088,4060,0.4766613771469278,0.5017182130584192
best_quote_updates,six_to_ten_ticks,39,-0.2178217822,8541,4322,4219,0.47847917645582416,0.5060297389064512
best_quote_updates,six_to_ten_ticks,40,-0.198019802,15155,7076,8079,0.480297545905686,0.4669086110194655
best_quote_updates,six_to_ten_ticks,41,-0.1782178218,7828,3913,3915,0.4821164374801076,0.49987225344915687
best_quote_updates,six_to_ten_ticks,42,-0.1584158416,9339,4509,4830,0.48393580310738166,0.4828140057822037
best_quote_updates,six_to_ten_ticks,43,-0.1386138614,10531,5128,5403,0.4857555946655692,0.48694331022694903
best_quote_updates,six_to_ten_ticks,44,-0.1188118812,11120,5389,5731,0.4875757639875832,0.4846223021582734
best_quote_updates,six_to_ten_ticks,45,-0.09900990099,9714,4658,5056,0.4893962628671989,0.47951410335598105
best_quote_updates,six_to_ten_ticks,46,-0.07920792079,9135,4316,4819,0.49121704306047903,0.47246852764094144
best_quote_updates,six_to_ten_ticks,47,-0.05940594059,8234,3883,4351,0.4930380562963986,0.4715812484819043
best_quote_updates,six_to_ten_ticks,48,-0.0396039604,10177,4767,5410,0.49485925427736444,0.4684091579050801
best_quote_updates,six_to_ten_ticks,49,-0.0198019802,10931,5154,5777,0.49668058868893405,0.47150306467843744
best_quote_updates,six_to_ten_ticks,50,0.0,97457,49440,48017,0.49850201119942517,0.5073006556737844
best_quote_updates,six_to_ten_ticks,51,0.0198019802,13904,7520,6384,0.500323473468722,0.5408515535097813
best_quote_updates,six_to_ten_ticks,52,0.0396039604,10749,5820,4929,0.5021449271524882,0.541445715880547
best_quote_updates,six_to_ten_ticks,53,0.05940594059,8534,4559,3975,0.5039663239063786,0.5342160768689946
best_quote_updates,six_to_ten_ticks,54,0.07920792079,9208,4994,4214,0.5057876153948522,0.542354474370113
best_quote_updates,six_to_ten_ticks,55,0.09900990099,9747,5195,4552,0.5076087532907819,0.5329845080537602
best_quote_updates,six_to_ten_ticks,56,0.1188118812,11506,5968,5538,0.5094296892851834,0.5186859030071267
best_quote_updates,six_to_ten_ticks,57,0.1386138614,10020,5212,4808,0.5112503750877411,0.5201596806387225
best_quote_updates,six_to_ten_ticks,58,0.1584158416,9595,5091,4504,0.5130707624374452,0.53058884835852
best_quote_updates,six_to_ten_ticks,59,0.1782178218,8033,4149,3884,0.5148908031040278,0.516494460351052
best_quote_updates,six_to_ten_ticks,60,0.198019802,14265,7532,6733,0.5167104488939884,0.5280056081317911
best_quote_updates,six_to_ten_ticks,61,0.2178217822,8815,4376,4439,0.5185296516556929,0.49642654566080546
best_quote_updates,six_to_ten_ticks,62,0.2376237624,8087,4086,4001,0.520348363284462,0.5052553480895264
best_quote_updates,six_to_ten_ticks,63,0.2574257426,13741,6809,6932,0.5221665357276504,0.49552434320646244
best_quote_updates,six_to_ten_ticks,64,0.2772277228,9175,4556,4619,0.5239841209897128,0.496566757493188
best_quote_updates,six_to_ten_ticks,65,0.297029703,8891,4562,4329,0.5258010711372583,0.5131031380047238
best_quote_updates,six_to_ten_ticks,66,0.3168316832,9938,5015,4923,0.5276173383040893,0.5046286979271484
best_quote_updates,six_to_ten_ticks,67,0.3366336634,63048,34146,28902,0.5294328746962279,0.5415873620098972
best_quote_updates,six_to_ten_ticks,68,0.3564356436,11486,6062,5424,0.5312476325969231,0.5277729409716176
best_quote_updates,six_to_ten_ticks,69,0.3762376238,10428,5329,5099,0.5330615643716429,0.5110280015343307
best_quote_updates,six_to_ten_ticks,70,0.396039604,9879,5204,4675,0.5348746224730465,0.5267739649762122
best_quote_updates,six_to_ten_ticks,71,0.4158415842,8968,4699,4269,0.5366867594459386,0.5239741302408564
best_quote_updates,six_to_ten_ticks,72,0.4356435644,14660,7640,7020,0.538497927932201,0.5211459754433834
best_quote_updates,six_to_ten_ticks,73,0.4554455446,9591,4922,4669,0.5403080806757048,0.513189448441247
best_quote_updates,six_to_ten_ticks,74,0.4752475248,9881,5016,4865,0.5421171705271979,0.507640927031677
best_quote_updates,six_to_ten_ticks,75,0.495049505,21188,11808,9380,0.5439251504491699,0.5572965829714933
best_quote_updates,six_to_ten_ticks,76,0.5148514851,9880,5162,4718,0.54573197351157,0.5224696356275303
best_quote_updates,six_to_ten_ticks,77,0.5346534653,22527,10788,11739,0.5475375929331132,0.4788919962711413
best_quote_updates,six_to_ten_ticks,78,0.5544554455,12584,6497,6087,0.5493419620313195,0.516290527654164
best_quote_updates,six_to_ten_ticks,79,0.5742574257,10687,5584,5103,0.5511450342637764,0.522503976794236
best_quote_updates,six_to_ten_ticks,80,0.5940594059,24608,13178,11430,0.5529467632237421,0.5355169050715215
best_quote_updates,six_to_ten_ticks,81,0.6138613861,12056,6513,5543,0.5547471026448445,0.5402289316522894
best_quote_updates,six_to_ten_ticks,82,0.6336633663,13617,7078,6539,0.5565460064057501,0.5197914371741206
best_quote_updates,six_to_ten_ticks,83,0.6534653465,10208,5266,4942,0.5583434285348013,0.5158699059561128
best_quote_updates,six_to_ten_ticks,84,0.6732673267,23328,12575,10753,0.5601393232146197,0.5390517832647462
best_quote_updates,six_to_ten_ticks,85,0.6930693069,11692,6021,5671,0.5619336447866761,0.5149674991447143
best_quote_updates,six_to_ten_ticks,86,0.7128712871,16546,8974,7572,0.5637263477558256,0.542366735162577
best_quote_updates,six_to_ten_ticks,87,0.7326732673,28589,14330,14259,0.5655173867948079,0.5012417363321557
best_quote_updates,six_to_ten_ticks,88,0.7524752475,15884,8460,7424,0.5673067167487081,0.5326114328884411
best_quote_updates,six_to_ten_ticks,89,0.7722772277,14877,8020,6857,0.5690942926393838,0.5390871815554211
best_quote_updates,six_to_ten_ticks,90,0.7920792079,16223,8581,7642,0.5708800696698499,0.5289403932688159
best_quote_updates,six_to_ten_ticks,91,0.8118811881,23552,12766,10786,0.5726640032286271,0.5420346467391305
best_quote_updates,six_to_ten_ticks,92,0.8316831683,14047,7401,6646,0.5744460488940482,0.5268740656367907
best_quote_updates,six_to_ten_ticks,93,0.8514851485,19841,10654,9187,0.576226162438524,0.5369689027770778
best_quote_updates,six_to_ten_ticks,94,0.8712871287,21955,11762,10193,0.578004299832768,0.5357321794579822
best_quote_updates,six_to_ten_ticks,95,0.8910891089,22096,11616,10480,0.579780417249977,0.5257060101375814
best_quote_updates,six_to_ten_ticks,96,0.9108910891,26234,14250,11984,0.581554471069969,0.543188229015781
best_quote_updates,six_to_ten_ticks,97,0.9306930693,27115,15126,11989,0.5833264178832774,0.5578462105845473
best_quote_updates,six_to_ten_ticks,98,0.9504950495,26412,14413,11999,0.5850962144951983,0.5456989247311828
best_quote_updates,six_to_ten_ticks,99,0.9702970297,34447,19405,15042,0.5868638179297939,0.5633291723517287
best_quote_updates,six_to_ten_ticks,100,0.9900990099,44466,25349,19117,0.5886291854338487,0.5700760131336302
best_quote_updates,two_to_five_ticks,0,-0.9900990099,31180,15462,15718,0.41975339089403707,0.49589480436177036
best_quote_updates,two_to_five_ticks,1,-0.9702970297,31809,14415,17394,0.4213518671078574,0.45317363010468736
best_quote_updates,two_to_five_ticks,2,-0.9504950495,16437,8094,8343,0.42295199345634543,0.4924256251140719
best_quote_updates,two_to_five_ticks,3,-0.9306930693,17606,8034,9572,0.4245537380186912,0.45632170850846304
best_quote_updates,two_to_five_ticks,4,-0.9108910891,15840,7541,8299,0.4261570687397933,0.47607323232323234
best_quote_updates,two_to_five_ticks,5,-0.8910891089,13587,6567,7020,0.4277619534327187,0.4833296533451093
best_quote_updates,two_to_five_ticks,6,-0.8712871287,13521,6239,7282,0.4293683597811853,0.4614303675763627
best_quote_updates,two_to_five_ticks,7,-0.8514851485,11691,5710,5981,0.4309762553420687,0.48840988794799417
best_quote_updates,two_to_five_ticks,8,-0.8316831683,8302,4075,4227,0.43258560754792913,0.490845579378463
best_quote_updates,two_to_five_ticks,9,-0.8118811881,14518,6827,7691,0.4341963837095618,0.47024383523901364
best_quote_updates,two_to_five_ticks,10,-0.7920792079,9591,4680,4911,0.43580855101856825,0.48795746011886143
best_quote_updates,two_to_five_ticks,11,-0.7722772277,9284,4325,4959,0.4374220765499476,0.4658552348125808
best_quote_updates,two_to_five_ticks,12,-0.7524752475,8778,4260,4518,0.43903692726471033,0.48530416951469585
best_quote_updates,two_to_five_ticks,13,-0.7326732673,14225,7697,6528,0.4406530700125103,0.5410896309314587
best_quote_updates,two_to_five_ticks,14,-0.7128712871,9119,4325,4794,0.44227047153429805,0.47428446101546223
best_quote_updates,two_to_five_ticks,15,-0.6930693069,6588,3365,3223,0.44388909846499164,0.5107771706132362
best_quote_updates,two_to_five_ticks,16,-0.6732673267,13018,6121,6897,0.4455089173361683,0.4701951144569058
best_quote_updates,two_to_five_ticks,17,-0.6534653465,5415,2816,2599,0.44712989457877345,0.5200369344413666
best_quote_updates,two_to_five_ticks,18,-0.6336633663,7089,3625,3464,0.44875199652584663,0.5113556213852447
best_quote_updates,two_to_five_ticks,19,-0.6138613861,5948,3043,2905,0.4503751894152674,0.511600537995965
best_quote_updates,two_to_five_ticks,20,-0.5940594059,12917,6260,6657,0.45199943939251574,0.48463265464117056
best_quote_updates,two_to_five_ticks,21,-0.5742574257,6060,3076,2984,0.4536247125134504,0.5075907590759076
best_quote_updates,two_to_five_ticks,22,-0.5544554455,6599,3395,3204,0.4552509747471033,0.5144718896802546
best_quote_updates,two_to_five_ticks,23,-0.5346534653,10550,5785,4765,0.4568781919784886,0.5483412322274882
best_quote_updates,two_to_five_ticks,24,-0.5148514851,4984,2534,2450,0.45850633001142777,0.5084269662921348
best_quote_updates,two_to_five_ticks,25,-0.495049505,11110,4960,6150,0.4601353545631602,0.4464446444644464
best_quote_updates,two_to_five_ticks,26,-0.4752475248,5150,2636,2514,0.461765231300107,0.5118446601941747
best_quote_updates,two_to_five_ticks,27,-0.4554455446,4754,2428,2326,0.4633959257913793,0.5107278081615482
best_quote_updates,two_to_five_ticks,28,-0.4356435644,7922,3844,4078,0.4650274035445594,0.4852310022721535
best_quote_updates,two_to_five_ticks,29,-0.4158415842,4341,2198,2143,0.46665963000036986,0.506334945865008
best_quote_updates,two_to_five_ticks,30,-0.396039604,4790,2408,2382,0.46829257053557816,0.502713987473904
best_quote_updates,two_to_five_ticks,31,-0.3762376238,4859,2407,2452,0.46992619046591305,0.49536941757563285
best_quote_updates,two_to_five_ticks,32,-0.3564356436,5058,2410,2648,0.47156045504899236,0.4764729141953341
best_quote_updates,two_to_five_ticks,33,-0.3366336634,28595,13046,15549,0.4731953294872605,0.456233607273999
best_quote_updates,two_to_five_ticks,34,-0.3168316832,4916,2450,2466,0.4748307789309372,0.4983726606997559
best_quote_updates,two_to_five_ticks,35,-0.297029703,4670,2345,2325,0.47646676848097474,0.5021413276231264
best_quote_updates,two_to_five_ticks,36,-0.2772277228,5235,2488,2747,0.4781032631920243,0.4752626552053486
best_quote_updates,two_to_five_ticks,37,-0.2574257426,7287,3827,3460,0.47974022807541106,0.5251818306573349
best_quote_updates,two_to_five_ticks,38,-0.2376237624,4064,2023,2041,0.4813776281021171,0.49778543307086615
best_quote_updates,two_to_five_ticks,39,-0.2178217822,4282,2257,2025,0.4830154282057712,0.5270901447921532
best_quote_updates,two_to_five_ticks,40,-0.198019802,7430,3368,4062,0.48465359328564656,0.45329744279946166
best_quote_updates,two_to_five_ticks,41,-0.1782178218,3925,1924,2001,0.48629208820966335,0.49019108280254775
best_quote_updates,two_to_five_ticks,42,-0.1584158416,4960,2436,2524,0.48793087781739747,0.49112903225806454
best_quote_updates,two_to_five_ticks,43,-0.1386138614,5269,2652,2617,0.4895699269230958,0.5033213133421902
best_quote_updates,two_to_five_ticks,44,-0.1188118812,5629,2752,2877,0.49120920031869364,0.48889678450879376
best_quote_updates,two_to_five_ticks,45,-0.09900990099,4632,2149,2483,0.4928486627776666,0.4639464594127807
best_quote_updates,two_to_five_ticks,46,-0.07920792079,4490,2105,2385,0.4944882790547441,0.4688195991091314
best_quote_updates,two_to_five_ticks,47,-0.05940594059,3946,1953,1993,0.4961280138939073,0.49493157627977696
best_quote_updates,two_to_five_ticks,48,-0.0396039604,4702,2317,2385,0.4977678320272806,0.49276903445342407
best_quote_updates,two_to_five_ticks,49,-0.0198019802,4544,2199,2345,0.4994076981823054,0.48393485915492956
best_quote_updates,two_to_five_ticks,50,0.0,38206,18842,19364,0.5010475770798066,0.4931686122598545
best_quote_updates,two_to_five_ticks,51,0.0198019802,5899,3175,2724,0.502687433440341,0.5382268181047635
best_quote_updates,two_to_five_ticks,52,0.0396039604,4757,2473,2284,0.5043272319864044,0.519865461425268
best_quote_updates,two_to_five_ticks,53,0.05940594059,3955,2057,1898,0.5059669374446395,0.5201011378002528
best_quote_updates,two_to_five_ticks,54,0.07920792079,4523,2495,2028,0.5076065145521828,0.5516250276365244
best_quote_updates,two_to_five_ticks,55,0.09900990099,4743,2515,2228,0.5092459280547291,0.5302551127978073
best_quote_updates,two_to_five_ticks,56,0.1188118812,5784,3102,2682,0.5108851427137029,0.5363070539419087
best_quote_updates,two_to_five_ticks,57,0.1386138614,5544,2841,2703,0.5125241233051475,0.5124458874458875
best_quote_updates,two_to_five_ticks,58,0.1584158416,4689,2480,2209,0.5141628346277176,0.5288974194924291
best_quote_updates,two_to_five_ticks,59,0.1782178218,3980,2038,1942,0.5158012415023893,0.5120603015075377
best_quote_updates,two_to_five_ticks,60,0.198019802,6635,3626,3009,0.5174393087763058,0.5464958553127355
best_quote_updates,two_to_five_ticks,61,0.2178217822,4388,2193,2195,0.5190770013257904,0.4997721057429353
best_quote_updates,two_to_five_ticks,62,0.2376237624,3935,1996,1939,0.520714284059353,0.5072426937738247
best_quote_updates,two_to_five_ticks,63,0.2574257426,7109,3426,3683,0.522351121920693,0.4819243212828809
best_quote_updates,two_to_five_ticks,64,0.2772277228,4731,2379,2352,0.523987479891693,0.50285351934052
best_quote_updates,two_to_five_ticks,65,0.297029703,4556,2371,2185,0.5256233229954081,0.5204126426690079
best_quote_updates,two_to_five_ticks,66,0.3168316832,4911,2641,2270,0.5272586162990458,0.537772347790674
best_quote_updates,two_to_five_ticks,67,0.3366336634,31656,17099,14557,0.5288933249169394,0.5401503664392217
best_quote_updates,two_to_five_ticks,68,0.3564356436,5225,2678,2547,0.5305274140135114,0.5125358851674641
best_quote_updates,two_to_five_ticks,69,0.3762376238,4866,2417,2449,0.5321608488062288,0.49671187833949854
best_quote_updates,two_to_five_ticks,70,0.396039604,4862,2528,2334,0.5337935945685485,0.5199506375976964
best_quote_updates,two_to_five_ticks,71,0.4158415842,4316,2140,2176,0.535425616632852,0.49582947173308617
best_quote_updates,two_to_five_ticks,72,0.4356435644,7319,3683,3636,0.5370568803933707,0.5032108211504304
best_quote_updates,two_to_five_ticks,73,0.4554455446,4763,2422,2341,0.5386873513090984,0.5085030442998111
best_quote_updates,two_to_five_ticks,74,0.4752475248,4738,2341,2397,0.5403169949066934,0.4940903334740397
best_quote_updates,two_to_five_ticks,75,0.495049505,9546,5237,4309,0.5419457767833676,0.5486067462811649
best_quote_updates,two_to_five_ticks,76,0.5148514851,4692,2240,2452,0.5435736626015443,0.4774083546462063
best_quote_updates,two_to_five_ticks,77,0.5346534653,11506,5027,6479,0.5452006181246012,0.43690248565965584
best_quote_updates,two_to_five_ticks,78,0.5544554455,6064,2996,3068,0.5468266091703937,0.4940633245382586
best_quote_updates,two_to_five_ticks,79,0.5742574257,5219,2587,2632,0.5484516016469793,0.4956888292776394
best_quote_updates,two_to_five_ticks,80,0.5940594059,12494,6542,5952,0.5500755615472138,0.5236113334400512
best_quote_updates,two_to_five_ticks,81,0.6138613861,5968,2925,3043,0.5516984549515584,0.49011394101876676
best_quote_updates,two_to_five_ticks,82,0.6336633663,6508,3176,3332,0.5533202480308675,0.4880147510755993
best_quote_updates,two_to_five_ticks,83,0.6534653465,5553,2537,3016,0.5549409070491639,0.4568701602737259
best_quote_updates,two_to_five_ticks,84,0.6732673267,11861,6229,5632,0.5565603983663937,0.525166512098474
best_quote_updates,two_to_five_ticks,85,0.6930693069,6170,3201,2969,0.558178688441168,0.5188006482982171
best_quote_updates,two_to_five_ticks,86,0.7128712871,8507,4513,3994,0.5597957438334835,0.5305042905842248
best_quote_updates,two_to_five_ticks,87,0.7326732673,16138,7322,8816,0.5614115312074268,0.4537117362746313
best_quote_updates,two_to_five_ticks,88,0.7524752475,7985,4067,3918,0.5630260173338604,0.5093299937382593
best_quote_updates,two_to_five_ticks,89,0.7722772277,7806,4227,3579,0.5646391690930885,0.5415065334358186
best_quote_updates,two_to_five_ticks,90,0.7920792079,8080,4136,3944,0.566250953477505,0.5118811881188119
best_quote_updates,two_to_five_ticks,91,0.8118811881,12789,6935,5854,0.5678613375942201,0.54226288216436
best_quote_updates,two_to_five_ticks,92,0.8316831683,6973,3585,3388,0.5694702886676676,0.5141259142406425
best_quote_updates,two_to_five_ticks,93,0.8514851485,10819,5605,5214,0.5710777740421911,0.5180700619280895
best_quote_updates,two_to_five_ticks,94,0.8712871287,11283,6062,5221,0.5726837611846096,0.5372684569706638
best_quote_updates,two_to_five_ticks,95,0.8910891089,11018,5736,5282,0.5742882176867612,0.5206026502087493
best_quote_updates,two_to_five_ticks,96,0.9108910891,12741,6833,5908,0.5758911112680243,0.5363001334275175
best_quote_updates,two_to_five_ticks,97,0.9306930693,13877,7697,6180,0.5774924097778179,0.5546587879224616
best_quote_updates,two_to_five_ticks,98,0.9504950495,12585,6756,5829,0.5790920811980779,0.5368295589988081
best_quote_updates,two_to_five_ticks,99,0.9702970297,17818,10136,7682,0.5806900936457111,0.5688629475810978
best_quote_updates,two_to_five_ticks,100,0.9900990099,21355,12558,8797,0.5822864153750251,0.5880590025755092
